dataset,model,rows,positives,negatives,ap,auroc,unique_scores,minimum,maximum
validation,exact-degree,165742,82871,82871,0.5,0.5,1,0.0,0.0
validation,homology-degree,165742,82871,82871,0.5003003559952808,0.50058307268334,5,0.0,0.017061751571072783
validation,sequence-propensity,165742,82871,82871,0.499647373241016,0.49949154513117094,164989,-0.03303365695376957,0.050236730044276964
validation,interolog,165742,82871,82871,0.500512479688521,0.5004466113810501,156,0.0,0.11664846105831628
validation,ipin-esm2,165742,82871,82871,0.6153270385052271,0.6132522083261864,15339,-3.359375,3.921875
validation,ipin-esmc,165742,82871,82871,0.5924616586439035,0.5951247546851189,12822,-1.95703125,2.359375
original,exact-degree,52048,26024,26024,0.5,0.5,1,0.0,0.0
original,homology-degree,52048,26024,26024,0.5032639846478452,0.5057087953183087,28,0.0,0.2138555702066829
original,sequence-propensity,52048,26024,26024,0.5016395396466858,0.5015946080040189,52048,-0.03449152866258817,0.044842986135023195
original,interolog,52048,26024,26024,0.503425696660081,0.5034592881890386,221,0.0,0.5880941991881645
original,ipin-esm2,52048,26024,26024,0.6916702247450888,0.6963706432363175,8734,-3.3046875,3.8671875
original,ipin-esmc,52048,26024,26024,0.68712355468542,0.698133943363212,6878,-1.96484375,2.3359375
original,native-plm,52048,26024,26024,0.6903188517540065,0.699466898546864,7525,-2.859375,3.53125
ilp,exact-degree,52048,26024,26024,0.5,0.5,1,0.0,0.0
ilp,homology-degree,52048,26024,26024,0.5006681294588808,0.500863601668171,30,0.0,0.2138555702066829
ilp,sequence-propensity,52048,26024,26024,0.5006003176588236,0.5004399344798327,52048,-0.032484756081128954,0.044842986135023195
ilp,interolog,52048,26024,26024,0.5021624751553334,0.502289277607872,282,0.0,0.5880941991881645
ilp,ipin-esm2,52048,26024,26024,0.6570375666117783,0.666915406699947,8635,-3.3828125,3.8671875
ilp,ipin-esmc,52048,26024,26024,0.6451922680356897,0.6636847716310295,6790,-1.96875,2.3359375
ilp,native-plm,52048,26024,26024,0.6377147642604218,0.6503870965688084,7407,-2.859375,3.53125
