model,mean_ap,mean_auroc
v5:exact-degree,0.09090909090909091,0.5
v5:homology-degree,0.07492317243262095,0.35895001130000004
v5:sequence-propensity,0.08513205241767553,0.4843798871000001
v5:interolog,0.20706712908337987,0.5698019816000001
bernett:exact-degree,0.09373593594469036,0.5021200008
bernett:homology-degree,0.11887072666780611,0.5583812583000001
bernett:sequence-propensity,0.10573176363854131,0.5430099158999999
bernett:interolog,0.1414758445710908,0.5294743276
ipin-esm2,0.14974975401026341,0.5471494879
ipin-esmc,0.12309922330741377,0.5044861588
v2-capped,0.3167103476477978,0.6821278733
v2-clean-bce,0.3465714833169189,0.7566884983
native-plm,0.22340711763357018,0.6226597104
