dataset,model,reference,metric,difference,low,high
mouse,bernett:exact-degree,v5:exact-degree,ap,0.014134225177997214,0.006332238169472976,0.027594951792540408
mouse,bernett:exact-degree,v5:exact-degree,auroc,0.01060000399999994,0.0010118057979822297,0.02004556853538503
mouse,v5:exact-degree,ipin-esm2,ap,-0.11821389726831003,-0.14585151568895172,-0.0934059176189226
mouse,v5:exact-degree,ipin-esm2,auroc,-0.12535760800000006,-0.14461812161484008,-0.1036363978964546
mouse,v5:exact-degree,ipin-esmc,ap,-0.0859170629998697,-0.11560693489751761,-0.06339063738007833
mouse,v5:exact-degree,ipin-esmc,auroc,-0.13306178800000001,-0.15393270477128937,-0.11215699478933504
mouse,bernett:exact-degree,v2-capped,ap,-0.22354265729497974,-0.2606969397864526,-0.18550219347579827
mouse,bernett:exact-degree,v2-capped,auroc,-0.20868549600000008,-0.2328543306854564,-0.18571793408710435
mouse,bernett:exact-degree,v2-clean-bce,ap,-0.21620068607585835,-0.25591733694670127,-0.17685032000891315
mouse,bernett:exact-degree,v2-clean-bce,auroc,-0.24443624800000008,-0.2633930594781583,-0.226891001151832
mouse,bernett:exact-degree,native-plm,ap,-0.17007773754817734,-0.20447449245031896,-0.13185394735565162
mouse,bernett:exact-degree,native-plm,auroc,-0.187672724,-0.21176772993280776,-0.16636318230174943
mouse,bernett:homology-degree,v5:homology-degree,ap,0.01882981822876889,0.01027111286577555,0.02757207068781634
mouse,bernett:homology-degree,v5:homology-degree,auroc,0.09739071200000005,0.06488061411290143,0.12786331517068933
mouse,v5:homology-degree,ipin-esm2,ap,-0.12425039062995108,-0.15263143143058086,-0.10002039445799034
mouse,v5:homology-degree,ipin-esm2,auroc,-0.1684110900000001,-0.20015367352440333,-0.1346100207303069
mouse,v5:homology-degree,ipin-esmc,ap,-0.09195355636151076,-0.11978908153068192,-0.0686854316903168
mouse,v5:homology-degree,ipin-esmc,auroc,-0.17611527000000005,-0.20340377454002975,-0.1456132282685401
mouse,bernett:homology-degree,v2-capped,ap,-0.2248835576058491,-0.26109347642672953,-0.19072979383162242
mouse,bernett:homology-degree,v2-capped,auroc,-0.16494827,-0.19452040650422972,-0.1376016571031787
mouse,bernett:homology-degree,v2-clean-bce,ap,-0.21754158638672771,-0.2569516724352559,-0.17922742468766686
mouse,bernett:homology-degree,v2-clean-bce,auroc,-0.200699022,-0.225874185330983,-0.17490850188775156
mouse,bernett:homology-degree,native-plm,ap,-0.1714186378590467,-0.20614296501741794,-0.1362445020567095
mouse,bernett:homology-degree,native-plm,auroc,-0.14393549799999994,-0.17179715534838402,-0.11612001136127187
mouse,bernett:sequence-propensity,v5:sequence-propensity,ap,0.008092506236985944,-0.002135288517358593,0.01880890139821704
mouse,bernett:sequence-propensity,v5:sequence-propensity,auroc,0.021829172000000008,-0.00912537554263126,0.054516651927425386
mouse,v5:sequence-propensity,ipin-esm2,ap,-0.11859075579343589,-0.14489670364935323,-0.09434785481290443
mouse,v5:sequence-propensity,ipin-esm2,auroc,-0.12428700200000009,-0.1537584162008119,-0.09626181111287613
mouse,v5:sequence-propensity,ipin-esmc,ap,-0.08629392152499557,-0.11436985123390725,-0.06361465328786076
mouse,v5:sequence-propensity,ipin-esmc,auroc,-0.13199118200000004,-0.1600284389303376,-0.10521524068307588
mouse,bernett:sequence-propensity,v2-capped,ap,-0.22996123476111685,-0.26687139856261377,-0.19296313720023753
mouse,bernett:sequence-propensity,v2-capped,auroc,-0.19638572200000004,-0.23086518891252142,-0.16424961869238053
mouse,bernett:sequence-propensity,v2-clean-bce,ap,-0.22261926354199546,-0.2640992291533797,-0.18364183634959197
mouse,bernett:sequence-propensity,v2-clean-bce,auroc,-0.23213647400000004,-0.26040183552459545,-0.20169864383324793
mouse,bernett:sequence-propensity,native-plm,ap,-0.17649631501431445,-0.21177576549881297,-0.14135822102292164
mouse,bernett:sequence-propensity,native-plm,auroc,-0.17537294999999997,-0.20718170822002901,-0.1424415685565203
mouse,bernett:interolog,v5:interolog,ap,-0.09386486097611679,-0.12033064745848186,-0.06713819986518187
mouse,bernett:interolog,v5:interolog,auroc,-0.058484749999999974,-0.07361444722082712,-0.04336477138444237
mouse,v5:interolog,ipin-esm2,ap,0.055473049843748234,0.021881162519412738,0.08802192583534325
mouse,v5:interolog,ipin-esm2,auroc,-0.0195568960000001,-0.04227452366196154,0.0039689336590831535
mouse,v5:interolog,ipin-esmc,ap,0.08776988411218856,0.04996511669036213,0.12498340628175253
mouse,v5:interolog,ipin-esmc,auroc,-0.02726107600000005,-0.052642788532730224,-0.0015137000968596277
mouse,bernett:interolog,v2-capped,ap,-0.15785479633703547,-0.1957918931601405,-0.12213197055227389
mouse,bernett:interolog,v2-capped,auroc,-0.17196953800000003,-0.19616057869285367,-0.15154780897927722
mouse,bernett:interolog,v2-clean-bce,ap,-0.15051282511791408,-0.1922209357411031,-0.10890024642242613
mouse,bernett:interolog,v2-clean-bce,auroc,-0.20772029000000003,-0.22671531042256657,-0.18939605158228007
mouse,bernett:interolog,native-plm,ap,-0.10438987659023308,-0.14203887022242945,-0.06701567003407875
mouse,bernett:interolog,native-plm,auroc,-0.15095676599999996,-0.17134555286874933,-0.13065617005659574
fly,bernett:exact-degree,v5:exact-degree,ap,0.0,0.0,0.0
fly,bernett:exact-degree,v5:exact-degree,auroc,0.0,0.0,0.0
fly,v5:exact-degree,ipin-esm2,ap,-0.09547327014840426,-0.12778456969224194,-0.0674704281895355
fly,v5:exact-degree,ipin-esm2,auroc,-0.111377646,-0.14527093647162684,-0.08198153628603089
fly,v5:exact-degree,ipin-esmc,ap,-0.06216833286067455,-0.09723213820245831,-0.03697881806809361
fly,v5:exact-degree,ipin-esmc,auroc,-0.07263995199999995,-0.10605740234606226,-0.03931386641909804
fly,bernett:exact-degree,v2-capped,ap,-0.28856374567977827,-0.33760647948405276,-0.23892171646355115
fly,bernett:exact-degree,v2-capped,auroc,-0.22371860799999999,-0.251966111254712,-0.19403174635297213
fly,bernett:exact-degree,v2-clean-bce,ap,-0.2888795462784447,-0.3419115478215754,-0.2402552255060504
fly,bernett:exact-degree,v2-clean-bce,auroc,-0.286114224,-0.3081126810627238,-0.2628112573411517
fly,bernett:exact-degree,native-plm,ap,-0.21080454275457175,-0.2583500174764286,-0.17059618029663415
fly,bernett:exact-degree,native-plm,auroc,-0.19395765399999998,-0.2212491005728735,-0.16554324672677598
fly,bernett:homology-degree,v5:homology-degree,ap,0.05467097899451784,0.04132716544132462,0.07421289172566164
fly,bernett:homology-degree,v5:homology-degree,auroc,0.25433224399999993,0.21797035148421504,0.2947604126037053
fly,v5:homology-degree,ipin-esm2,ap,-0.11515249989557483,-0.1487170836395324,-0.08646427799486907
fly,v5:homology-degree,ipin-esm2,auroc,-0.287028566,-0.33286527896747287,-0.24391718348712646
fly,v5:homology-degree,ipin-esmc,ap,-0.08184756260784512,-0.11660706486739648,-0.05613579059927635
fly,v5:homology-degree,ipin-esmc,auroc,-0.24829087199999994,-0.29548457494009284,-0.2071627436004415
fly,bernett:homology-degree,v2-capped,ap,-0.253571996432431,-0.2984250869896009,-0.20607867141614547
fly,bernett:homology-degree,v2-capped,auroc,-0.14503728400000004,-0.17924216277508076,-0.10879587218414503
fly,bernett:homology-degree,v2-clean-bce,ap,-0.25388779703109743,-0.30205196687542096,-0.20401633486953963
fly,bernett:homology-degree,v2-clean-bce,auroc,-0.20743290000000003,-0.2372024149147848,-0.1727829350690082
fly,bernett:homology-degree,native-plm,ap,-0.17581279350722448,-0.22230081226066045,-0.13366498003444996
fly,bernett:homology-degree,native-plm,auroc,-0.11527633000000004,-0.15245558468244813,-0.08038157014254894
fly,bernett:sequence-propensity,v5:sequence-propensity,ap,0.031413455869289744,0.016536846903780687,0.04907650768279166
fly,bernett:sequence-propensity,v5:sequence-propensity,auroc,0.07841879199999985,0.03760971260496695,0.11416193923027068
fly,v5:sequence-propensity,ipin-esm2,ap,-0.09836886834844762,-0.1327996477822337,-0.06901303597713954
fly,v5:sequence-propensity,ipin-esm2,auroc,-0.11198983599999995,-0.1588100051285398,-0.06939109648457704
fly,v5:sequence-propensity,ipin-esmc,ap,-0.06506393106071791,-0.10078182576336785,-0.03832408199588269
fly,v5:sequence-propensity,ipin-esmc,auroc,-0.07325214199999991,-0.12259926121040762,-0.030273648605313307
fly,bernett:sequence-propensity,v2-capped,ap,-0.2600458880105319,-0.3102492416354134,-0.21192146150954708
fly,bernett:sequence-propensity,v2-capped,auroc,-0.1459120060000001,-0.1812660284407529,-0.10935076381072246
fly,bernett:sequence-propensity,v2-clean-bce,ap,-0.26036168860919834,-0.3114627517590962,-0.21300261334906015
fly,bernett:sequence-propensity,v2-clean-bce,auroc,-0.20830762200000008,-0.24400577329857442,-0.17439167409854292
fly,bernett:sequence-propensity,native-plm,ap,-0.18228668508532536,-0.23065721970341857,-0.1391985550441553
fly,bernett:sequence-propensity,native-plm,auroc,-0.11615105200000009,-0.1572604267091697,-0.07923034471529694
fly,bernett:interolog,v5:interolog,ap,-0.08477031301293478,-0.11346667832269691,-0.05823178552765067
fly,bernett:interolog,v5:interolog,auroc,-0.05336738799999996,-0.06824576610068137,-0.03933403833991768
fly,v5:interolog,ipin-esm2,ap,0.06155472106278159,0.025113995936751846,0.09949435110638895
fly,v5:interolog,ipin-esm2,auroc,-0.015555042000000019,-0.0477261077789841,0.017628689515525438
fly,v5:interolog,ipin-esmc,ap,0.0948596583505113,0.049290334179736196,0.13800722573122007
fly,v5:interolog,ipin-esmc,auroc,0.023182652000000026,-0.010383701315182126,0.05977309237111356
fly,bernett:interolog,v2-capped,ap,-0.21630606748152723,-0.26718953624700814,-0.16586916332436843
fly,bernett:interolog,v2-capped,auroc,-0.18126339199999997,-0.21164428075380853,-0.1535507584014933
fly,bernett:interolog,v2-clean-bce,ap,-0.21662186808019365,-0.2720225358421694,-0.16216308233180876
fly,bernett:interolog,v2-clean-bce,auroc,-0.24365900799999995,-0.26706073850919826,-0.21876177298651583
fly,bernett:interolog,native-plm,ap,-0.13854686455632068,-0.186268811747029,-0.09341175918711081
fly,bernett:interolog,native-plm,auroc,-0.15150243799999996,-0.17838518785692273,-0.12153893478447128
worm,bernett:exact-degree,v5:exact-degree,ap,0.0,0.0,0.0
worm,bernett:exact-degree,v5:exact-degree,auroc,0.0,0.0,0.0
worm,v5:exact-degree,ipin-esm2,ap,-0.0450021906592567,-0.06583451796719077,-0.027267494070361446
worm,v5:exact-degree,ipin-esm2,auroc,-0.05528952600000003,-0.08331508329743544,-0.024624710930776707
worm,v5:exact-degree,ipin-esmc,ap,-0.01185749317304155,-0.02334669285800342,-0.002548232713412852
worm,v5:exact-degree,ipin-esmc,auroc,-0.023885826,-0.05411770054441344,0.010689176093222487
worm,bernett:exact-degree,v2-capped,ap,-0.18494219064582765,-0.22115067668812877,-0.14535939907216106
worm,bernett:exact-degree,v2-capped,auroc,-0.14487643800000005,-0.17474579237778998,-0.11346206967296794
worm,bernett:exact-degree,v2-clean-bce,ap,-0.18030312985733635,-0.21332281135723868,-0.14197497161828543
worm,bernett:exact-degree,v2-clean-bce,auroc,-0.22067249999999994,-0.2414612787475361,-0.19597915555221457
worm,bernett:exact-degree,native-plm,ap,-0.09469389571737749,-0.12301979262353108,-0.07314525320139072
worm,bernett:exact-degree,native-plm,auroc,-0.11757416800000009,-0.14150959522433398,-0.09102137903890353
worm,bernett:homology-degree,v5:homology-degree,ap,0.06540725888994767,0.05086594763853671,0.08465302077660299
worm,bernett:homology-degree,v5:homology-degree,auroc,0.31145725599999996,0.2766503418232488,0.3555370828403582
worm,v5:homology-degree,ipin-esm2,ap,-0.06861504596818135,-0.08878071201592178,-0.04988156165614748
worm,v5:homology-degree,ipin-esm2,auroc,-0.30110034399999996,-0.3348075562302203,-0.2624127838523421
worm,v5:homology-degree,ipin-esmc,ap,-0.0354703484819662,-0.04677139871691605,-0.02573579528178339
worm,v5:homology-degree,ipin-esmc,auroc,-0.26969664399999993,-0.3077012215986469,-0.23197571973555317
worm,bernett:homology-degree,v2-capped,ap,-0.14314778706480463,-0.17891221824494224,-0.10096186946995124
worm,bernett:homology-degree,v2-capped,auroc,-0.07923000000000002,-0.1157622357285049,-0.03779579315620248
worm,bernett:homology-degree,v2-clean-bce,ap,-0.13850872627631333,-0.17278652922712048,-0.09852919624827465
worm,bernett:homology-degree,v2-clean-bce,auroc,-0.1550260619999999,-0.18691330443298132,-0.11990957979535721
worm,bernett:homology-degree,native-plm,ap,-0.052899492136354476,-0.07739308189885272,-0.025069480579733832
worm,bernett:homology-degree,native-plm,auroc,-0.05192773000000006,-0.0857840781376651,-0.01309970524662991
worm,bernett:sequence-propensity,v5:sequence-propensity,ap,0.03184315799112361,0.01781188155017722,0.04702686938194297
worm,bernett:sequence-propensity,v5:sequence-propensity,auroc,0.10508786799999992,0.06755610704733672,0.1402844279148508
worm,v5:sequence-propensity,ipin-esm2,ap,-0.05998227082127125,-0.08152449056201354,-0.041377839405339165
worm,v5:sequence-propensity,ipin-esm2,auroc,-0.11352352399999999,-0.15332097640890646,-0.07774640924498362
worm,v5:sequence-propensity,ipin-esmc,ap,-0.026837573335056097,-0.03783199411822283,-0.016675411583500627
worm,v5:sequence-propensity,ipin-esmc,auroc,-0.08211982399999995,-0.12733491795806506,-0.04262491578743451
worm,bernett:sequence-propensity,v2-capped,ap,-0.16807911281671858,-0.20729218152682782,-0.12594504281821586
worm,bernett:sequence-propensity,v2-capped,auroc,-0.09802256800000009,-0.14285160738352407,-0.05408491628896521
worm,bernett:sequence-propensity,v2-clean-bce,ap,-0.16344005202822728,-0.19455878300428403,-0.12474127007676444
worm,bernett:sequence-propensity,v2-clean-bce,auroc,-0.17381862999999997,-0.2061767986426095,-0.1412732359626181
worm,bernett:sequence-propensity,native-plm,ap,-0.07783081788826843,-0.1084109795801777,-0.048408998574776735
worm,bernett:sequence-propensity,native-plm,auroc,-0.07072029800000013,-0.11120647398965162,-0.02589218600228865
worm,bernett:interolog,v5:interolog,ap,-0.08618197917083373,-0.1139336608560685,-0.05874854776966724
worm,bernett:interolog,v5:interolog,auroc,-0.05047169200000001,-0.06530667570179709,-0.03603253709973742
worm,v5:interolog,ipin-esm2,ap,0.11160385082036697,0.08060312464424814,0.1403989688320438
worm,v5:interolog,ipin-esm2,auroc,0.034573586000000045,0.004579144310673215,0.06584238522603882
worm,v5:interolog,ipin-esmc,ap,0.14474854830658213,0.1153169564001397,0.1747216208246626
worm,v5:interolog,ipin-esmc,auroc,0.06597728600000008,0.032058123896751126,0.1004273217883058
worm,bernett:interolog,v2-capped,ap,-0.1145181283370377,-0.1525063157611318,-0.07678783918963515
worm,bernett:interolog,v2-capped,auroc,-0.10548501799999999,-0.13430215689555383,-0.07581401173800051
worm,bernett:interolog,v2-clean-bce,ap,-0.1098790675485464,-0.14743838289581193,-0.06752988197473016
worm,bernett:interolog,v2-clean-bce,auroc,-0.18128107999999987,-0.20336420233783942,-0.15512640148383908
worm,bernett:interolog,native-plm,ap,-0.024269833408587543,-0.051442077032127644,-0.0007122648875348199
worm,bernett:interolog,native-plm,auroc,-0.07818274800000002,-0.10258717900948006,-0.05493907233696671
yeast,bernett:exact-degree,v5:exact-degree,ap,0.0,0.0,0.0
yeast,bernett:exact-degree,v5:exact-degree,auroc,0.0,0.0,0.0
yeast,v5:exact-degree,ipin-esm2,ap,-0.04573268027960126,-0.06398286326688257,-0.030839754766439405
yeast,v5:exact-degree,ipin-esm2,auroc,-0.06801072200000002,-0.09464681965530988,-0.04176063144372942
yeast,v5:exact-degree,ipin-esmc,ap,-0.02561399364433778,-0.04253522840355794,-0.013800320783318196
yeast,v5:exact-degree,ipin-esmc,auroc,-0.017971627999999962,-0.050398260513908784,0.010060420858736993
yeast,bernett:exact-degree,v2-capped,ap,-0.19572634867003616,-0.2340947167972406,-0.15789484205929344
yeast,bernett:exact-degree,v2-capped,auroc,-0.18806880800000003,-0.21542446990338399,-0.16151960402056922
yeast,bernett:exact-degree,v2-clean-bce,ap,-0.14561227234975005,-0.18208502182423036,-0.11636718853298851
yeast,bernett:exact-degree,v2-clean-bce,auroc,-0.22794307800000002,-0.24924535702903683,-0.20661959343570108
yeast,bernett:exact-degree,native-plm,ap,-0.10647110820057001,-0.13927010829590278,-0.08184723441218952
yeast,bernett:exact-degree,native-plm,auroc,-0.11959440200000004,-0.14920404411108154,-0.09244280876188968
yeast,bernett:homology-degree,v5:homology-degree,ap,0.03630309814191772,0.02352161283811071,0.05267409108728582
yeast,bernett:homology-degree,v5:homology-degree,auroc,0.190134248,0.15464920382537944,0.22803551042169187
yeast,v5:homology-degree,ipin-esm2,ap,-0.06360172160839857,-0.08158856924170865,-0.04828547102467451
yeast,v5:homology-degree,ipin-esm2,auroc,-0.21847765799999996,-0.25202646455001215,-0.1869436752047143
yeast,v5:homology-degree,ipin-esmc,ap,-0.04348303497313509,-0.05983802426314362,-0.03118436970099057
yeast,v5:homology-degree,ipin-esmc,auroc,-0.1684385639999999,-0.20291413781771692,-0.13791987585904777
yeast,bernett:homology-degree,v2-capped,ap,-0.17729229185691575,-0.2166185406466743,-0.13908995615627764
yeast,bernett:homology-degree,v2-capped,auroc,-0.14840149599999997,-0.18100880021196875,-0.1168936272580372
yeast,bernett:homology-degree,v2-clean-bce,ap,-0.12717821553662964,-0.16137634785257368,-0.09365597480097994
yeast,bernett:homology-degree,v2-clean-bce,auroc,-0.18827576599999996,-0.21742182970503662,-0.15915137815401645
yeast,bernett:homology-degree,native-plm,ap,-0.0880370513874496,-0.12191211880733573,-0.060700135021249775
yeast,bernett:homology-degree,native-plm,auroc,-0.07992708999999998,-0.1150609732213275,-0.04643579062433035
yeast,bernett:sequence-propensity,v5:sequence-propensity,ap,0.015375947022018902,0.006860836452219572,0.026385991449253597
yeast,bernett:sequence-propensity,v5:sequence-propensity,auroc,0.056280211999999996,0.022649502064351068,0.0905089038994235
yeast,v5:sequence-propensity,ipin-esm2,ap,-0.057899441427582105,-0.07635234723078166,-0.040998894829289916
yeast,v5:sequence-propensity,ipin-esm2,auroc,-0.10413049200000002,-0.1439550735581908,-0.0635433998706823
yeast,v5:sequence-propensity,ipin-esmc,ap,-0.03778075479231863,-0.05527923678932632,-0.02486672000262825
yeast,v5:sequence-propensity,ipin-esmc,auroc,-0.05409139799999996,-0.09879397951151643,-0.014121236741768094
yeast,bernett:sequence-propensity,v2-capped,ap,-0.19251716279599812,-0.22978113599753372,-0.15389685071084266
yeast,bernett:sequence-propensity,v2-capped,auroc,-0.16790836600000003,-0.201474317363496,-0.1307134936577012
yeast,bernett:sequence-propensity,v2-clean-bce,ap,-0.14240308647571198,-0.17842747798575154,-0.11270461206207902
yeast,bernett:sequence-propensity,v2-clean-bce,auroc,-0.20778263600000002,-0.2376512325400627,-0.1757211175925924
yeast,bernett:sequence-propensity,native-plm,ap,-0.10326192232653196,-0.13497057595299114,-0.0777237906777522
yeast,bernett:sequence-propensity,native-plm,auroc,-0.09943396000000004,-0.13562687684897146,-0.06042682423566071
yeast,bernett:interolog,v5:interolog,ap,-0.050442037412379626,-0.07190511722973737,-0.031661696595752936
yeast,bernett:interolog,v5:interolog,auroc,-0.03148883999999996,-0.04218737854454344,-0.02220965428196942
yeast,v5:interolog,ipin-esm2,ap,0.028783171593668,0.0037946008654460624,0.05243946614263044
yeast,v5:interolog,ipin-esm2,auroc,-0.021787942000000005,-0.04921552271600858,0.004896496750430062
yeast,v5:interolog,ipin-esmc,ap,0.04890185822893148,0.02138343532801906,0.07590276881555286
yeast,v5:interolog,ipin-esmc,auroc,0.028251152000000057,-0.006696568028801164,0.0596114193512885
yeast,bernett:interolog,v2-capped,ap,-0.17165253420914653,-0.20858952169492928,-0.13454941263602338
yeast,bernett:interolog,v2-capped,auroc,-0.17333486799999998,-0.20011695389398645,-0.14834335114571298
yeast,bernett:interolog,v2-clean-bce,ap,-0.12153845788886042,-0.15721950671691803,-0.08892318885824159
yeast,bernett:interolog,v2-clean-bce,auroc,-0.21320913799999996,-0.23363483507274488,-0.1913072857654232
yeast,bernett:interolog,native-plm,ap,-0.08239729373968038,-0.11330097112647806,-0.05613566014532538
yeast,bernett:interolog,native-plm,auroc,-0.10486046199999999,-0.13315183284689275,-0.07794011808001103
ecoli,bernett:exact-degree,v5:exact-degree,ap,0.0,0.0,0.0
ecoli,bernett:exact-degree,v5:exact-degree,auroc,0.0,0.0,0.0
ecoli,v5:exact-degree,ipin-esm2,ap,0.010218722849709802,-0.011628691945242955,0.02675761690635534
ecoli,v5:exact-degree,ipin-esm2,auroc,0.12428806250000002,0.06154638872239581,0.17812599893517278
ecoli,v5:exact-degree,ipin-esmc,ap,0.024606220686309327,0.008639137253581862,0.04127238866998787
ecoli,v5:exact-degree,ipin-esmc,auroc,0.2251284,0.15243370437281503,0.2876705455871305
ecoli,bernett:exact-degree,v2-capped,ap,-0.2220971162249155,-0.31354716944979216,-0.1340207592586768
ecoli,bernett:exact-degree,v2-capped,auroc,-0.1346900125,-0.18699240891080704,-0.0800086165884802
ecoli,bernett:exact-degree,v2-clean-bce,ap,-0.4331821022997532,-0.53488080836906,-0.31076444911448003
ecoli,bernett:exact-degree,v2-clean-bce,auroc,-0.29367643749999994,-0.3354392493148027,-0.2438559155798844
ecoli,bernett:exact-degree,native-plm,ap,-0.06630862422370279,-0.13067774951916591,-0.022195012867494483
ecoli,bernett:exact-degree,native-plm,auroc,0.016100400000000015,-0.04929046809786102,0.08202734173975697
ecoli,bernett:homology-degree,v5:homology-degree,ap,0.044526616920773754,0.015971775218324574,0.09008985877655805
ecoli,bernett:homology-degree,v5:homology-degree,auroc,0.14384177500000006,0.07472530222117728,0.2099056678289801
ecoli,v5:homology-degree,ipin-esm2,ap,-0.0025132497861064113,-0.02398778056733623,0.01212991552758285
ecoli,v5:homology-degree,ipin-esm2,auroc,0.034020275000000044,-0.04588290924618104,0.09868908460781985
ecoli,v5:homology-degree,ipin-esmc,ap,0.011874248050493114,-0.0018040564702765521,0.027256794710602435
ecoli,v5:homology-degree,ipin-esmc,auroc,0.13486061250000003,0.0546582533621238,0.20857374294498163
ecoli,bernett:homology-degree,v2-capped,ap,-0.19030247193995795,-0.28494715595145254,-0.0958891335167667
ecoli,bernett:homology-degree,v2-capped,auroc,-0.08111602499999992,-0.15385948152248968,-0.01080911735891101
ecoli,bernett:homology-degree,v2-clean-bce,ap,-0.4013874580147957,-0.5015728939887046,-0.2773715438537538
ecoli,bernett:homology-degree,v2-clean-bce,auroc,-0.24010244999999986,-0.29775955337295357,-0.1807761236485837
ecoli,bernett:homology-degree,native-plm,ap,-0.03451397993874525,-0.09896385086214987,0.026579674984665517
ecoli,bernett:homology-degree,native-plm,auroc,0.0696743875000001,-0.007870907392355074,0.14561738459280377
ecoli,bernett:sequence-propensity,v5:sequence-propensity,ap,0.01627348898491067,-0.012610562514614487,0.05644683326731466
ecoli,bernett:sequence-propensity,v5:sequence-propensity,auroc,0.03153410000000012,-0.048682284320449666,0.11263520082449557
ecoli,v5:sequence-propensity,ipin-esm2,ap,0.01175282842779754,-0.013966068082984777,0.041414428423515365
ecoli,v5:sequence-propensity,ipin-esm2,auroc,0.14008284999999998,0.04734153148286747,0.22947508518130758
ecoli,v5:sequence-propensity,ipin-esmc,ap,0.026140326264397065,0.0038015241439817143,0.05532861583060363
ecoli,v5:sequence-propensity,ipin-esmc,auroc,0.24092318749999997,0.1440916620442881,0.33972813065522783
ecoli,bernett:sequence-propensity,v2-capped,ap,-0.20428952166191708,-0.29067179474984567,-0.1248864287311405
ecoli,bernett:sequence-propensity,v2-capped,auroc,-0.08736112499999993,-0.1654801233506749,-0.015027786016249448
ecoli,bernett:sequence-propensity,v2-clean-bce,ap,-0.41537450773675477,-0.5038878519029139,-0.3045551753905791
ecoli,bernett:sequence-propensity,v2-clean-bce,auroc,-0.24634754999999986,-0.30451819935720087,-0.19141805210335597
ecoli,bernett:sequence-propensity,native-plm,ap,-0.04850102966070438,-0.113424774446491,0.009984445583860729
ecoli,bernett:sequence-propensity,native-plm,auroc,0.0634292875000001,-0.024593153853000867,0.14635974846733685
ecoli,bernett:interolog,v5:interolog,ap,-0.012697231989180532,-0.028448429647556835,0.00024023570373701863
ecoli,bernett:interolog,v5:interolog,auroc,-0.007825599999999988,-0.016720311951207465,-0.0002663313828484454
ecoli,v5:interolog,ipin-esm2,ap,0.029172082045017547,0.0051169842306515384,0.05292459604608428
ecoli,v5:interolog,ipin-esm2,auroc,0.13558876249999996,0.07156405123105047,0.18951440765459548
ecoli,v5:interolog,ipin-esmc,ap,0.04355957988161707,0.024593328720406323,0.06637144523030314
ecoli,v5:interolog,ipin-esmc,auroc,0.23642909999999995,0.16676237650321535,0.30208521656240517
ecoli,bernett:interolog,v2-capped,ap,-0.2158409890187883,-0.30962891402984133,-0.12536759459474986
ecoli,bernett:interolog,v2-capped,auroc,-0.13121491250000006,-0.18531595233925266,-0.0773081344455742
ecoli,bernett:interolog,v2-clean-bce,ap,-0.426925975093626,-0.5282836149825362,-0.29921258105993476
ecoli,bernett:interolog,v2-clean-bce,auroc,-0.2902013375,-0.3334302338195997,-0.24054728959432964
ecoli,bernett:interolog,native-plm,ap,-0.060052497017575576,-0.12500341523987057,-0.014653597352087015
ecoli,bernett:interolog,native-plm,auroc,0.019575499999999968,-0.04565215575988467,0.08684143787812194
