dataset,model,metric,estimate,low,high
mouse,v5:exact-degree,ap,0.09090909090909091,0.08290356053817936,0.09877561252472464
mouse,v5:exact-degree,auroc,0.5,0.5,0.5
mouse,v5:homology-degree,ap,0.08487259754744986,0.07744671751860084,0.09376260392752106
mouse,v5:homology-degree,auroc,0.45694651799999997,0.4346828598103387,0.4793813861324667
mouse,v5:sequence-propensity,ap,0.09053223238396504,0.08131019159146365,0.10157204705742098
mouse,v5:sequence-propensity,auroc,0.501070606,0.4765813447635853,0.5247970336750312
mouse,v5:interolog,ap,0.26459603802114917,0.23685478614440478,0.29063542078431986
mouse,v5:interolog,auroc,0.605800712,0.591035705530997,0.6198858539591939
mouse,bernett:exact-degree,ap,0.10504331608708813,0.09341710432235148,0.12271557954441566
mouse,bernett:exact-degree,auroc,0.5106000039999999,0.5010118057979822,0.5200455685353851
mouse,bernett:homology-degree,ap,0.10370241577621875,0.09336498426518273,0.11641004775157339
mouse,bernett:homology-degree,auroc,0.55433723,0.5331706590313408,0.5759009965990451
mouse,bernett:sequence-propensity,ap,0.09862473862095099,0.08669505574651605,0.11254662740364237
mouse,bernett:sequence-propensity,auroc,0.522899778,0.4979861045045243,0.5470259587331621
mouse,bernett:interolog,ap,0.17073117704503238,0.15312099775057678,0.18784980037332205
mouse,bernett:interolog,auroc,0.547315962,0.537684858920023,0.556447243953113
mouse,ipin-esm2,ap,0.20912298817740094,0.182015264560574,0.23750377282166413
mouse,ipin-esm2,auroc,0.6253576080000001,0.6036363978964546,0.6446181216148401
mouse,ipin-esmc,ap,0.17682615390896061,0.14985359296451015,0.20674887808391923
mouse,ipin-esmc,auroc,0.633061788,0.612156994789335,0.6539327047712894
mouse,v2-capped,ap,0.32858597338206785,0.2917620532990422,0.36619522764956663
mouse,v2-capped,auroc,0.7192855,0.6973588412243771,0.7426486010754252
mouse,v2-clean-bce,ap,0.32124400216294646,0.2805036425381075,0.3639382593813991
mouse,v2-clean-bce,auroc,0.755036252,0.7373844001751977,0.7726023291759492
mouse,native-plm,ap,0.27512105363526546,0.23844289935555452,0.3118548795769055
mouse,native-plm,auroc,0.698272728,0.6788516367853746,0.7189712591424474
fly,v5:exact-degree,ap,0.09090909090909091,0.08104574591018071,0.10109815820823996
fly,v5:exact-degree,auroc,0.5,0.5,0.5
fly,v5:homology-degree,ap,0.07122986116192034,0.06346938852974414,0.08024087271526255
fly,v5:homology-degree,auroc,0.32434908,0.2982669712204877,0.3483545791005463
fly,v5:sequence-propensity,ap,0.08801349270904756,0.07735434688119787,0.10069199890516155
fly,v5:sequence-propensity,auroc,0.49938781000000004,0.4721146259751679,0.5261901732350739
fly,v5:interolog,ap,0.24793708212027676,0.21854895871705518,0.28494520852012056
fly,v5:interolog,auroc,0.595822604,0.581120211223451,0.6133070308470265
fly,bernett:exact-degree,ap,0.09090909090909091,0.08104574591018071,0.10109815820823996
fly,bernett:exact-degree,auroc,0.5,0.5,0.5
fly,bernett:homology-degree,ap,0.12590084015643818,0.1082236177223401,0.14770981843167097
fly,bernett:homology-degree,auroc,0.5786813239999999,0.5545121681526183,0.6041531348039921
fly,bernett:sequence-propensity,ap,0.1194269485783373,0.10188341435516096,0.14185514771300603
fly,bernett:sequence-propensity,auroc,0.5778066019999999,0.5500387209196681,0.6043359946067075
fly,bernett:interolog,ap,0.16316676910734199,0.14316267751248457,0.18672634746728062
fly,bernett:interolog,auroc,0.542455216,0.5327236412890483,0.553558780288613
fly,ipin-esm2,ap,0.18638236105749517,0.15564625710764465,0.22285472738890091
fly,ipin-esm2,auroc,0.611377646,0.5819815362860309,0.6452709364716268
fly,ipin-esmc,ap,0.15307742376976546,0.12478967670104069,0.18993149476773502
fly,ipin-esmc,auroc,0.572639952,0.5393138664190981,0.6060574023460622
fly,v2-capped,ap,0.3794728365888692,0.328613258848504,0.4316510516185769
fly,v2-capped,auroc,0.723718608,0.6940317463529722,0.751966111254712
fly,v2-clean-bce,ap,0.37978863718753564,0.32570941714832596,0.43728091971922767
fly,v2-clean-bce,auroc,0.786114224,0.7628112573411516,0.8081126810627238
fly,native-plm,ap,0.30171363366366266,0.2572091331929467,0.35087249714173707
fly,native-plm,auroc,0.693957654,0.665543246726776,0.7212491005728735
worm,v5:exact-degree,ap,0.09090909090909091,0.07997045248898235,0.10184322018654227
worm,v5:exact-degree,auroc,0.5,0.5,0.5
worm,v5:homology-degree,ap,0.06729623560016626,0.0590896845144946,0.07609490455053278
worm,v5:homology-degree,auroc,0.25418918200000007,0.2306699051709263,0.27550102455722836
worm,v5:sequence-propensity,ap,0.07592901074707636,0.06578346999949729,0.08758538138471407
worm,v5:sequence-propensity,auroc,0.44176600200000005,0.41544850071568024,0.46841821370324116
worm,v5:interolog,ap,0.2475151323887146,0.21627555341641558,0.2793871231362371
worm,v5:interolog,auroc,0.5898631120000001,0.5748920655758096,0.606403221458433
worm,bernett:exact-degree,ap,0.09090909090909091,0.07997045248898235,0.10184322018654227
worm,bernett:exact-degree,auroc,0.5,0.5,0.5
worm,bernett:homology-degree,ap,0.13270349449011393,0.11438714815663194,0.1564886879146228
worm,bernett:homology-degree,auroc,0.565646438,0.540763545871961,0.5935010310358705
worm,bernett:sequence-propensity,ap,0.10777216873819997,0.08855086547513402,0.12911097709618766
worm,bernett:sequence-propensity,auroc,0.54685387,0.5158613093207824,0.5734635061302621
worm,bernett:interolog,ap,0.16133315321788086,0.140878020845385,0.18129800131258791
worm,bernett:interolog,auroc,0.5393914200000001,0.5302499889014888,0.5507453382615893
worm,ipin-esm2,ap,0.1359112815683476,0.11744937788156237,0.1576223383093027
worm,ipin-esm2,auroc,0.555289526,0.5246247109307767,0.5833150832974354
worm,ipin-esmc,ap,0.10276658408213246,0.09104750627536344,0.11657276180176065
worm,ipin-esmc,auroc,0.523885826,0.4893108239067775,0.5541177005444134
worm,v2-capped,ap,0.27585128155491856,0.23136214549659678,0.3164978751739355
worm,v2-capped,auroc,0.644876438,0.6134620696729679,0.67474579237779
worm,v2-clean-bce,ap,0.27121222076642726,0.2308311894418169,0.31017564173359913
worm,v2-clean-bce,auroc,0.7206724999999999,0.6959791555522146,0.7414612787475361
worm,native-plm,ap,0.1856029866264684,0.15987684661998763,0.214392308536111
worm,native-plm,auroc,0.6175741680000001,0.5910213790389035,0.6415095952243339
yeast,v5:exact-degree,ap,0.09090909090909091,0.08189010888602975,0.10057801079247052
yeast,v5:exact-degree,auroc,0.5,0.5,0.5
yeast,v5:homology-degree,ap,0.0730400495802936,0.06543007343151241,0.08087583617344196
yeast,v5:homology-degree,auroc,0.34953306400000006,0.32673836475660506,0.3733467168212905
yeast,v5:sequence-propensity,ap,0.07874232976111006,0.0699760438166405,0.08893837149193455
yeast,v5:sequence-propensity,auroc,0.46388023,0.43642636233382776,0.489484918898635
yeast,v5:interolog,ap,0.16542494278236017,0.1434594577630407,0.19425639076242382
yeast,v5:interolog,auroc,0.54622278,0.5360509026024166,0.5590250510020943
yeast,bernett:exact-degree,ap,0.09090909090909091,0.08189010888602975,0.10057801079247052
yeast,bernett:exact-degree,auroc,0.5,0.5,0.5
yeast,bernett:homology-degree,ap,0.10934314772221132,0.0945657991556737,0.12820333784848878
yeast,bernett:homology-degree,auroc,0.5396673120000001,0.5171379123356767,0.5629554516503473
yeast,bernett:sequence-propensity,ap,0.09411827678312897,0.08127818207889254,0.10949013715416851
yeast,bernett:sequence-propensity,auroc,0.520160442,0.4970664071757911,0.5461861818415077
yeast,bernett:interolog,ap,0.11498290536998054,0.10234625505964097,0.12982633395239587
yeast,bernett:interolog,auroc,0.5147339400000001,0.5097869409938476,0.5211330771748658
yeast,ipin-esm2,ap,0.13664177118869217,0.11931223302834368,0.158261211327831
yeast,ipin-esm2,auroc,0.568010722,0.5417606314437294,0.5946468196553099
yeast,ipin-esmc,ap,0.11652308455342869,0.10318659624892494,0.13551680820432885
yeast,ipin-esmc,auroc,0.517971628,0.489939579141263,0.5503982605139087
yeast,v2-capped,ap,0.28663543957912707,0.24441891162276272,0.32682888102686153
yeast,v2-capped,auroc,0.688068808,0.6615196040205692,0.715424469903384
yeast,v2-clean-bce,ap,0.23652136325884096,0.20052098195860585,0.2769996761037803
yeast,v2-clean-bce,auroc,0.727943078,0.706619593435701,0.7492453570290368
yeast,native-plm,ap,0.19738019910966093,0.1691539128069472,0.23151572638090817
yeast,native-plm,auroc,0.619594402,0.5924428087618896,0.6492040441110816
ecoli,v5:exact-degree,ap,0.09090909090909091,0.06957935085200867,0.11872072633046683
ecoli,v5:exact-degree,auroc,0.5,0.5,0.5
ecoli,v5:homology-degree,ap,0.0781771182732747,0.05946176105849976,0.10227466399238515
ecoli,v5:homology-degree,auroc,0.4097322125,0.36317819303969767,0.45665810606466306
ecoli,v5:sequence-propensity,ap,0.09244319648717865,0.06651487147478893,0.13637358369863106
ecoli,v5:sequence-propensity,auroc,0.5157947875,0.4577346278712861,0.5779525628493104
ecoli,v5:interolog,ap,0.10986245010439866,0.08472942736710153,0.14173078465160133
ecoli,v5:interolog,auroc,0.5113006999999999,0.5041804469499729,0.5202306031374906
ecoli,bernett:exact-degree,ap,0.09090909090909091,0.06957935085200867,0.11872072633046683
ecoli,bernett:exact-degree,auroc,0.5,0.5,0.5
ecoli,bernett:homology-degree,ap,0.12270373519404845,0.08456663801708945,0.1788797594430437
ecoli,bernett:homology-degree,auroc,0.5535739875000001,0.5174620051384706,0.589005785443829
ecoli,bernett:sequence-propensity,ap,0.10871668547208932,0.07285016401781147,0.16438390308720977
ecoli,bernett:sequence-propensity,auroc,0.5473288875000001,0.4855838264248931,0.605792253840362
ecoli,bernett:interolog,ap,0.09716521811521812,0.07489569541487373,0.12366467761175333
ecoli,bernett:interolog,auroc,0.5034751,0.5005201724228169,0.5090077677308126
ecoli,ipin-esm2,ap,0.08069036805938111,0.06535418180496334,0.1032745096382087
ecoli,ipin-esm2,auroc,0.3757119375,0.3218740010648272,0.4384536112776042
ecoli,ipin-esmc,ap,0.06630287022278158,0.0542808671918476,0.08102129178593591
ecoli,ipin-esmc,auroc,0.2748716,0.2123294544128694,0.34756629562718494
ecoli,v2-capped,ap,0.3130062071340064,0.2095848316089618,0.4147287130628767
ecoli,v2-capped,auroc,0.6346900125,0.5800086165884801,0.686992408910807
ecoli,v2-clean-bce,ap,0.5240911932088441,0.38307842206110454,0.6504986423952849
ecoli,v2-clean-bce,auroc,0.7936764374999999,0.7438559155798844,0.8354392493148026
ecoli,native-plm,ap,0.1572177151327937,0.10206753753840873,0.23627104568580162
ecoli,native-plm,auroc,0.4838996,0.417972658260243,0.549290468097861
