dataset,label,pairs,no_hit_fallback,pairs_matching_zero_for_hit_plus_fallback_for_nohit,fraction_matching_fallback_ordering,zero_unmatched_endpoints,one_unmatched_endpoint,two_unmatched_endpoints,median_homology_degree_score,mean_homology_degree_score
mouse,1,5000,0.00010136396017853736,4836,0.9672,2058,2117,825,0.00010136396017853736,-0.0011030111934038746
mouse,0,50000,0.00010136396017853736,49597,0.99194,16377,24595,9028,0.00010136396017853736,0.0006263458634896081
fly,1,5000,0.00010136396017853736,4942,0.9884,1677,2279,1044,0.00010136396017853736,0.00034658283437590166
fly,0,50000,0.00010136396017853736,49684,0.99368,5152,21550,23298,0.00010136396017853736,0.0003232697617096835
worm,1,5000,0.00010136396017853736,4899,0.9798,1651,2252,1097,0.00010136396017853736,4.006457071764156e-05
worm,0,50000,0.00010136396017853736,49830,0.9966,2209,16606,31185,0.00020272792035707472,0.00032535948024223145
yeast,1,5000,0.00010136396017853736,4907,0.9814,925,2196,1879,0.00010136396017853736,-0.0005344023045452792
yeast,0,50000,0.00010136396017853736,49771,0.99542,2004,15966,32030,0.00020272792035707472,-2.8953449470262664e-05
ecoli,1,2000,0.00010136396017853736,1995,0.9975,104,565,1331,0.00020272792035707472,4.070428699049894e-05
ecoli,0,20000,0.00010136396017853736,19978,0.9989,140,3056,16804,0.00020272792035707472,0.0001317894531237529
