dataset,subset,model,rows,positives,prevalence,ap,auroc,unique_scores,minimum,maximum
human-validation,all_rows,exact-degree,52725,4794,0.09092460881934566,0.8360138743588236,0.963460067714674,21033,-10.751456616187443,4.3211638892701805
human-validation,all_rows,homology-degree,52725,4794,0.09092460881934566,0.8360138743588236,0.963460067714674,21033,-10.751456616187443,4.3211638892701805
human-validation,all_rows,sequence-propensity,52725,4794,0.09092460881934566,0.6517631669176844,0.917540878689935,52722,-8.556542786159925,0.22526813483294097
human-validation,all_rows,interolog,52725,4794,0.09092460881934566,0.401344156971162,0.6735086467947724,999,0.0,1.0
human-validation,excluding_train_pair_overlap,exact-degree,52636,4783,0.09086936697317426,0.836077900902309,0.9635093774251559,20991,-10.751456616187443,4.3211638892701805
human-validation,excluding_train_pair_overlap,homology-degree,52636,4783,0.09086936697317426,0.836077900902309,0.9635093774251559,20991,-10.751456616187443,4.3211638892701805
human-validation,excluding_train_pair_overlap,sequence-propensity,52636,4783,0.09086936697317426,0.6513455321755138,0.9175645758014958,52633,-8.556542786159925,0.22526813483294097
human-validation,excluding_train_pair_overlap,interolog,52636,4783,0.09086936697317426,0.4041641324575468,0.6732179756948613,998,0.0,0.998
human-validation,unique_pairs_without_conflicts,exact-degree,52722,4794,0.09092978263343576,0.8360139868566342,0.9634582723410662,21033,-10.751456616187443,4.3211638892701805
human-validation,unique_pairs_without_conflicts,homology-degree,52722,4794,0.09092978263343576,0.8360139868566342,0.9634582723410662,21033,-10.751456616187443,4.3211638892701805
human-validation,unique_pairs_without_conflicts,sequence-propensity,52722,4794,0.09092978263343576,0.6517928116928643,0.9175469155617726,52722,-8.556542786159925,0.22526813483294097
human-validation,unique_pairs_without_conflicts,interolog,52722,4794,0.09092978263343576,0.4013475317138945,0.6735086246042683,999,0.0,1.0
mouse,all_rows,exact-degree,55000,5000,0.09090909090909091,0.15898075537249912,0.5366741140000001,377,-5.271288694160118,3.255239815397034
mouse,all_rows,homology-degree,55000,5000,0.09090909090909091,0.6674886119955261,0.9203453100000001,50567,-9.319374133000306,3.7776749528970672
mouse,all_rows,sequence-propensity,55000,5000,0.09090909090909091,0.4853976708251526,0.836986218,54964,-8.324679179941178,0.32539812130962353
mouse,all_rows,interolog,55000,5000,0.09090909090909091,0.7224246964512324,0.8484294880000001,3129,0.0,1.0
mouse,all_rows,native-human,55000,5000,0.09090909090909091,0.908412121613771,0.9829699979999998,54375,-11.294849395751953,9.508479118347168
mouse,all_rows,tuna-human,55000,5000,0.09090909090909091,0.8831988813816839,0.977400784,54906,-15.563828468322754,8.119729042053223
mouse,excluding_train_pair_overlap,exact-degree,54930,4930,0.08975059166211542,0.14321350860993742,0.5311092068965516,307,-5.271288694160118,3.255239815397034
mouse,excluding_train_pair_overlap,homology-degree,54930,4930,0.08975059166211542,0.6587899442664984,0.9192229290060852,50498,-9.319374133000306,3.7776749528970672
mouse,excluding_train_pair_overlap,sequence-propensity,54930,4930,0.08975059166211542,0.4733835172670297,0.8347661196754564,54894,-8.324679179941178,0.06617698755468354
mouse,excluding_train_pair_overlap,interolog,54930,4930,0.08975059166211542,0.718031108569417,0.8462773711967545,3128,0.0,0.998
mouse,excluding_train_pair_overlap,native-human,54930,4930,0.08975059166211542,0.9059950805934913,0.9827344563894523,54305,-11.294849395751953,9.508479118347168
mouse,excluding_train_pair_overlap,tuna-human,54930,4930,0.08975059166211542,0.8802124032108587,0.9770888681541583,54836,-15.563828468322754,8.119729042053223
mouse,unique_pairs_without_conflicts,exact-degree,54965,4997,0.09091239879923588,0.15867182177422184,0.5364123493308278,377,-5.271288694160118,3.255239815397034
mouse,unique_pairs_without_conflicts,homology-degree,54965,4997,0.09091239879923588,0.667308977915867,0.9203146447586772,50566,-9.319374133000306,3.7776749528970672
mouse,unique_pairs_without_conflicts,sequence-propensity,54965,4997,0.09091239879923588,0.48516831598637594,0.8369886605354184,54963,-8.324679179941178,0.32539812130962353
mouse,unique_pairs_without_conflicts,interolog,54965,4997,0.09091239879923588,0.7224567984301751,0.8484426831250848,3128,0.0,1.0
mouse,unique_pairs_without_conflicts,native-human,54965,4997,0.09091239879923588,0.9085402805618996,0.9829730371043632,54374,-11.294849395751953,9.508479118347168
mouse,unique_pairs_without_conflicts,tuna-human,54965,4997,0.09091239879923588,0.8831784816132804,0.9773964863227896,54905,-15.563828468322754,8.119729042053223
mouse,excluding_exact_train_endpoints,exact-degree,52311,4001,0.07648486933914474,0.07648486933914474,0.5,1,0.0,0.0
mouse,excluding_exact_train_endpoints,homology-degree,52311,4001,0.07648486933914474,0.6085292230146235,0.9116156947101457,48089,-9.319374133000306,3.5433125179780696
mouse,excluding_exact_train_endpoints,sequence-propensity,52311,4001,0.07648486933914474,0.38552481217929946,0.8125828820170243,52278,-8.324679179941178,0.06617698755468354
mouse,excluding_exact_train_endpoints,interolog,52311,4001,0.07648486933914474,0.7079647581472923,0.8430478723726231,2727,0.0,0.99301
mouse,excluding_exact_train_endpoints,native-human,52311,4001,0.07648486933914474,0.8885983600822556,0.9810914793553732,51712,-11.294849395751953,9.508479118347168
mouse,excluding_exact_train_endpoints,tuna-human,52311,4001,0.07648486933914474,0.8564393294625067,0.9748842777920713,52221,-15.563828468322754,8.119729042053223
fly,all_rows,exact-degree,55000,5000,0.09090909090909091,0.09108967445450583,0.501090328,3,-3.044522437723423,0.0
fly,all_rows,homology-degree,55000,5000,0.09090909090909091,0.7223426394278644,0.9359505100000001,23408,-9.076107916435323,3.7065790312133373
fly,all_rows,sequence-propensity,55000,5000,0.09090909090909091,0.426248864832136,0.8203471739999999,54924,-8.003547141283596,0.38738169713197934
fly,all_rows,interolog,55000,5000,0.09090909090909091,0.6318700538383701,0.800874142,3063,0.0,0.8257882997648661
fly,all_rows,native-human,55000,5000,0.09090909090909091,0.9167559419559641,0.98339589,54537,-11.263481616973877,9.501873970031738
fly,all_rows,tuna-human,55000,5000,0.09090909090909091,0.8550181449190795,0.970950582,54861,-14.774628639221191,7.8344292640686035
fly,excluding_train_pair_overlap,exact-degree,55000,5000,0.09090909090909091,0.09108967445450583,0.501090328,3,-3.044522437723423,0.0
fly,excluding_train_pair_overlap,homology-degree,55000,5000,0.09090909090909091,0.7223426394278644,0.9359505100000001,23408,-9.076107916435323,3.7065790312133373
fly,excluding_train_pair_overlap,sequence-propensity,55000,5000,0.09090909090909091,0.426248864832136,0.8203471739999999,54924,-8.003547141283596,0.38738169713197934
fly,excluding_train_pair_overlap,interolog,55000,5000,0.09090909090909091,0.6318700538383701,0.800874142,3063,0.0,0.8257882997648661
fly,excluding_train_pair_overlap,native-human,55000,5000,0.09090909090909091,0.9167559419559641,0.98339589,54537,-11.263481616973877,9.501873970031738
fly,excluding_train_pair_overlap,tuna-human,55000,5000,0.09090909090909091,0.8550181449190795,0.970950582,54861,-14.774628639221191,7.8344292640686035
fly,unique_pairs_without_conflicts,exact-degree,54923,4998,0.0910001274511589,0.09119778981683281,0.5011921343399653,3,-3.044522437723423,0.0
fly,unique_pairs_without_conflicts,homology-degree,54923,4998,0.0910001274511589,0.7228021120319817,0.9359669255784437,23407,-9.076107916435323,3.7065790312133373
fly,unique_pairs_without_conflicts,sequence-propensity,54923,4998,0.0910001274511589,0.4264800888011754,0.8203615427142315,54923,-8.003547141283596,0.38738169713197934
fly,unique_pairs_without_conflicts,interolog,54923,4998,0.0910001274511589,0.6321288469234069,0.8009054478075658,3062,0.0,0.8257882997648661
fly,unique_pairs_without_conflicts,native-human,54923,4998,0.0910001274511589,0.917267283729185,0.9834219436397494,54536,-11.263481616973877,9.501873970031738
fly,unique_pairs_without_conflicts,tuna-human,54923,4998,0.0910001274511589,0.8555938801228787,0.9709921504906419,54860,-14.774628639221191,7.8344292640686035
fly,excluding_exact_train_endpoints,exact-degree,54858,4997,0.0910897225564184,0.0910897225564184,0.5,1,0.0,0.0
fly,excluding_exact_train_endpoints,homology-degree,54858,4997,0.0910897225564184,0.722835096564898,0.9359658192781737,23332,-9.076107916435323,3.7065790312133373
fly,excluding_exact_train_endpoints,sequence-propensity,54858,4997,0.0910897225564184,0.4268318087676667,0.8206079039413379,54783,-8.003547141283596,0.38738169713197934
fly,excluding_exact_train_endpoints,interolog,54858,4997,0.0910897225564184,0.6327886343565257,0.8009694988891212,3061,0.0,0.8257882997648661
fly,excluding_exact_train_endpoints,native-human,54858,4997,0.0910897225564184,0.9168789108650895,0.9833975734912478,54397,-11.263481616973877,9.501873970031738
fly,excluding_exact_train_endpoints,tuna-human,54858,4997,0.0910897225564184,0.8553191400091229,0.9709634629376733,54721,-14.774628639221191,7.8344292640686035
worm,all_rows,exact-degree,55000,5000,0.09090909090909091,0.09090909090909091,0.5,1,0.0,0.0
worm,all_rows,homology-degree,55000,5000,0.09090909090909091,0.6818247737572332,0.903337618,13905,-8.867568333206442,4.076406861535434
worm,all_rows,sequence-propensity,55000,5000,0.09090909090909091,0.48205173244703453,0.8428976499999999,54961,-7.800441833684066,0.30988589561428653
worm,all_rows,interolog,55000,5000,0.09090909090909091,0.5419097447030616,0.750189688,2539,0.0,0.8165277498417485
worm,all_rows,native-human,55000,5000,0.09090909090909091,0.8908832296816632,0.975250198,54600,-11.255032539367676,9.504017353057861
worm,all_rows,tuna-human,55000,5000,0.09090909090909091,0.8368484305028039,0.960233962,54889,-14.662236213684082,8.339930534362793
worm,excluding_train_pair_overlap,exact-degree,55000,5000,0.09090909090909091,0.09090909090909091,0.5,1,0.0,0.0
worm,excluding_train_pair_overlap,homology-degree,55000,5000,0.09090909090909091,0.6818247737572332,0.903337618,13905,-8.867568333206442,4.076406861535434
worm,excluding_train_pair_overlap,sequence-propensity,55000,5000,0.09090909090909091,0.48205173244703453,0.8428976499999999,54961,-7.800441833684066,0.30988589561428653
worm,excluding_train_pair_overlap,interolog,55000,5000,0.09090909090909091,0.5419097447030616,0.750189688,2539,0.0,0.8165277498417485
worm,excluding_train_pair_overlap,native-human,55000,5000,0.09090909090909091,0.8908832296816632,0.975250198,54600,-11.255032539367676,9.504017353057861
worm,excluding_train_pair_overlap,tuna-human,55000,5000,0.09090909090909091,0.8368484305028039,0.960233962,54889,-14.662236213684082,8.339930534362793
worm,unique_pairs_without_conflicts,exact-degree,54960,4992,0.09082969432314411,0.09082969432314411,0.5,1,0.0,0.0
worm,unique_pairs_without_conflicts,homology-degree,54960,4992,0.09082969432314411,0.6822571527599343,0.9033962886086838,13905,-8.867568333206442,4.076406861535434
worm,unique_pairs_without_conflicts,sequence-propensity,54960,4992,0.09082969432314411,0.48247480702482926,0.8429367190835468,54960,-7.800441833684066,0.30988589561428653
worm,unique_pairs_without_conflicts,interolog,54960,4992,0.09082969432314411,0.5425009376950489,0.7504095950735394,2538,0.0,0.8165277498417485
worm,unique_pairs_without_conflicts,native-human,54960,4992,0.09082969432314411,0.8908242693221186,0.9752315279856031,54599,-11.255032539367676,9.504017353057861
worm,unique_pairs_without_conflicts,tuna-human,54960,4992,0.09082969432314411,0.837096108027396,0.9602651586438398,54888,-14.662236213684082,8.339930534362793
worm,excluding_exact_train_endpoints,exact-degree,55000,5000,0.09090909090909091,0.09090909090909091,0.5,1,0.0,0.0
worm,excluding_exact_train_endpoints,homology-degree,55000,5000,0.09090909090909091,0.6818247737572332,0.903337618,13905,-8.867568333206442,4.076406861535434
worm,excluding_exact_train_endpoints,sequence-propensity,55000,5000,0.09090909090909091,0.48205173244703453,0.8428976499999999,54961,-7.800441833684066,0.30988589561428653
worm,excluding_exact_train_endpoints,interolog,55000,5000,0.09090909090909091,0.5419097447030616,0.750189688,2539,0.0,0.8165277498417485
worm,excluding_exact_train_endpoints,native-human,55000,5000,0.09090909090909091,0.8908832296816632,0.975250198,54600,-11.255032539367676,9.504017353057861
worm,excluding_exact_train_endpoints,tuna-human,55000,5000,0.09090909090909091,0.8368484305028039,0.960233962,54889,-14.662236213684082,8.339930534362793
yeast,all_rows,exact-degree,55000,5000,0.09090909090909091,0.09090909090909091,0.5,1,0.0,0.0
yeast,all_rows,homology-degree,55000,5000,0.09090909090909091,0.4521459145872472,0.7914483880000001,9470,-8.813289762469037,3.481554011799422
yeast,all_rows,sequence-propensity,55000,5000,0.09090909090909091,0.35990148184014875,0.7960129680000001,54942,-7.95017446287478,-0.5175082641982304
yeast,all_rows,interolog,55000,5000,0.09090909090909091,0.3387157157428573,0.638647656,1422,0.0,0.690562
yeast,all_rows,native-human,55000,5000,0.09090909090909091,0.7147095360032375,0.9143984339999999,54623,-11.247010231018066,9.522801399230957
yeast,all_rows,tuna-human,55000,5000,0.09090909090909091,0.6441457509269812,0.8992044579999999,54900,-12.671257972717285,8.67768669128418
yeast,excluding_train_pair_overlap,exact-degree,55000,5000,0.09090909090909091,0.09090909090909091,0.5,1,0.0,0.0
yeast,excluding_train_pair_overlap,homology-degree,55000,5000,0.09090909090909091,0.4521459145872472,0.7914483880000001,9470,-8.813289762469037,3.481554011799422
yeast,excluding_train_pair_overlap,sequence-propensity,55000,5000,0.09090909090909091,0.35990148184014875,0.7960129680000001,54942,-7.95017446287478,-0.5175082641982304
yeast,excluding_train_pair_overlap,interolog,55000,5000,0.09090909090909091,0.3387157157428573,0.638647656,1422,0.0,0.690562
yeast,excluding_train_pair_overlap,native-human,55000,5000,0.09090909090909091,0.7147095360032375,0.9143984339999999,54623,-11.247010231018066,9.522801399230957
yeast,excluding_train_pair_overlap,tuna-human,55000,5000,0.09090909090909091,0.6441457509269812,0.8992044579999999,54900,-12.671257972717285,8.67768669128418
yeast,unique_pairs_without_conflicts,exact-degree,54940,4980,0.09064433927921368,0.09064433927921368,0.5,1,0.0,0.0
yeast,unique_pairs_without_conflicts,homology-degree,54940,4980,0.09064433927921368,0.4506414319137822,0.7908349993247611,9465,-8.813289762469037,3.481554011799422
yeast,unique_pairs_without_conflicts,sequence-propensity,54940,4980,0.09064433927921368,0.3584517867904583,0.7956853253687287,54937,-7.95017446287478,-0.5175082641982304
yeast,unique_pairs_without_conflicts,interolog,54940,4980,0.09064433927921368,0.33763232330346754,0.6379379849260935,1418,0.0,0.690562
yeast,unique_pairs_without_conflicts,native-human,54940,4980,0.09064433927921368,0.714154720891144,0.9142995561107522,54618,-11.247010231018066,9.522801399230957
yeast,unique_pairs_without_conflicts,tuna-human,54940,4980,0.09064433927921368,0.6434595847256825,0.8991785516766828,54895,-12.671257972717285,8.67768669128418
yeast,excluding_exact_train_endpoints,exact-degree,55000,5000,0.09090909090909091,0.09090909090909091,0.5,1,0.0,0.0
yeast,excluding_exact_train_endpoints,homology-degree,55000,5000,0.09090909090909091,0.4521459145872472,0.7914483880000001,9470,-8.813289762469037,3.481554011799422
yeast,excluding_exact_train_endpoints,sequence-propensity,55000,5000,0.09090909090909091,0.35990148184014875,0.7960129680000001,54942,-7.95017446287478,-0.5175082641982304
yeast,excluding_exact_train_endpoints,interolog,55000,5000,0.09090909090909091,0.3387157157428573,0.638647656,1422,0.0,0.690562
yeast,excluding_exact_train_endpoints,native-human,55000,5000,0.09090909090909091,0.7147095360032375,0.9143984339999999,54623,-11.247010231018066,9.522801399230957
yeast,excluding_exact_train_endpoints,tuna-human,55000,5000,0.09090909090909091,0.6441457509269812,0.8992044579999999,54900,-12.671257972717285,8.67768669128418
ecoli,all_rows,exact-degree,22000,2000,0.09090909090909091,0.09090909090909091,0.5,1,0.0,0.0
ecoli,all_rows,homology-degree,22000,2000,0.09090909090909091,0.4637887566598543,0.7442890625,1283,-8.763428073953845,3.6180051145272794
ecoli,all_rows,sequence-propensity,22000,2000,0.09090909090909091,0.534176169519313,0.7879492875,18229,-7.672890283333961,-0.6790722932806867
ecoli,all_rows,interolog,22000,2000,0.09090909090909091,0.2140909090909091,0.56775,272,0.0,0.3633551509070181
ecoli,all_rows,native-human,22000,2000,0.09090909090909091,0.7328962829098185,0.9066258125,18222,-11.246706485748291,9.505672931671143
ecoli,all_rows,tuna-human,22000,2000,0.09090909090909091,0.6730014709038996,0.8774775625,18219,-10.674373626708984,7.240675926208496
ecoli,excluding_train_pair_overlap,exact-degree,22000,2000,0.09090909090909091,0.09090909090909091,0.5,1,0.0,0.0
ecoli,excluding_train_pair_overlap,homology-degree,22000,2000,0.09090909090909091,0.4637887566598543,0.7442890625,1283,-8.763428073953845,3.6180051145272794
ecoli,excluding_train_pair_overlap,sequence-propensity,22000,2000,0.09090909090909091,0.534176169519313,0.7879492875,18229,-7.672890283333961,-0.6790722932806867
ecoli,excluding_train_pair_overlap,interolog,22000,2000,0.09090909090909091,0.2140909090909091,0.56775,272,0.0,0.3633551509070181
ecoli,excluding_train_pair_overlap,native-human,22000,2000,0.09090909090909091,0.7328962829098185,0.9066258125,18222,-11.246706485748291,9.505672931671143
ecoli,excluding_train_pair_overlap,tuna-human,22000,2000,0.09090909090909091,0.6730014709038996,0.8774775625,18219,-10.674373626708984,7.240675926208496
ecoli,unique_pairs_without_conflicts,exact-degree,18228,1999,0.10966644722405092,0.10966644722405092,0.5,1,0.0,0.0
ecoli,unique_pairs_without_conflicts,homology-degree,18228,1999,0.10966644722405092,0.49251449226749444,0.7443255795129065,1282,-8.763428073953845,3.6180051145272794
ecoli,unique_pairs_without_conflicts,sequence-propensity,18228,1999,0.10966644722405092,0.5628270892660586,0.7877753652844661,18228,-7.672890283333961,-0.6790722932806867
ecoli,unique_pairs_without_conflicts,interolog,18228,1999,0.10966644722405092,0.23036699389852927,0.567783891945973,272,0.0,0.3633551509070181
ecoli,unique_pairs_without_conflicts,native-human,18228,1999,0.10966644722405092,0.7545479813969208,0.907202877426143,18221,-11.246706485748291,9.505672931671143
ecoli,unique_pairs_without_conflicts,tuna-human,18228,1999,0.10966644722405092,0.6963120161232766,0.8770016593730348,18218,-10.674373626708984,7.240675926208496
ecoli,excluding_exact_train_endpoints,exact-degree,22000,2000,0.09090909090909091,0.09090909090909091,0.5,1,0.0,0.0
ecoli,excluding_exact_train_endpoints,homology-degree,22000,2000,0.09090909090909091,0.4637887566598543,0.7442890625,1283,-8.763428073953845,3.6180051145272794
ecoli,excluding_exact_train_endpoints,sequence-propensity,22000,2000,0.09090909090909091,0.534176169519313,0.7879492875,18229,-7.672890283333961,-0.6790722932806867
ecoli,excluding_exact_train_endpoints,interolog,22000,2000,0.09090909090909091,0.2140909090909091,0.56775,272,0.0,0.3633551509070181
ecoli,excluding_exact_train_endpoints,native-human,22000,2000,0.09090909090909091,0.7328962829098185,0.9066258125,18222,-11.246706485748291,9.505672931671143
ecoli,excluding_exact_train_endpoints,tuna-human,22000,2000,0.09090909090909091,0.6730014709038996,0.8774775625,18219,-10.674373626708984,7.240675926208496
