test,model,metric,estimate,low,high
mouse,ipin-esm2,ap,0.20912298817740094,0.18086263269131153,0.24191899361703192
mouse,ipin-esm2,auroc,0.6253576080000001,0.605315071906024,0.6456324656498998
mouse,ipin-esmc,ap,0.17682615390896061,0.1516556087913858,0.20722856807769144
mouse,ipin-esmc,auroc,0.633061788,0.6133944122426678,0.6536854974737089
mouse,native-human,ap,0.908412121613771,0.8919177176141118,0.923556956132988
mouse,native-human,auroc,0.9829699979999998,0.9790230669646603,0.9864306495512902
mouse,native-plm,ap,0.27512105363526546,0.24147813971560547,0.314539212307267
mouse,native-plm,auroc,0.698272728,0.6781337351579464,0.7203294955408777
mouse,tuna-human,ap,0.8831988813816839,0.8638640111394955,0.9013589010286637
mouse,tuna-human,auroc,0.977400784,0.9726383356912265,0.9813812846249794
mouse,tuna,ap,0.3527823658780556,0.3119483847897224,0.3970012601546065
mouse,tuna,auroc,0.774278456,0.7555007418435611,0.7918288725235566
mouse,xpair-bernett,ap,0.3422768107917593,0.3037088500640977,0.38937559004239186
mouse,xpair-bernett,auroc,0.771881166,0.7531541363609411,0.7877824934468307
mouse,xpair-default,ap,0.8453623117576466,0.8225283970644234,0.8661103310110511
mouse,xpair-default,auroc,0.9583925779999999,0.9504414117816945,0.9654059995712576
mouse,rapppid,ap,0.1674739779199194,0.147983676702998,0.19435388704866793
mouse,rapppid,auroc,0.691833144,0.6731739030336972,0.7106073201839403
mouse,sprint,ap,0.3337199166989846,0.3007310714120062,0.3716042807118344
mouse,sprint,auroc,0.700828684,0.6796994664201588,0.7222334983540685
mouse,dscript,ap,0.5799094687628724,0.5383920502821017,0.6213420521130604
mouse,dscript,auroc,0.8329019900000001,0.8154283511605452,0.8508108396026753
mouse,v2-capped,ap,0.32858597338206785,0.29163590738014994,0.37164684082970495
mouse,v2-capped,auroc,0.7192855,0.6964040124708447,0.7412101064331398
mouse,v2-clean-bce,ap,0.32124400216294646,0.2815861830783978,0.3694238227690854
mouse,v2-clean-bce,auroc,0.755036252,0.7366305190348611,0.7726798708373798
fly,ipin-esm2,ap,0.18638236105749517,0.15723920224679644,0.22322732404921578
fly,ipin-esm2,auroc,0.611377646,0.583550562074326,0.6449350592793579
fly,ipin-esmc,ap,0.15307742376976546,0.12605358574415637,0.1876547298737515
fly,ipin-esmc,auroc,0.572639952,0.5399487534710692,0.6093415996036131
fly,native-human,ap,0.9167559419559641,0.8974702977553415,0.9326735493109781
fly,native-human,auroc,0.98339589,0.9780555358840567,0.9874279609325409
fly,native-plm,ap,0.30171363366366266,0.25379515405696995,0.35126116199034285
fly,native-plm,auroc,0.693957654,0.6640525550191688,0.7212546627465115
fly,tuna-human,ap,0.8550181449190795,0.8283154667791386,0.8794907457686187
fly,tuna-human,auroc,0.970950582,0.9649394090135742,0.9765253419134431
fly,tuna,ap,0.3740344383474355,0.3254554922538076,0.4304248755893395
fly,tuna,auroc,0.7855301239999999,0.7632592113654642,0.8058729996270573
fly,xpair-bernett,ap,0.33655676769390697,0.28867574119160466,0.3881339556458572
fly,xpair-bernett,auroc,0.727311198,0.7033570546105753,0.751174545367951
fly,xpair-default,ap,0.8814588625973906,0.8580443391043993,0.9009004848021225
fly,xpair-default,auroc,0.967186222,0.9600362911399943,0.9734988661377875
fly,rapppid,ap,0.1337786101300876,0.11852418498420988,0.1526500672100823
fly,rapppid,auroc,0.68234095,0.6626775718631174,0.703256494963434
fly,sprint,ap,0.32891115319819053,0.27453651470083607,0.3844619444529083
fly,sprint,auroc,0.7041774000000001,0.6717300684304546,0.7323322167304019
fly,dscript,ap,0.5523648257327713,0.49931117093864863,0.6027067226883583
fly,dscript,auroc,0.8236331640000001,0.8013445816129303,0.8453505339769619
fly,v2-capped,ap,0.3794728365888692,0.3291473234412916,0.4361625984753909
fly,v2-capped,auroc,0.723718608,0.6967076316120664,0.7515759366269895
fly,v2-clean-bce,ap,0.37978863718753564,0.32854749914919196,0.439785622734421
fly,v2-clean-bce,auroc,0.786114224,0.7628565236533051,0.807412179108319
worm,ipin-esm2,ap,0.1359112815683476,0.11657189911150814,0.1571491221266083
worm,ipin-esm2,auroc,0.555289526,0.5279358889336127,0.5844901096207991
worm,ipin-esmc,ap,0.10276658408213246,0.09075492007867585,0.11698030766158883
worm,ipin-esmc,auroc,0.523885826,0.49038482339291173,0.5581938428066349
worm,native-human,ap,0.8908832296816632,0.865105983014155,0.9108266515033815
worm,native-human,auroc,0.975250198,0.9685654104867492,0.9808212341772294
worm,native-plm,ap,0.1856029866264684,0.15953730915295397,0.21380639419795294
worm,native-plm,auroc,0.6175741680000001,0.5907833196181546,0.6449469974358095
worm,tuna-human,ap,0.8368484305028039,0.8041067138793248,0.8632516429570541
worm,tuna-human,auroc,0.960233962,0.9502774505860421,0.9678612325158874
worm,tuna,ap,0.3550669034526882,0.3071753477502681,0.4011034568873561
worm,tuna,auroc,0.778917914,0.7595980881777997,0.7997764344529142
worm,xpair-bernett,ap,0.23099596501800607,0.19552956553958512,0.265511427853154
worm,xpair-bernett,auroc,0.6850025919999999,0.6629604059178499,0.7048300627718751
worm,xpair-default,ap,0.7955059639351385,0.7597374829172473,0.8231729476857471
worm,xpair-default,auroc,0.9376767020000001,0.9254140177485438,0.9477493153101029
worm,rapppid,ap,0.16488605926861416,0.14566360120119662,0.18585996814110325
worm,rapppid,auroc,0.7454787679999999,0.7292528949079,0.7608461248675784
worm,sprint,ap,0.3783121565134194,0.32380664370383844,0.4270391397687225
worm,sprint,auroc,0.7217059360000001,0.6907720768414378,0.7494360524201541
worm,dscript,ap,0.5482272922280689,0.4908798692549582,0.5977750149751515
worm,dscript,auroc,0.8130340300000001,0.7887461093035956,0.8345271560202098
worm,v2-capped,ap,0.27585128155491856,0.2355193062209645,0.31792078158230436
worm,v2-capped,auroc,0.644876438,0.6134685220259203,0.6734410756414084
worm,v2-clean-bce,ap,0.27121222076642726,0.22510753696838123,0.31610181362925827
worm,v2-clean-bce,auroc,0.7206724999999999,0.6962608278408113,0.7436439420142227
yeast,ipin-esm2,ap,0.13664177118869217,0.11955812951410705,0.15933885570954587
yeast,ipin-esm2,auroc,0.568010722,0.5412065897366446,0.5939261867717937
yeast,ipin-esmc,ap,0.11652308455342869,0.10175718875637532,0.13514712853361688
yeast,ipin-esmc,auroc,0.517971628,0.48740859664096853,0.5491773493201623
yeast,native-human,ap,0.7147095360032375,0.6728039521406268,0.7549801835695479
yeast,native-human,auroc,0.9143984339999999,0.9020107767245104,0.9269444310227223
yeast,native-plm,ap,0.19738019910966093,0.16835712167448721,0.23268129654673853
yeast,native-plm,auroc,0.619594402,0.5913001837691116,0.6459065623611238
yeast,tuna-human,ap,0.6441457509269812,0.5935768649607572,0.6903509243310839
yeast,tuna-human,auroc,0.8992044579999999,0.8857370766142845,0.9116574244594695
yeast,tuna,ap,0.35267425120290896,0.30239343858412127,0.4048227896844125
yeast,tuna,auroc,0.765634696,0.744756733919405,0.7860086081891424
yeast,xpair-bernett,ap,0.26441138907126593,0.22551749127935844,0.3085274100319583
yeast,xpair-bernett,auroc,0.6975801500000001,0.6752657076350187,0.7193118768316896
yeast,xpair-default,ap,0.7339322135798869,0.6976811882040987,0.7672618703630254
yeast,xpair-default,auroc,0.889885996,0.8748818687983521,0.9047789159210179
yeast,rapppid,ap,0.1304835121614627,0.11759999045630874,0.14651984565463538
yeast,rapppid,auroc,0.667779772,0.6508849206330863,0.6858387707432485
yeast,sprint,ap,0.25957565782841774,0.21516372543843437,0.30380201773058907
yeast,sprint,auroc,0.672649894,0.6452769557730016,0.7004859756987212
yeast,dscript,ap,0.4048090455221949,0.35159000752470515,0.4563351161023091
yeast,dscript,auroc,0.7889609120000001,0.7678759358726399,0.8098251148369452
yeast,v2-capped,ap,0.28663543957912707,0.2440460399166274,0.3326555897619923
yeast,v2-capped,auroc,0.688068808,0.6625636345659954,0.7159523506918175
yeast,v2-clean-bce,ap,0.23652136325884096,0.20005537621565073,0.27982411527224754
yeast,v2-clean-bce,auroc,0.727943078,0.7056625386508305,0.7497860728593185
ecoli,ipin-esm2,ap,0.08069036805938111,0.06586832611603244,0.10175629067697993
ecoli,ipin-esm2,auroc,0.3757119375,0.3195753333894084,0.44344289491706906
ecoli,ipin-esmc,ap,0.06630287022278158,0.05574627663749765,0.0810123939606037
ecoli,ipin-esmc,auroc,0.2748716,0.2137416387021289,0.3449108050172788
ecoli,native-human,ap,0.7328962829098185,0.6071734355322285,0.8262368869688526
ecoli,native-human,auroc,0.9066258125,0.8746089526463514,0.9348025299301144
ecoli,native-plm,ap,0.1572177151327937,0.10185101227898051,0.22958319728237186
ecoli,native-plm,auroc,0.4838996,0.4208406967132108,0.5544342246241378
ecoli,tuna-human,ap,0.6730014709038996,0.5524136688103918,0.770450618556741
ecoli,tuna-human,auroc,0.8774775625,0.8319161840039294,0.9106213861605174
ecoli,tuna,ap,0.21388118586396118,0.163221207809701,0.27952804559023814
ecoli,tuna,auroc,0.7412282124999999,0.704473899502596,0.7796714260185081
ecoli,xpair-bernett,ap,0.25419125226032485,0.17044519308929387,0.35200626288453063
ecoli,xpair-bernett,auroc,0.644734425,0.5925246576050303,0.6978362973677071
ecoli,xpair-default,ap,0.7073287754019622,0.5904730927778012,0.7995795495143955
ecoli,xpair-default,auroc,0.877945725,0.8350064563916614,0.9120276989618388
ecoli,rapppid,ap,0.10328000450790785,0.08111641937832845,0.13562530183351865
ecoli,rapppid,auroc,0.5935264625,0.5576427492895509,0.6260801195319339
ecoli,sprint,ap,0.13453642040764102,0.09726218374390846,0.1828390905385159
ecoli,sprint,auroc,0.5306301375,0.4739031319530171,0.5877628831492209
ecoli,dscript,ap,0.5349686551606798,0.4100206276503174,0.652621122192907
ecoli,dscript,auroc,0.8603347000000001,0.822086611098504,0.892493266184766
ecoli,v2-capped,ap,0.3130062071340064,0.21039846468006676,0.4118667446282745
ecoli,v2-capped,auroc,0.6346900125,0.5720650845281833,0.6955295629123454
ecoli,v2-clean-bce,ap,0.5240911932088441,0.39047227753610997,0.6446530160980338
ecoli,v2-clean-bce,auroc,0.7936764374999999,0.7421291262791649,0.840094338218758
