test,model,rows,positives,ap,auroc
mouse,ipin-esm2,55000,5000,0.20912298817740094,0.6253576080000001
fly,ipin-esm2,55000,5000,0.18638236105749517,0.611377646
worm,ipin-esm2,55000,5000,0.1359112815683476,0.555289526
yeast,ipin-esm2,55000,5000,0.13664177118869217,0.568010722
ecoli,ipin-esm2,22000,2000,0.08069036805938111,0.3757119375
mouse,ipin-esmc,55000,5000,0.17682615390896061,0.633061788
fly,ipin-esmc,55000,5000,0.15307742376976546,0.572639952
worm,ipin-esmc,55000,5000,0.10276658408213246,0.523885826
yeast,ipin-esmc,55000,5000,0.11652308455342869,0.517971628
ecoli,ipin-esmc,22000,2000,0.06630287022278158,0.2748716
mouse,native-plm,55000,5000,0.27512105363526546,0.698272728
fly,native-plm,55000,5000,0.30171363366366266,0.693957654
worm,native-plm,55000,5000,0.1856029866264684,0.6175741680000001
yeast,native-plm,55000,5000,0.19738019910966093,0.619594402
ecoli,native-plm,22000,2000,0.1572177151327937,0.4838996
mouse,tuna-human,55000,5000,0.8831988813816839,0.977400784
fly,tuna-human,55000,5000,0.8550181449190795,0.970950582
worm,tuna-human,55000,5000,0.8368484305028039,0.960233962
yeast,tuna-human,55000,5000,0.6441457509269812,0.8992044579999999
ecoli,tuna-human,22000,2000,0.6730014709038996,0.8774775625
mouse,tuna,55000,5000,0.3527823658780556,0.774278456
fly,tuna,55000,5000,0.3740344383474355,0.7855301239999999
worm,tuna,55000,5000,0.3550669034526882,0.778917914
yeast,tuna,55000,5000,0.35267425120290896,0.765634696
ecoli,tuna,22000,2000,0.21388118586396118,0.7412282124999999
mouse,rapppid,55000,5000,0.1674739779199194,0.691833144
fly,rapppid,55000,5000,0.1337786101300876,0.68234095
worm,rapppid,55000,5000,0.16488605926861416,0.7454787679999999
yeast,rapppid,55000,5000,0.1304835121614627,0.667779772
ecoli,rapppid,22000,2000,0.10328000450790785,0.5935264625
mouse,dscript,55000,5000,0.5799094687628724,0.8329019900000001
fly,dscript,55000,5000,0.5523648257327713,0.8236331640000001
worm,dscript,55000,5000,0.5482272922280689,0.8130340300000001
yeast,dscript,55000,5000,0.4048090455221949,0.7889609120000001
ecoli,dscript,22000,2000,0.5349686551606798,0.8603347000000001
