group,model,metric,estimate,low,high
all,native-bernett,ap,0.6903188517540069,0.6724417629900395,0.709014739371228
all,native-bernett,auroc,0.6994668985468638,0.6842036145354147,0.7145348789074989
all,native-bernett,brier,0.23487542824797902,0.22850630189633658,0.24142949621691592
all,v1-reference,ap,0.6756692281121294,0.6557377154474145,0.6946381441557962
all,v1-reference,auroc,0.6857609871150175,0.6707036976546557,0.7020854865480963
all,v1-reference,brier,0.22479244374958404,0.22069613132773108,0.228343128079777
all,v1-symmetric,ap,0.6781642972188491,0.6599101647110475,0.6980431701628018
all,v1-symmetric,auroc,0.6872800925608739,0.673179240408801,0.7034647808443694
all,v1-symmetric,brier,0.22809540977014633,0.22225783700223067,0.2333183442466818
all,v2-reference,ap,0.6693861529876622,0.6490637739402244,0.6888091396680526
all,v2-reference,auroc,0.6816209577382707,0.6658091979678038,0.6983187439407963
all,v2-reference,brier,0.22578918036080758,0.2216837288137301,0.2294311984207245
all,v2-capped,ap,0.6851800742788785,0.6666912957449707,0.7037677404220876
all,v2-capped,auroc,0.6910048098794378,0.6763832184054249,0.7068032344224229
all,v2-capped,brier,0.23195322438130156,0.22536935889215887,0.23818187724079917
all,v2-positive10,ap,0.6727262933079157,0.6535968709135195,0.6896743083899931
all,v2-positive10,auroc,0.6907192854695644,0.6759967805099371,0.7055638832536623
all,v2-positive10,brier,0.39250486584521777,0.3852698442821848,0.40003595939939846
all,v2-clean-bce,ap,0.6905955413943073,0.6723528922343356,0.7082239393653189
all,v2-clean-bce,auroc,0.6997273287732981,0.6846703560867677,0.7158655153259939
all,v2-clean-bce,brier,0.2198974363854868,0.21497472339504253,0.2241199068272615
all,v3-residue-mlp,ap,0.6855526407928418,0.6687360827484111,0.7036807227340954
all,v3-residue-mlp,auroc,0.6974706337367035,0.6834937150806037,0.7125131047066849
all,v3-residue-mlp,brier,0.220823883714493,0.2161712632086259,0.22500224853673895
combined_residues_le_2193,native-bernett,ap,0.6932258137961808,0.6746242342945168,0.7131433115968258
combined_residues_le_2193,native-bernett,auroc,0.7019636486417776,0.6867586995145136,0.7177011584040871
combined_residues_le_2193,native-bernett,brier,0.23402622677257273,0.22698579071021138,0.2408854533684116
combined_residues_le_2193,v1-reference,ap,0.6808361915213929,0.6596371445036173,0.7012986561268875
combined_residues_le_2193,v1-reference,auroc,0.6885700085820344,0.6736401061998725,0.7057081908730496
combined_residues_le_2193,v1-reference,brier,0.22439414810173328,0.22011375254477938,0.22797798936328828
combined_residues_le_2193,v1-symmetric,ap,0.6811837262290279,0.6617288407333516,0.7015274739049263
combined_residues_le_2193,v1-symmetric,auroc,0.6894745640275919,0.6748533736948256,0.7056608588396973
combined_residues_le_2193,v1-symmetric,brier,0.22730939630233768,0.2213140966722247,0.2326272479428625
combined_residues_le_2193,v2-reference,ap,0.6741830916125248,0.6533565534334779,0.6941332837540568
combined_residues_le_2193,v2-reference,auroc,0.6836662295339309,0.6678787035570259,0.7002421420420466
combined_residues_le_2193,v2-reference,brier,0.22560193165238368,0.22160045601606984,0.2293469476592466
combined_residues_le_2193,v2-capped,ap,0.6882187856282982,0.6690191855257782,0.707268992092155
combined_residues_le_2193,v2-capped,auroc,0.6932270678038643,0.6779619719916671,0.7096856393615082
combined_residues_le_2193,v2-capped,brier,0.23147356738011443,0.22478066365380808,0.2378942516696841
combined_residues_le_2193,v2-positive10,ap,0.6773877194697525,0.6576342890073088,0.6947447226058303
combined_residues_le_2193,v2-positive10,auroc,0.6933534145304012,0.6786661154573691,0.7084154677219986
combined_residues_le_2193,v2-positive10,brier,0.3910401379170099,0.3837240219594393,0.39875077658581864
combined_residues_le_2193,v2-clean-bce,ap,0.6945285190991268,0.6763143677198099,0.7132239416948826
combined_residues_le_2193,v2-clean-bce,auroc,0.7025511346889323,0.6872742110561971,0.7189763367687598
combined_residues_le_2193,v2-clean-bce,brier,0.21936834215117204,0.21437122686632332,0.22380612747839507
combined_residues_le_2193,v3-residue-mlp,ap,0.689930374059675,0.6722336302515015,0.7084150794535216
combined_residues_le_2193,v3-residue-mlp,auroc,0.7007827248856374,0.6859356638794639,0.716408322182557
combined_residues_le_2193,v3-residue-mlp,brier,0.220318476523127,0.21555427706165464,0.22461635371630487
combined_residues_gt_2193,native-bernett,ap,0.6441940772287567,0.589055923571205,0.6955245391313314
combined_residues_gt_2193,native-bernett,auroc,0.6680875141456054,0.6285596709323626,0.7090376623963411
combined_residues_gt_2193,native-bernett,brier,0.24705666261925627,0.2316838463500126,0.2639762270019601
combined_residues_gt_2193,v1-reference,ap,0.620470497106079,0.572894470350828,0.6676193536175159
combined_residues_gt_2193,v1-reference,auroc,0.656179652231051,0.6183012180359581,0.6944720836778714
combined_residues_gt_2193,v1-reference,brier,0.2305057317925765,0.2212230053440592,0.23940639412904272
combined_residues_gt_2193,v1-symmetric,ap,0.641742874748862,0.5860403657305799,0.6926249658798481
combined_residues_gt_2193,v1-symmetric,auroc,0.6680645682787297,0.6227060997023375,0.7072173742822128
combined_residues_gt_2193,v1-symmetric,brier,0.23937025390035732,0.22468804200897957,0.2549969697696327
combined_residues_gt_2193,v2-reference,ap,0.6239857796041867,0.5696329517931954,0.6684267983834367
combined_residues_gt_2193,v2-reference,auroc,0.6646725781245926,0.6247716103713428,0.7007020898095097
combined_residues_gt_2193,v2-reference,brier,0.2284751394283388,0.21953181526049415,0.2385990496658519
combined_residues_gt_2193,v2-capped,ap,0.6388096380266142,0.5827341864747286,0.687668326261974
combined_residues_gt_2193,v2-capped,auroc,0.6659592849928816,0.6285993365024605,0.7014144427973166
combined_residues_gt_2193,v2-capped,brier,0.23883358730869825,0.2249822493429479,0.2540446421146666
combined_residues_gt_2193,v2-positive10,ap,0.628798528118292,0.5688414834501161,0.6792025712782024
combined_residues_gt_2193,v2-positive10,auroc,0.670880651940751,0.6291541394835124,0.705828207633666
combined_residues_gt_2193,v2-positive10,brier,0.4135154207021922,0.3879540306300973,0.4441023660596967
combined_residues_gt_2193,v2-clean-bce,ap,0.6339288662594185,0.5829355980943534,0.6840361971646048
combined_residues_gt_2193,v2-clean-bce,auroc,0.6659855336739288,0.6268988607800715,0.7043995695222073
combined_residues_gt_2193,v2-clean-bce,brier,0.22748694377487486,0.21850777672650815,0.23710108384313466
combined_residues_gt_2193,v3-residue-mlp,ap,0.656925460114999,0.5980926588538575,0.7134361052013769
combined_residues_gt_2193,v3-residue-mlp,auroc,0.6752163777863148,0.6282228807415235,0.7203871957203261
combined_residues_gt_2193,v3-residue-mlp,brier,0.22807361611517052,0.2170534241348642,0.23920526779289106
