group,comparison,metric,difference,low,high
all,v1-reference minus native-bernett,ap,-0.014649623641877496,-0.024692961943267564,-0.005176396739629502
all,v1-reference minus native-bernett,auroc,-0.013705911431846296,-0.022819631513529524,-0.004047621900279275
all,v1-reference minus native-bernett,brier,-0.010082984498394981,-0.014754133238095374,-0.00594520949084977
all,v1-symmetric minus native-bernett,ap,-0.012154554535157791,-0.018579215410609553,-0.005149521208446204
all,v1-symmetric minus native-bernett,auroc,-0.012186805985989979,-0.018681580887903372,-0.005488868802950461
all,v1-symmetric minus native-bernett,brier,-0.006780018477832689,-0.010296344261141122,-0.0035624628152809935
all,v1-symmetric minus v1-reference,ap,0.002495069106719705,-0.0064723821331082836,0.011209036023762092
all,v1-symmetric minus v1-reference,auroc,0.001519105445856317,-0.006812018052819588,0.009553207939390556
all,v1-symmetric minus v1-reference,brier,0.0033029660205622924,0.0002166628568671594,0.006422069180578483
all,v2-reference minus native-bernett,ap,-0.020932698766344626,-0.033322931992268406,-0.008565603955537458
all,v2-reference minus native-bernett,auroc,-0.01784594080859314,-0.02907528438379501,-0.006220489080529227
all,v2-reference minus native-bernett,brier,-0.00908624788717144,-0.013912459904677623,-0.004725847350825091
all,v2-reference minus v1-reference,ap,-0.00628307512446713,-0.012934091328945194,0.000666193624029232
all,v2-reference minus v1-reference,auroc,-0.0041400293767468455,-0.01074148403800938,0.0043631806412651975
all,v2-reference minus v1-reference,brier,0.000996736611223542,-0.000865166108698185,0.0026678328610605048
all,v2-reference minus v1-symmetric,ap,-0.008778144231186835,-0.0201479563373112,0.0023016816964781064
all,v2-reference minus v1-symmetric,auroc,-0.005659134822603162,-0.01579829328038453,0.004454029925802569
all,v2-reference minus v1-symmetric,brier,-0.0023062294093387503,-0.005659296424258494,0.0012434546840734708
all,v2-capped minus native-bernett,ap,-0.005138777475128364,-0.013443318252833163,0.002336660899596798
all,v2-capped minus native-bernett,auroc,-0.008462088667426038,-0.015569878519236949,-0.0015730685883248697
all,v2-capped minus native-bernett,brier,-0.002922203866677464,-0.006112882423096202,0.00020541576909550026
all,v2-capped minus v1-reference,ap,0.009510846166749132,0.0011615014286673942,0.01778271993101771
all,v2-capped minus v1-reference,auroc,0.005243822764420258,-0.0029143776921388945,0.013711841653383693
all,v2-capped minus v1-reference,brier,0.007160780631717517,0.0033749778670874924,0.011131890701788903
all,v2-capped minus v1-symmetric,ap,0.007015777060029427,-0.0002272984438957626,0.0139091585725524
all,v2-capped minus v1-symmetric,auroc,0.0037247173185639415,-0.0029845514496044806,0.010589143192386723
all,v2-capped minus v1-symmetric,brier,0.0038578146111552247,0.0007736270361636676,0.0068117497115351144
all,v2-capped minus v2-reference,ap,0.015793921291216262,0.006658626875930377,0.024670242928168298
all,v2-capped minus v2-reference,auroc,0.009383852141167104,0.0008858252342657387,0.017757883169340412
all,v2-capped minus v2-reference,brier,0.006164044020493975,0.0021783082906274838,0.010080746511289046
all,v2-positive10 minus native-bernett,ap,-0.0175925584460912,-0.02776831337398508,-0.0074395012870565784
all,v2-positive10 minus native-bernett,auroc,-0.008747613077299432,-0.01860010021448352,0.0011317736377266423
all,v2-positive10 minus native-bernett,brier,0.15762943759723874,0.14935971692088762,0.1661458766988833
all,v2-positive10 minus v1-reference,ap,-0.002942934804213704,-0.01104064785362005,0.004062101939544306
all,v2-positive10 minus v1-reference,auroc,0.004958298354546864,-0.002811407335452723,0.012154900824265236
all,v2-positive10 minus v1-reference,brier,0.16771242209563372,0.1605598490345842,0.17549483501757185
all,v2-positive10 minus v1-symmetric,ap,-0.005438003910933409,-0.015494212148137768,0.004020351110827979
all,v2-positive10 minus v1-symmetric,auroc,0.003439192908690547,-0.005859072148190822,0.012408247902001976
all,v2-positive10 minus v1-symmetric,brier,0.16440945607507143,0.15628177810900942,0.17251456870288487
all,v2-positive10 minus v2-reference,ap,0.0033401403202534263,-0.003897242954029639,0.009671106905742001
all,v2-positive10 minus v2-reference,auroc,0.00909832773129371,0.0026706401197740927,0.01514502061806367
all,v2-positive10 minus v2-reference,brier,0.16671568548441018,0.15959040433485336,0.17439351609455517
all,v2-positive10 minus v2-capped,ap,-0.012453780970962836,-0.02067328859420444,-0.004883738821005161
all,v2-positive10 minus v2-capped,auroc,-0.00028552440987339445,-0.008580173947075487,0.006834023184402204
all,v2-positive10 minus v2-capped,brier,0.1605516414639162,0.1519069525194705,0.16863209884354377
all,v2-clean-bce minus native-bernett,ap,0.00027668964030047594,-0.007764647473154654,0.008156591609538215
all,v2-clean-bce minus native-bernett,auroc,0.0002604302264342939,-0.0072476391385780155,0.008972161767621653
all,v2-clean-bce minus native-bernett,brier,-0.014977991862492213,-0.019017213248245953,-0.011290750999396592
all,v2-clean-bce minus v1-reference,ap,0.014926313282177972,0.007152065377363803,0.022779911367509235
all,v2-clean-bce minus v1-reference,auroc,0.01396634165828059,0.006637412215788621,0.021441981547716094
all,v2-clean-bce minus v1-reference,brier,-0.004895007364097231,-0.006967877544656159,-0.0029167891172776424
all,v2-clean-bce minus v1-symmetric,ap,0.012431244175458267,0.004342490841281394,0.019652947225758152
all,v2-clean-bce minus v1-symmetric,auroc,0.012447236212424273,0.005416146942468392,0.02000994390116292
all,v2-clean-bce minus v1-symmetric,brier,-0.008197973384659524,-0.010905141897892146,-0.0054029727922085165
all,v2-clean-bce minus v2-reference,ap,0.021209388406645102,0.01096245331000775,0.03134686676229254
all,v2-clean-bce minus v2-reference,auroc,0.018106371035027435,0.009686427005010064,0.02663145158440158
all,v2-clean-bce minus v2-reference,brier,-0.005891743975320773,-0.008346723784724955,-0.0036460462775656376
all,v2-clean-bce minus v2-capped,ap,0.00541546711542884,-0.0025821894035724046,0.01342040970419381
all,v2-clean-bce minus v2-capped,auroc,0.008722518893860332,0.0015172423202982428,0.01578335271990333
all,v2-clean-bce minus v2-capped,brier,-0.012055787995814748,-0.015484807892814553,-0.008651749623432273
all,v2-clean-bce minus v2-positive10,ap,0.017869248086391676,0.009762127384821281,0.026125928389313494
all,v2-clean-bce minus v2-positive10,auroc,0.009008043303733726,0.003187535139006853,0.01601330561270569
all,v2-clean-bce minus v2-positive10,brier,-0.17260742945973095,-0.18056877051255701,-0.16554449356389864
all,v3-residue-mlp minus native-bernett,ap,-0.004766210961165029,-0.012981630125115898,0.0035167500450833363
all,v3-residue-mlp minus native-bernett,auroc,-0.001996264810160353,-0.009681270223642064,0.006320991890431905
all,v3-residue-mlp minus native-bernett,brier,-0.014051544533486032,-0.01809390349445004,-0.010356312831703633
all,v3-residue-mlp minus v1-reference,ap,0.009883412680712467,0.0012680572734655837,0.01849318789881945
all,v3-residue-mlp minus v1-reference,auroc,0.011709646621685943,0.0036696387149490806,0.01964722893204348
all,v3-residue-mlp minus v1-reference,brier,-0.003968560035091051,-0.006159432096366862,-0.0016591790708461473
all,v3-residue-mlp minus v1-symmetric,ap,0.007388343573992762,-0.0009568272078772866,0.015207990728658522
all,v3-residue-mlp minus v1-symmetric,auroc,0.010190541175829626,0.0024638268677256575,0.018149828939796657
all,v3-residue-mlp minus v1-symmetric,brier,-0.007271526055653343,-0.01029495558514785,-0.004337115576626378
all,v3-residue-mlp minus v2-reference,ap,0.016166487805179597,0.006160012628017017,0.025842537917715992
all,v3-residue-mlp minus v2-reference,auroc,0.01584967599843279,0.007812742232740786,0.02460075497402038
all,v3-residue-mlp minus v2-reference,brier,-0.004965296646314593,-0.0073415374064079025,-0.002641039583843503
all,v3-residue-mlp minus v2-capped,ap,0.00037256651396333496,-0.007796617038429923,0.008741252539824728
all,v3-residue-mlp minus v2-capped,auroc,0.0064658238572656845,-0.001116564825074795,0.014068985127999745
all,v3-residue-mlp minus v2-capped,brier,-0.011129340666808568,-0.014624434495838619,-0.007489519021618247
all,v3-residue-mlp minus v2-positive10,ap,0.01282634748492617,0.005399868633259164,0.021201497842825025
all,v3-residue-mlp minus v2-positive10,auroc,0.006751348267139079,0.0007077148824033652,0.013782386891569742
all,v3-residue-mlp minus v2-positive10,brier,-0.17168098213072477,-0.17970799397734838,-0.16433936815216837
all,v3-residue-mlp minus v2-clean-bce,ap,-0.005042900601465505,-0.011594356101078746,0.0015088348770871487
all,v3-residue-mlp minus v2-clean-bce,auroc,-0.002256695036594647,-0.00735132126526083,0.002636584506461107
all,v3-residue-mlp minus v2-clean-bce,brier,0.0009264473290061803,-0.0006104583247880671,0.0025190761430985724
combined_residues_le_2193,v1-reference minus native-bernett,ap,-0.012389622274787904,-0.022373604811577855,-0.0028756883903986344
combined_residues_le_2193,v1-reference minus native-bernett,auroc,-0.013393640059743195,-0.02278352867020199,-0.0036966779354152914
combined_residues_le_2193,v1-reference minus native-bernett,brier,-0.009632078670839456,-0.014576738470306393,-0.005213177814736311
combined_residues_le_2193,v1-symmetric minus native-bernett,ap,-0.01204208756715286,-0.018630922659189697,-0.004904473326124808
combined_residues_le_2193,v1-symmetric minus native-bernett,auroc,-0.012489084614185741,-0.01907772415003797,-0.005695029009500186
combined_residues_le_2193,v1-symmetric minus native-bernett,brier,-0.006716830470235052,-0.010405320773870253,-0.0034501725869817345
combined_residues_le_2193,v1-symmetric minus v1-reference,ap,0.00034753470763504435,-0.008527167889566723,0.008892420156048172
combined_residues_le_2193,v1-symmetric minus v1-reference,auroc,0.0009045554455574534,-0.007641528180944049,0.009103831274973925
combined_residues_le_2193,v1-symmetric minus v1-reference,brier,0.0029152482006044034,-0.00027856379644778105,0.006074064830114706
combined_residues_le_2193,v2-reference minus native-bernett,ap,-0.01904272218365599,-0.031815408757496624,-0.006735341692497306
combined_residues_le_2193,v2-reference minus native-bernett,auroc,-0.01829741910784677,-0.029674716777433708,-0.007111123217563273
combined_residues_le_2193,v2-reference minus native-bernett,brier,-0.008424295120189051,-0.013511711742927448,-0.0036436850853969536
combined_residues_le_2193,v2-reference minus v1-reference,ap,-0.0066530999088680876,-0.013043519458847496,1.0779750512091406e-05
combined_residues_le_2193,v2-reference minus v1-reference,auroc,-0.004903779048103574,-0.011379237258290445,0.0026295637727935697
combined_residues_le_2193,v2-reference minus v1-reference,brier,0.0012077835506504042,-0.0005270697590543493,0.0028215852541271
combined_residues_le_2193,v2-reference minus v1-symmetric,ap,-0.007000634616503132,-0.01816750976108202,0.0039109763957826576
combined_residues_le_2193,v2-reference minus v1-symmetric,auroc,-0.005808334493661027,-0.016192592245493277,0.004179114727870137
combined_residues_le_2193,v2-reference minus v1-symmetric,brier,-0.0017074646499539992,-0.005272062623779246,0.001965860971418856
combined_residues_le_2193,v2-capped minus native-bernett,ap,-0.005007028167882566,-0.013047673756089506,0.002766011151890325
combined_residues_le_2193,v2-capped minus native-bernett,auroc,-0.008736580837913288,-0.016128867940956026,-0.0019429620282979557
combined_residues_le_2193,v2-capped minus native-bernett,brier,-0.0025526593924583008,-0.005860400342152037,0.0008205870378703488
combined_residues_le_2193,v2-capped minus v1-reference,ap,0.007382594106905338,-0.00019443720990552072,0.015534976053755187
combined_residues_le_2193,v2-capped minus v1-reference,auroc,0.004657059221829907,-0.0032448309728092452,0.012888021919693404
combined_residues_le_2193,v2-capped minus v1-reference,brier,0.007079419278381155,0.003198255789874997,0.011111595349778765
combined_residues_le_2193,v2-capped minus v1-symmetric,ap,0.007035059399270294,-0.0003434169298726194,0.01384162401208904
combined_residues_le_2193,v2-capped minus v1-symmetric,auroc,0.0037525037762724534,-0.003165338060295425,0.010636693202285243
combined_residues_le_2193,v2-capped minus v1-symmetric,brier,0.0041641710777767516,0.0011716077102666665,0.007107009785609569
combined_residues_le_2193,v2-capped minus v2-reference,ap,0.014035694015773426,0.004683181351875737,0.023298458052064493
combined_residues_le_2193,v2-capped minus v2-reference,auroc,0.00956083826993348,0.0010691200062958762,0.01852714390663722
combined_residues_le_2193,v2-capped minus v2-reference,brier,0.005871635727730751,0.0016008047165053426,0.010033273061278254
combined_residues_le_2193,v2-positive10 minus native-bernett,ap,-0.015838094326428243,-0.026321637008110608,-0.005937671771849191
combined_residues_le_2193,v2-positive10 minus native-bernett,auroc,-0.008610234111376402,-0.019137624056268464,0.0013391665151193243
combined_residues_le_2193,v2-positive10 minus native-bernett,brier,0.1570139111444372,0.14820676896987423,0.16572526386842273
combined_residues_le_2193,v2-positive10 minus v1-reference,ap,-0.003448472051640339,-0.011263413661168665,0.0036222211355417025
combined_residues_le_2193,v2-positive10 minus v1-reference,auroc,0.004783405948366792,-0.0027710700557435604,0.01184823730783738
combined_residues_le_2193,v2-positive10 minus v1-reference,brier,0.16664598981527665,0.15922568109744062,0.17422537683307968
combined_residues_le_2193,v2-positive10 minus v1-symmetric,ap,-0.0037960067592753832,-0.013509072393071619,0.005901414874367062
combined_residues_le_2193,v2-positive10 minus v1-symmetric,auroc,0.003878850502809339,-0.00605250190664027,0.013074429783684192
combined_residues_le_2193,v2-positive10 minus v1-symmetric,brier,0.16373074161467224,0.15514656680788672,0.1722481924807292
combined_residues_le_2193,v2-positive10 minus v2-reference,ap,0.0032046278572277487,-0.004311872350275564,0.009678803139068992
combined_residues_le_2193,v2-positive10 minus v2-reference,auroc,0.009687184996470366,0.0030229250323253022,0.016162573337870877
combined_residues_le_2193,v2-positive10 minus v2-reference,brier,0.16543820626462624,0.15811434682142803,0.17295982811507576
combined_residues_le_2193,v2-positive10 minus v2-capped,ap,-0.010831066158545677,-0.019809605888725577,-0.0031333440557797278
combined_residues_le_2193,v2-positive10 minus v2-capped,auroc,0.0001263467265368856,-0.008543562625180998,0.007744187178159543
combined_residues_le_2193,v2-positive10 minus v2-capped,brier,0.1595665705368955,0.150436618627203,0.16819389298866833
combined_residues_le_2193,v2-clean-bce minus native-bernett,ap,0.0013027053029460722,-0.006901146105866607,0.00934949800929632
combined_residues_le_2193,v2-clean-bce minus native-bernett,auroc,0.0005874860471546395,-0.007281372463918833,0.009297572096689452
combined_residues_le_2193,v2-clean-bce minus native-bernett,brier,-0.01465788462140069,-0.018832888959338517,-0.010788349480469157
combined_residues_le_2193,v2-clean-bce minus v1-reference,ap,0.013692327577733976,0.005936731455964245,0.02163186513545854
combined_residues_le_2193,v2-clean-bce minus v1-reference,auroc,0.013981126106897834,0.006514784316002983,0.021495199326303005
combined_residues_le_2193,v2-clean-bce minus v1-reference,brier,-0.005025805950561235,-0.00713500102572729,-0.00308470433916235
combined_residues_le_2193,v2-clean-bce minus v1-symmetric,ap,0.013344792870098932,0.005229713757341842,0.02127425713493234
combined_residues_le_2193,v2-clean-bce minus v1-symmetric,auroc,0.013076570661340381,0.005742813892458351,0.02062942118587966
combined_residues_le_2193,v2-clean-bce minus v1-symmetric,brier,-0.007941054151165639,-0.010693276815668977,-0.005241612715581722
combined_residues_le_2193,v2-clean-bce minus v2-reference,ap,0.020345427486602063,0.009889176578166223,0.030686407438699163
combined_residues_le_2193,v2-clean-bce minus v2-reference,auroc,0.018884905155001408,0.010219513340357044,0.02761028392350969
combined_residues_le_2193,v2-clean-bce minus v2-reference,brier,-0.006233589501211639,-0.00878216348934897,-0.003811060215334154
combined_residues_le_2193,v2-clean-bce minus v2-capped,ap,0.006309733470828638,-0.001741957445011452,0.014219951733800524
combined_residues_le_2193,v2-clean-bce minus v2-capped,auroc,0.009324066885067928,0.0022628627835846044,0.01631695423246836
combined_residues_le_2193,v2-clean-bce minus v2-capped,brier,-0.01210522522894239,-0.015435959118288567,-0.008656305889191428
combined_residues_le_2193,v2-clean-bce minus v2-positive10,ap,0.017140799629374315,0.008906844119449735,0.026064234536372095
combined_residues_le_2193,v2-clean-bce minus v2-positive10,auroc,0.009197720158531042,0.0029474102918961437,0.016397985445302077
combined_residues_le_2193,v2-clean-bce minus v2-positive10,brier,-0.17167179576583788,-0.1796981516141873,-0.16418479614390416
combined_residues_le_2193,v3-residue-mlp minus native-bernett,ap,-0.003295439736505812,-0.011950771368546054,0.005066052391262673
combined_residues_le_2193,v3-residue-mlp minus native-bernett,auroc,-0.0011809237561402064,-0.008983005153252885,0.007545144775323033
combined_residues_le_2193,v3-residue-mlp minus native-bernett,brier,-0.013707750249445733,-0.018000556598903823,-0.009705885185396302
combined_residues_le_2193,v3-residue-mlp minus v1-reference,ap,0.009094182538282092,0.0007539628563118822,0.018057452626463612
combined_residues_le_2193,v3-residue-mlp minus v1-reference,auroc,0.012212716303602988,0.004407938134718542,0.020164416277816354
combined_residues_le_2193,v3-residue-mlp minus v1-reference,brier,-0.004075671578606277,-0.0062978966488688925,-0.001779440233498949
combined_residues_le_2193,v3-residue-mlp minus v1-symmetric,ap,0.008746647830647047,4.879280787153952e-05,0.016902266484748355
combined_residues_le_2193,v3-residue-mlp minus v1-symmetric,auroc,0.011308160858045535,0.0033066701294865524,0.01942949785189817
combined_residues_le_2193,v3-residue-mlp minus v1-symmetric,brier,-0.00699091977921068,-0.00999935399314454,-0.003954020239646384
combined_residues_le_2193,v3-residue-mlp minus v2-reference,ap,0.01574728244715018,0.006014890167484863,0.025896618125385178
combined_residues_le_2193,v3-residue-mlp minus v2-reference,auroc,0.017116495351706562,0.00904870954415028,0.02569686533757041
combined_residues_le_2193,v3-residue-mlp minus v2-reference,brier,-0.005283455129256681,-0.007659814163791981,-0.00286287322388878
combined_residues_le_2193,v3-residue-mlp minus v2-capped,ap,0.0017115884313767538,-0.006298400041813393,0.010170797771061077
combined_residues_le_2193,v3-residue-mlp minus v2-capped,auroc,0.007555657081773082,-0.0001697523629755892,0.015514809226941978
combined_residues_le_2193,v3-residue-mlp minus v2-capped,brier,-0.011155090856987432,-0.014639650797028081,-0.007419054499829712
combined_residues_le_2193,v3-residue-mlp minus v2-positive10,ap,0.01254265458992243,0.005464285710636502,0.020840635011396158
combined_residues_le_2193,v3-residue-mlp minus v2-positive10,auroc,0.007429310355236196,0.0015190774039518212,0.014539707020677885
combined_residues_le_2193,v3-residue-mlp minus v2-positive10,brier,-0.17072166139388292,-0.17878464938234864,-0.1630788769527682
combined_residues_le_2193,v3-residue-mlp minus v2-clean-bce,ap,-0.004598145039451884,-0.010969706604288504,0.0017897723903245674
combined_residues_le_2193,v3-residue-mlp minus v2-clean-bce,auroc,-0.0017684098032948459,-0.006689373302880433,0.003014565374306923
combined_residues_le_2193,v3-residue-mlp minus v2-clean-bce,brier,0.0009501343719549582,-0.0005481635031786912,0.0024878762253592638
combined_residues_gt_2193,v1-reference minus native-bernett,ap,-0.023723580122677612,-0.0658206803073217,0.018987102086322524
combined_residues_gt_2193,v1-reference minus native-bernett,auroc,-0.011907861914554396,-0.04892363777598228,0.022675425645118836
combined_residues_gt_2193,v1-reference minus native-bernett,brier,-0.01655093082667977,-0.029373057776348018,-0.005473367382434503
combined_residues_gt_2193,v1-symmetric minus native-bernett,ap,-0.0024512024798946097,-0.03817355689549239,0.034642800119954055
combined_residues_gt_2193,v1-symmetric minus native-bernett,auroc,-2.294586687567879e-05,-0.03327223425580682,0.032752283837755226
combined_residues_gt_2193,v1-symmetric minus native-bernett,brier,-0.007686408718898946,-0.01838379729384363,0.0025465063413662907
combined_residues_gt_2193,v1-symmetric minus v1-reference,ap,0.021272377642783002,-0.014802204257332485,0.05816592610625404
combined_residues_gt_2193,v1-symmetric minus v1-reference,auroc,0.011884916047678717,-0.018829702098427967,0.0426667045909494
combined_residues_gt_2193,v1-symmetric minus v1-reference,brier,0.008864522107780826,-0.002171737728100728,0.019561975430042566
combined_residues_gt_2193,v2-reference minus native-bernett,ap,-0.020208297624569993,-0.05992966480704935,0.014938450782808341
combined_residues_gt_2193,v2-reference minus native-bernett,auroc,-0.0034149360210128377,-0.03643463235124753,0.02524943658066856
combined_residues_gt_2193,v2-reference minus native-bernett,brier,-0.018581523190917465,-0.028494969638908896,-0.009030626492274246
combined_residues_gt_2193,v2-reference minus v1-reference,ap,0.003515282498107619,-0.018822130420058415,0.023657325748337364
combined_residues_gt_2193,v2-reference minus v1-reference,auroc,0.008492925893541559,-0.01304718339912144,0.03119380695150496
combined_residues_gt_2193,v2-reference minus v1-reference,brier,-0.0020305923642376933,-0.007852089070375951,0.003260521977217731
combined_residues_gt_2193,v2-reference minus v1-symmetric,ap,-0.017757095144675383,-0.05291348862624602,0.013674975620307428
combined_residues_gt_2193,v2-reference minus v1-symmetric,auroc,-0.003391990154137159,-0.02800606756744785,0.01988958610496496
combined_residues_gt_2193,v2-reference minus v1-symmetric,brier,-0.010895114472018519,-0.019619779110447925,-0.0019348522090078366
combined_residues_gt_2193,v2-capped minus native-bernett,ap,-0.005384439202142488,-0.04637051913580386,0.02801221163234477
combined_residues_gt_2193,v2-capped minus native-bernett,auroc,-0.002128229152723815,-0.029868975326156448,0.022908930297158965
combined_residues_gt_2193,v2-capped minus native-bernett,brier,-0.00822307531055802,-0.018316397415911914,0.0023104617619923835
combined_residues_gt_2193,v2-capped minus v1-reference,ap,0.018339140920535124,-0.02509235242163386,0.056474210334494235
combined_residues_gt_2193,v2-capped minus v1-reference,auroc,0.009779632761830581,-0.02228492191159344,0.04763151514248388
combined_residues_gt_2193,v2-capped minus v1-reference,brier,0.008327855516121752,-0.0019257279300786976,0.01911619437230606
combined_residues_gt_2193,v2-capped minus v1-symmetric,ap,-0.0029332367222478783,-0.043125101636631344,0.03439454952856222
combined_residues_gt_2193,v2-capped minus v1-symmetric,auroc,-0.0021052832858481363,-0.03156979404136339,0.02603441641974462
combined_residues_gt_2193,v2-capped minus v1-symmetric,brier,-0.000536666591659074,-0.01034880132624168,0.010282461261951916
combined_residues_gt_2193,v2-capped minus v2-reference,ap,0.014823858422427505,-0.021207034830942467,0.05244194673734722
combined_residues_gt_2193,v2-capped minus v2-reference,auroc,0.0012867068682890226,-0.02539732539714032,0.0323007471466111
combined_residues_gt_2193,v2-capped minus v2-reference,brier,0.010358447880359445,0.0022276981661113965,0.019415990322604687
combined_residues_gt_2193,v2-positive10 minus native-bernett,ap,-0.015395549110464701,-0.049795153423788506,0.01722282008074676
combined_residues_gt_2193,v2-positive10 minus native-bernett,auroc,0.0027931377951455616,-0.025035526396864773,0.02760303636749736
combined_residues_gt_2193,v2-positive10 minus native-bernett,brier,0.16645875808293595,0.14551711703706174,0.1887434422152433
combined_residues_gt_2193,v2-positive10 minus v1-reference,ap,0.00832803101221291,-0.02185404068295942,0.036176079880986825
combined_residues_gt_2193,v2-positive10 minus v1-reference,auroc,0.014700999709699958,-0.012431699754955542,0.03720495424001884
combined_residues_gt_2193,v2-positive10 minus v1-reference,brier,0.18300968890961572,0.15818302332592893,0.21095295274064227
combined_residues_gt_2193,v2-positive10 minus v1-symmetric,ap,-0.012944346630570092,-0.04617105384498216,0.016785587922014043
combined_residues_gt_2193,v2-positive10 minus v1-symmetric,auroc,0.0028160836620212404,-0.021813478481132374,0.026451467132408816
combined_residues_gt_2193,v2-positive10 minus v1-symmetric,brier,0.1741451668018349,0.14987628630951538,0.19783905813678984
combined_residues_gt_2193,v2-positive10 minus v2-reference,ap,0.004812748514105292,-0.02052917455292779,0.03008648693039275
combined_residues_gt_2193,v2-positive10 minus v2-reference,auroc,0.006208073816158399,-0.010524337956284205,0.023589026707822775
combined_residues_gt_2193,v2-positive10 minus v2-reference,brier,0.1850402812738534,0.16145776172298787,0.21093607728206437
combined_residues_gt_2193,v2-positive10 minus v2-capped,ap,-0.010011109908322213,-0.04553796517441752,0.025983915299846273
combined_residues_gt_2193,v2-positive10 minus v2-capped,auroc,0.004921366947869377,-0.020414496655714768,0.029536924575285263
combined_residues_gt_2193,v2-positive10 minus v2-capped,brier,0.17468183339349397,0.1517937076785877,0.19787832470551436
combined_residues_gt_2193,v2-clean-bce minus native-bernett,ap,-0.01026521096933819,-0.04493481059977108,0.022472494374369732
combined_residues_gt_2193,v2-clean-bce minus native-bernett,auroc,-0.0021019804716766455,-0.02874840171529538,0.02294048309640655
combined_residues_gt_2193,v2-clean-bce minus native-bernett,brier,-0.019569718844381412,-0.03083151887973535,-0.00985001627867268
combined_residues_gt_2193,v2-clean-bce minus v1-reference,ap,0.013458369153339422,-0.01784169070342254,0.04448071646789914
combined_residues_gt_2193,v2-clean-bce minus v1-reference,auroc,0.00980588144287775,-0.020040939360577097,0.03729270150571445
combined_residues_gt_2193,v2-clean-bce minus v1-reference,brier,-0.00301878801770164,-0.00963971829870385,0.0035534895941745554
combined_residues_gt_2193,v2-clean-bce minus v1-symmetric,ap,-0.00781400848944358,-0.044164882875513706,0.03011152792524984
combined_residues_gt_2193,v2-clean-bce minus v1-symmetric,auroc,-0.0020790346048009667,-0.03041180567488077,0.029168531645257803
combined_residues_gt_2193,v2-clean-bce minus v1-symmetric,brier,-0.011883310125482466,-0.02183717032027814,-0.002514153312552696
combined_residues_gt_2193,v2-clean-bce minus v2-reference,ap,0.009943086655231803,-0.018605216427340896,0.04035029185580475
combined_residues_gt_2193,v2-clean-bce minus v2-reference,auroc,0.0013129555493361922,-0.020780301829482928,0.024738815672213713
combined_residues_gt_2193,v2-clean-bce minus v2-reference,brier,-0.0009881956534639469,-0.006262812859577671,0.0036699574221355784
combined_residues_gt_2193,v2-clean-bce minus v2-capped,ap,-0.004880771767195702,-0.038843801519571064,0.032355999818514135
combined_residues_gt_2193,v2-clean-bce minus v2-capped,auroc,2.6248681047169597e-05,-0.02972312045500127,0.02914725774203605
combined_residues_gt_2193,v2-clean-bce minus v2-capped,brier,-0.011346643533823392,-0.021969962966866683,-0.0018589157475819536
combined_residues_gt_2193,v2-clean-bce minus v2-positive10,ap,0.005130338141126511,-0.02282501877113967,0.03482305925634718
combined_residues_gt_2193,v2-clean-bce minus v2-positive10,auroc,-0.004895118266822207,-0.02170880137372571,0.01389145838899147
combined_residues_gt_2193,v2-clean-bce minus v2-positive10,brier,-0.18602847692731736,-0.21294698023011502,-0.16127506721372784
combined_residues_gt_2193,v3-residue-mlp minus native-bernett,ap,0.012731382886242315,-0.028713097289271558,0.05025758768499128
combined_residues_gt_2193,v3-residue-mlp minus native-bernett,auroc,0.007128863640709415,-0.02323285929236867,0.03907720068594964
combined_residues_gt_2193,v3-residue-mlp minus native-bernett,brier,-0.01898304650408575,-0.03115700441852664,-0.00788697489935521
combined_residues_gt_2193,v3-residue-mlp minus v1-reference,ap,0.03645496300891993,-0.0061565266623094875,0.07715970856534539
combined_residues_gt_2193,v3-residue-mlp minus v1-reference,auroc,0.01903672555526381,-0.0220426717199697,0.056608282185550654
combined_residues_gt_2193,v3-residue-mlp minus v1-reference,brier,-0.002432115677405977,-0.011124767825405196,0.006324467168519273
combined_residues_gt_2193,v3-residue-mlp minus v1-symmetric,ap,0.015182585366136925,-0.019528716837035432,0.04985020841123783
combined_residues_gt_2193,v3-residue-mlp minus v1-symmetric,auroc,0.007151809507585094,-0.029773454307418325,0.037557021165409286
combined_residues_gt_2193,v3-residue-mlp minus v1-symmetric,brier,-0.011296637785186803,-0.022255082458687837,-0.00067651120915126
combined_residues_gt_2193,v3-residue-mlp minus v2-reference,ap,0.03293968051081231,-0.00669666000928619,0.07793338090709837
combined_residues_gt_2193,v3-residue-mlp minus v2-reference,auroc,0.010543799661722253,-0.02669414341729697,0.04801917979144756
combined_residues_gt_2193,v3-residue-mlp minus v2-reference,brier,-0.0004015233131682838,-0.009112361953422281,0.007504349857621581
combined_residues_gt_2193,v3-residue-mlp minus v2-capped,ap,0.018115822088384803,-0.020148485274518613,0.06383210721955254
combined_residues_gt_2193,v3-residue-mlp minus v2-capped,auroc,0.00925709279343323,-0.02535347597201917,0.04557107510294875
combined_residues_gt_2193,v3-residue-mlp minus v2-capped,brier,-0.010759971193527729,-0.02077073802073,-0.0013702575875212963
combined_residues_gt_2193,v3-residue-mlp minus v2-positive10,ap,0.028126931996707016,-0.007739580306260524,0.06838301725105193
combined_residues_gt_2193,v3-residue-mlp minus v2-positive10,auroc,0.004335725845563854,-0.02588454328824415,0.034372291833419374
combined_residues_gt_2193,v3-residue-mlp minus v2-positive10,brier,-0.1854418045870217,-0.21152161759699645,-0.16090890367498273
combined_residues_gt_2193,v3-residue-mlp minus v2-clean-bce,ap,0.022996593855580505,-0.016151193970182894,0.059437484774654124
combined_residues_gt_2193,v3-residue-mlp minus v2-clean-bce,auroc,0.00923084411238606,-0.02042121348066365,0.039619600732772015
combined_residues_gt_2193,v3-residue-mlp minus v2-clean-bce,brier,0.0005866723402956631,-0.006234499011202941,0.007514390296273881
