test,model,reference,metric,difference,low,high
mouse,v2-capped,native-human,ap,-0.5798261482317034,-0.6154209634198462,-0.5412034015272297
mouse,v2-capped,native-human,auroc,-0.26368449799999993,-0.28702305694685326,-0.24177744847509874
mouse,v2-capped,native-plm,ap,0.053464919746802286,0.035683988766180605,0.07209094005280686
mouse,v2-capped,native-plm,auroc,0.02101277200000007,0.007077897712896484,0.034453734634398124
mouse,v2-capped,ipin-esm2,ap,0.11946298520466694,0.08935674452232147,0.15052757028064487
mouse,v2-capped,ipin-esm2,auroc,0.09392789200000007,0.0706410923014136,0.11457950564506147
mouse,v2-capped,ipin-esmc,ap,0.1517598194731072,0.12493274057744883,0.18004114055231857
mouse,v2-capped,ipin-esmc,auroc,0.08622371200000001,0.06353889415689967,0.10839135448980587
mouse,v2-clean-bce,native-human,ap,-0.5871681194508247,-0.6246586205392858,-0.5468615533865036
mouse,v2-clean-bce,native-human,auroc,-0.22793374599999994,-0.24657686695883013,-0.21085708464026617
mouse,v2-clean-bce,native-plm,ap,0.04612294852768106,0.02637103783961552,0.06740832301749032
mouse,v2-clean-bce,native-plm,auroc,0.056763524000000065,0.04245310390152071,0.0723169749017852
mouse,v2-clean-bce,ipin-esm2,ap,0.11212101398554572,0.08214594877242408,0.1432531360750179
mouse,v2-clean-bce,ipin-esm2,auroc,0.12967864400000007,0.10844984510931263,0.15072558848579082
mouse,v2-clean-bce,ipin-esmc,ap,0.144417848253986,0.11646312204541942,0.17321685550336685
mouse,v2-clean-bce,ipin-esmc,auroc,0.121974464,0.10169270803505136,0.14194638384660213
mouse,v2-clean-bce,v2-capped,ap,-0.007341971219121224,-0.024777870530967114,0.011002495454459856
mouse,v2-clean-bce,v2-capped,auroc,0.035750752,0.021674755068296064,0.05122209804786951
fly,v2-capped,native-human,ap,-0.5372831053670947,-0.5849559218001309,-0.4859922140180083
fly,v2-capped,native-human,auroc,-0.25967728200000006,-0.28727411711043366,-0.2322145673232931
fly,v2-capped,native-plm,ap,0.07775920292520644,0.05267610776634829,0.10399339721863898
fly,v2-capped,native-plm,auroc,0.029760954000000006,0.01107960754014251,0.04749974781737294
fly,v2-capped,ipin-esm2,ap,0.19309047553137404,0.15254665283056415,0.23627426609376848
fly,v2-capped,ipin-esm2,auroc,0.11234096199999999,0.08302032941820654,0.13951879773152703
fly,v2-capped,ipin-esmc,ap,0.2263954128191036,0.18913898218147748,0.2668492898149272
fly,v2-capped,ipin-esmc,auroc,0.15107865600000003,0.1203810699695332,0.18175480987238843
fly,v2-clean-bce,native-human,ap,-0.5369673047684282,-0.5838339144767168,-0.4814475937611355
fly,v2-clean-bce,native-human,auroc,-0.19728166600000008,-0.22017985064590817,-0.17510581192780747
fly,v2-clean-bce,native-plm,ap,0.07807500352387287,0.04903919343779717,0.10983752577346209
fly,v2-clean-bce,native-plm,auroc,0.09215657,0.06854658215323091,0.11439880133462295
fly,v2-clean-bce,ipin-esm2,ap,0.19340627613004047,0.15082618207895634,0.2384063284422145
fly,v2-clean-bce,ipin-esm2,auroc,0.17473657799999998,0.14271133530418464,0.20415480442688624
fly,v2-clean-bce,ipin-esmc,ap,0.22671121341777004,0.18747456286808664,0.26922202530051204
fly,v2-clean-bce,ipin-esmc,auroc,0.21347427200000002,0.17829197364850555,0.24910965714941963
fly,v2-clean-bce,v2-capped,ap,0.00031580059866642696,-0.022573724351873305,0.022341123463975585
fly,v2-clean-bce,v2-capped,auroc,0.06239561599999999,0.04519192705169214,0.07883444346770305
worm,v2-capped,native-human,ap,-0.6150319481267443,-0.6496176585798578,-0.5739270559324009
worm,v2-capped,native-human,auroc,-0.33037375999999996,-0.362770011958062,-0.3014244267763926
worm,v2-capped,native-plm,ap,0.09024829492845043,0.06435251508128581,0.12092144528518896
worm,v2-capped,native-plm,auroc,0.027302270000000073,0.0050103791113243566,0.04927503719329943
worm,v2-capped,ipin-esm2,ap,0.13993999998657114,0.10383570028734188,0.17791069701694212
worm,v2-capped,ipin-esm2,auroc,0.08958691200000002,0.05498371786314386,0.12343327998776792
worm,v2-capped,ipin-esmc,ap,0.1730846974727863,0.1359014802355511,0.2124092626794785
worm,v2-capped,ipin-esmc,auroc,0.12099061200000005,0.08516559661604221,0.15646841267404982
worm,v2-clean-bce,native-human,ap,-0.6196710089152355,-0.6559427684453165,-0.580006300618551
worm,v2-clean-bce,native-human,auroc,-0.25457769799999996,-0.27880817269652103,-0.23249575230117533
worm,v2-clean-bce,native-plm,ap,0.08560923413995924,0.053312361930647846,0.12004737455730434
worm,v2-clean-bce,native-plm,auroc,0.10309833200000007,0.07623160505977321,0.13095229488922375
worm,v2-clean-bce,ipin-esm2,ap,0.13530093919807995,0.09418520320364743,0.1736273710771967
worm,v2-clean-bce,ipin-esm2,auroc,0.16538297400000002,0.12677821237846068,0.2008512190186208
worm,v2-clean-bce,ipin-esmc,ap,0.1684456366842951,0.12712384747251107,0.20697877306680523
worm,v2-clean-bce,ipin-esmc,auroc,0.19678667400000005,0.15266117080402414,0.2339024679033866
worm,v2-clean-bce,v2-capped,ap,-0.004639060788491189,-0.02533002662411129,0.017945561710213238
worm,v2-clean-bce,v2-capped,auroc,0.075796062,0.05565616779590433,0.09709257492259979
yeast,v2-capped,native-human,ap,-0.42807409642411054,-0.46694737723743185,-0.38366721442384516
yeast,v2-capped,native-human,auroc,-0.22632962599999995,-0.25202409975265533,-0.20013828818487264
yeast,v2-capped,native-plm,ap,0.0892552404694662,0.06506084850631352,0.11531834538093999
yeast,v2-capped,native-plm,auroc,0.06847440599999999,0.048201514245298206,0.08890008779063566
yeast,v2-capped,ipin-esm2,ap,0.14999366839043507,0.11108052421083892,0.18626997705171103
yeast,v2-capped,ipin-esm2,auroc,0.12005808600000001,0.09021576002326523,0.14793712177736235
yeast,v2-capped,ipin-esmc,ap,0.1701123550256985,0.13326113870125708,0.20841988305799602
yeast,v2-capped,ipin-esmc,auroc,0.17009718000000007,0.13474585064861144,0.2041244634088886
yeast,v2-clean-bce,native-human,ap,-0.47818817274439684,-0.5095502524180066,-0.4413635788544605
yeast,v2-clean-bce,native-human,auroc,-0.18645535599999996,-0.20604006784829823,-0.16793685918313647
yeast,v2-clean-bce,native-plm,ap,0.03914116414917987,0.012903896350117969,0.06597083409803307
yeast,v2-clean-bce,native-plm,auroc,0.10834867599999998,0.08135251598604452,0.1354216331086713
yeast,v2-clean-bce,ipin-esm2,ap,0.09987959207014874,0.06791344970213999,0.13345560005015253
yeast,v2-clean-bce,ipin-esm2,auroc,0.159932356,0.1272956189990056,0.19170479795425308
yeast,v2-clean-bce,ipin-esmc,ap,0.11999827870541217,0.08903619737459606,0.1551020815962099
yeast,v2-clean-bce,ipin-esmc,auroc,0.20997145000000006,0.16766961498418104,0.24788143194904058
yeast,v2-clean-bce,v2-capped,ap,-0.05011407632028633,-0.07219444954225389,-0.03136562310098938
yeast,v2-clean-bce,v2-capped,auroc,0.03987426999999999,0.02076927618106497,0.059500947624241976
ecoli,v2-capped,native-human,ap,-0.41989007577581217,-0.5057347514698798,-0.3194211590231581
ecoli,v2-capped,native-human,auroc,-0.27193579999999995,-0.3382686099904973,-0.20434060811407417
ecoli,v2-capped,native-plm,ap,0.15578849200121278,0.08680859757509,0.22150672346553973
ecoli,v2-capped,native-plm,auroc,0.15079041250000003,0.09059107153224114,0.21153920894323325
ecoli,v2-capped,ipin-esm2,ap,0.23231583907462536,0.13107227955587777,0.3218590605988153
ecoli,v2-capped,ipin-esm2,auroc,0.25897807500000003,0.18876613147705468,0.3210739167225119
ecoli,v2-capped,ipin-esmc,ap,0.24670333691122492,0.14623762074390068,0.34283783775093774
ecoli,v2-capped,ipin-esmc,auroc,0.3598184125,0.271862505215071,0.4449601443904947
ecoli,v2-clean-bce,native-human,ap,-0.20880508970097456,-0.2742071110181683,-0.15190278567065316
ecoli,v2-clean-bce,native-human,auroc,-0.11294937499999991,-0.1506905297904067,-0.07979439630980557
ecoli,v2-clean-bce,native-plm,ap,0.3668734780760504,0.2601096500008849,0.4604623943471734
ecoli,v2-clean-bce,native-plm,auroc,0.30977683750000007,0.23021892058215926,0.38542672293083513
ecoli,v2-clean-bce,ipin-esm2,ap,0.443400825149463,0.3114301231723592,0.5524949837732087
ecoli,v2-clean-bce,ipin-esm2,auroc,0.41796450000000007,0.32282948739499684,0.4990253923661619
ecoli,v2-clean-bce,ipin-esmc,ap,0.45778832298606253,0.3252102758925393,0.57212136091216
ecoli,v2-clean-bce,ipin-esmc,auroc,0.5188048375000001,0.4086637410224051,0.6145398307951488
ecoli,v2-clean-bce,v2-capped,ap,0.2110849860748376,0.121004871607945,0.29406553232601856
ecoli,v2-clean-bce,v2-capped,auroc,0.15898642500000004,0.09347096166376934,0.22193423890960687
