model,species,bar_aupr,deposited_curve_average_precision,difference,agrees_at_3_decimals
DeepPPI,mouse,0.518,,,
DeepPPI,fly,0.231,,,
DeepPPI,worm,0.252,,,
DeepPPI,yeast,0.201,,,
DeepPPI,ecoli,0.271,,,
PIPR,mouse,0.526,,,
PIPR,fly,0.278,,,
PIPR,worm,0.346,,,
PIPR,yeast,0.23,,,
PIPR,ecoli,0.308,,,
D-SCRIPT,mouse,0.58,0.5797881677192571,-0.00021183228074284077,True
D-SCRIPT,fly,0.552,0.5522859692200858,0.00028596922008572445,True
D-SCRIPT,worm,0.548,0.548092131048893,9.213104889294055e-05,True
D-SCRIPT,yeast,0.405,0.404675162126782,-0.00032483787321802016,True
D-SCRIPT,ecoli,0.571,0.5348917653696004,-0.03610823463039958,False
Topsy-Turvy,mouse,0.735,0.7754643105564072,0.0404643105564072,False
Topsy-Turvy,fly,0.713,0.7487209065988336,0.035720906598833646,False
Topsy-Turvy,worm,0.7,0.7273928104429401,0.027392810442940174,False
Topsy-Turvy,yeast,0.534,0.5382416740274919,0.004241674027491871,False
Topsy-Turvy,ecoli,0.556,0.4593350080709875,-0.09666499192901257,False
TT3D,mouse,0.779,0.7795988698735722,0.0005988698735721609,False
TT3D,fly,0.757,0.75730189909797,0.00030189909796995984,True
TT3D,worm,0.738,0.7381363524849073,0.00013635248490728724,True
TT3D,yeast,0.553,0.5528182075674452,-0.00018179243255489475,True
TT3D,ecoli,0.605,0.6045592524425207,-0.00044074755747924854,True
TUnA,mouse,0.885,0.8862223868233002,0.0012223868233002255,False
TUnA,fly,0.855,0.8577529071429855,0.0027529071429854834,False
TUnA,worm,0.834,0.8420051733451992,0.008005173345199235,False
TUnA,yeast,0.641,0.647393068195169,0.006393068195168938,False
TUnA,ecoli,0.677,0.68850558548851,0.011505585488509995,False
PLM-interact,mouse,0.904,0.9039627460927472,-3.725390725284328e-05,True
PLM-interact,fly,0.913,0.9132991902002576,0.000299190200257593,True
PLM-interact,worm,0.888,0.887592022095778,-0.0004079779042219789,True
PLM-interact,yeast,0.706,0.7055137444761124,-0.00048625552388759097,True
PLM-interact,ecoli,0.722,0.7215701201670358,-0.000429879832964164,True
