row_id,label,logit,score
200,1,1.3695844411849976,0.7973129749298096
515,1,0.8766464591026306,0.7061268091201782
627,1,0.8240022659301758,0.6950852870941162
1223,1,0.5652083158493042,0.6376567482948303
1238,1,1.9436628818511963,0.8747539520263672
1282,1,0.12182236462831497,0.5304179787635803
1383,1,0.7196177840232849,0.6725228428840637
1387,1,-0.019844837486743927,0.4950389266014099
1545,1,1.5064342021942139,0.8185321688652039
1648,1,0.7152441740036011,0.6715589165687561
1650,1,0.4156426787376404,0.6024401187896729
1715,1,0.28498679399490356,0.5707683563232422
1753,1,0.16355657577514648,0.5407982468605042
1938,1,1.4844740629196167,0.8152474164962769
1963,1,0.04407401382923126,0.5110167264938354
2225,1,0.9715700745582581,0.7254323363304138
2352,1,0.43124520778656006,0.6061709523200989
2368,1,0.613464891910553,0.6487307548522949
2395,1,0.9699106812477112,0.7251017093658447
2437,1,-0.003008785890415311,0.49924784898757935
2743,1,2.0566298961639404,0.8866158127784729
2809,1,0.608771562576294,0.6476605534553528
2897,1,0.8115503787994385,0.6924397945404053
3085,1,1.0664068460464478,0.7439129948616028
3199,1,0.32744789123535156,0.5811383128166199
3279,1,0.6079455018043518,0.6474719643592834
3332,1,2.329817533493042,0.9113165736198425
3334,1,0.27911242842674255,0.5693286061286926
3486,1,1.4457114934921265,0.8093375563621521
3490,1,1.245921015739441,0.7765929698944092
3512,1,-0.49004390835762024,0.3798832297325134
3533,1,1.8796255588531494,0.8675681352615356
3597,1,1.2820979356765747,0.7828066945075989
3797,1,0.347388356924057,0.5859841704368591
4095,1,0.3588882088661194,0.5887712836265564
4150,1,1.7996443510055542,0.8581055998802185
4233,1,-0.12176796793937683,0.46959561109542847
4270,1,0.35291916131973267,0.5873252749443054
4298,1,0.19896546006202698,0.5495779514312744
4352,1,0.7685554623603821,0.6832083463668823
4391,1,0.2951940596103668,0.5732672214508057
4543,1,2.057591676712036,0.8867124915122986
4821,1,0.7102422714233398,0.6704546809196472
4969,1,0.05585246905684471,0.5139594674110413
5010,1,-1.4992330074310303,0.1825399547815323
5205,1,0.08361848443746567,0.5208924412727356
5295,1,0.5013862252235413,0.6227850317955017
5391,1,0.5236819386482239,0.6280083060264587
5411,1,0.255575954914093,0.5635484457015991
5535,1,0.4928728938102722,0.6207829713821411
5619,1,0.4722931981086731,0.6159263849258423
5622,1,0.37975019216537476,0.593812882900238
5646,1,-1.3419359922409058,0.2071918547153473
5702,1,0.226775661110878,0.556452214717865
5782,1,0.3598177134990692,0.5889962911605835
5795,1,1.6266274452209473,0.8357070684432983
5820,1,0.36824050545692444,0.5910337567329407
5927,1,1.8427811861038208,0.8632773160934448
6080,1,0.6429202556610107,0.6554132699966431
6380,1,0.7966423630714417,0.6892557740211487
6440,1,0.6228477358818054,0.6508659720420837
6494,1,0.3243260979652405,0.5803782343864441
6579,1,0.8432296514511108,0.6991450190544128
6580,1,0.8481314778327942,0.7001750469207764
6595,1,1.4154776334762573,0.8046284317970276
6620,1,0.5459149479866028,0.6331872940063477
6649,1,0.32257920503616333,0.5799527168273926
6787,1,0.9434365034103394,0.7197933197021484
6871,1,0.14109912514686584,0.5352163910865784
7030,1,0.435697078704834,0.6072332262992859
7069,1,0.27394968271255493,0.5680623054504395
7129,1,0.33057859539985657,0.5819001793861389
7247,1,2.024876832962036,0.8833843469619751
7331,1,0.9240887761116028,0.7158744931221008
7447,1,-0.1762136071920395,0.4560602605342865
7454,1,0.16821041703224182,0.5419537425041199
7771,1,2.134453535079956,0.8942070007324219
7859,1,2.135617256164551,0.8943171501159668
8048,1,-0.33282870054244995,0.41755250096321106
8075,1,-0.5869633555412292,0.35733190178871155
8220,1,0.7808327674865723,0.6858595609664917
8449,1,1.6193745136260986,0.8347088694572449
8628,1,0.5004863739013672,0.6225736141204834
8703,1,0.7046434879302979,0.669216513633728
8956,1,0.1876164674758911,0.5467670559883118
9030,1,0.6693408489227295,0.6613555550575256
9060,1,0.4406588673591614,0.6084160208702087
9146,1,0.7001277208328247,0.6682160496711731
9175,1,0.944279670715332,0.7199633121490479
9395,1,1.3010284900665283,0.7860080599784851
9422,1,0.21613016724586487,0.5538231730461121
9510,1,0.4699568748474121,0.6153735518455505
9540,1,0.19400522112846375,0.5483497381210327
9570,1,1.7065231800079346,0.8463848233222961
9597,1,0.48440903425216675,0.6187884211540222
9760,1,0.46898531913757324,0.6151435375213623
10316,1,0.705134391784668,0.6693251729011536
10363,1,0.4838399887084961,0.6186542510986328
10471,1,2.0164389610290527,0.8825123310089111
10521,1,0.6682537198066711,0.6611120104789734
10609,1,0.5460031032562256,0.6332077980041504
10777,1,2.176368474960327,0.8981072306632996
10819,1,0.44370734691619873,0.6091420650482178
10828,1,-0.18583230674266815,0.45367515087127686
10858,1,0.7884135842323303,0.6874905824661255
11105,1,0.1697680950164795,0.5423403978347778
11188,1,0.2698940336704254,0.5670669078826904
11223,1,-0.07951667904853821,0.4801312983036041
11367,1,0.6984583735466003,0.6678459048271179
11441,1,-0.057956088334321976,0.4855150282382965
11581,1,0.36856192350387573,0.591111421585083
11608,1,1.5491334199905396,0.824788510799408
11928,1,0.22857549786567688,0.5568963885307312
12010,1,0.7379518747329712,0.6765478253364563
12035,1,1.9013731479644775,0.870046854019165
12118,1,-0.8374063372612,0.30208131670951843
12164,1,0.3831220865249634,0.5946258902549744
12253,1,2.2698440551757812,0.9063485264778137
12309,1,1.0363529920578003,0.7381457090377808
12540,1,1.46737802028656,0.8126584887504578
12579,1,0.4867885112762451,0.6193495392799377
12747,1,1.6787670850753784,0.8427411913871765
12943,1,1.805777907371521,0.8588508367538452
12954,1,0.8583564162254333,0.7023171186447144
13002,1,0.8605716824531555,0.7027800679206848
13080,1,1.351965308189392,0.7944507598876953
13097,1,0.9063319563865662,0.7122489809989929
13104,1,0.4578176736831665,0.6124963760375977
13305,1,1.9301295280456543,0.8732637166976929
13324,1,0.6114278435707092,0.6482664346694946
13340,1,1.0125738382339478,0.7335235476493835
13434,1,0.8170371651649475,0.6936070919036865
13448,1,0.040896084159612656,0.5102226138114929
13524,1,1.5787588357925415,0.8290286660194397
13525,1,0.877013623714447,0.7062029838562012
13649,1,0.7149694561958313,0.6714982986450195
13708,1,0.9064159393310547,0.7122661471366882
13727,1,0.8213722109794617,0.6945275664329529
13737,1,0.5368841290473938,0.6310873031616211
13774,1,2.2903847694396973,0.9080775380134583
13777,1,0.3731467127799988,0.5922191143035889
13854,1,1.3668156862258911,0.7968652248382568
13929,1,0.8724028468132019,0.7052454352378845
14230,1,0.5014386773109436,0.6227973103523254
14242,1,1.095855712890625,0.7494828104972839
14405,1,2.239042282104492,0.9037011861801147
14454,1,0.17593106627464294,0.54386967420578
14476,1,0.3919396996498108,0.5967495441436768
14612,1,0.43724268674850464,0.6076018214225769
14695,1,0.6074602007865906,0.6473612189292908
14728,1,2.1120567321777344,0.8920695185661316
14853,1,0.46110743284225464,0.6132768392562866
14889,1,1.9358938932418823,0.8739003539085388
15026,1,0.4537753462791443,0.6115365028381348
15062,1,-0.19865155220031738,0.4504998028278351
15158,1,1.754655361175537,0.8525390028953552
15167,1,1.0678616762161255,0.7441900968551636
15209,1,0.3435778319835663,0.5850593447685242
15395,1,-0.6161486506462097,0.3506579101085663
15406,1,0.5854977965354919,0.6423314809799194
15484,1,0.5467404127120972,0.6333789825439453
15715,1,-0.2246152013540268,0.44408106803894043
15783,1,1.2971504926681519,0.7853550314903259
15970,1,0.4180259704589844,0.6030107736587524
16278,1,1.8378888368606567,0.8626987934112549
16503,1,0.37994158267974854,0.5938590168952942
16623,1,0.3789651393890381,0.5936234593391418
16698,1,1.7702401876449585,0.8544874787330627
16771,1,0.5351443290710449,0.6306821703910828
16786,1,1.1395153999328613,0.757590651512146
16842,1,0.11262862384319305,0.5281274318695068
16845,1,0.27871063351631165,0.5692300796508789
16854,1,1.956866979598999,0.8761934638023376
16865,1,1.4608395099639893,0.8116610646247864
16894,1,2.0062615871429443,0.8814529776573181
16958,1,0.17884662747383118,0.5445928573608398
16968,1,0.677891194820404,0.6632678508758545
17043,1,-0.1753844916820526,0.456265926361084
17191,1,0.209991455078125,0.5523057579994202
17291,1,2.127519130706787,0.8935492038726807
17364,1,0.1772034913301468,0.5441853404045105
17405,1,1.2948540449142456,0.7849676609039307
17432,1,0.6658955216407776,0.6605834364891052
17488,1,-0.2835863530635834,0.42957475781440735
17589,1,0.8785629868507385,0.7065243124961853
17662,1,1.5850682258605957,0.8299211263656616
17684,1,-0.2252248227596283,0.44393062591552734
17750,1,0.2200697362422943,0.5547964572906494
17833,1,0.5053611993789673,0.6237183809280396
17959,1,0.2932474911212921,0.5727910399436951
17963,1,1.1414841413497925,0.7579519748687744
18001,1,1.716395616531372,0.847663938999176
18073,1,-0.12241417914628983,0.46943461894989014
18114,1,0.47309553623199463,0.6161161661148071
18301,1,-0.5885754823684692,0.35696175694465637
18430,1,0.9016004204750061,0.7112782597541809
18713,1,0.25601059198379517,0.5636553168296814
18932,1,0.4761804938316345,0.6168454885482788
18947,1,0.5344099402427673,0.6305110454559326
18952,1,0.4453597664833069,0.6095353960990906
19129,1,0.38138675689697266,0.5942075252532959
19257,1,0.657655656337738,0.6587335467338562
19281,1,0.508144199848175,0.624371349811554
19285,1,1.0314780473709106,0.7372023463249207
19314,1,1.2117811441421509,0.770613968372345
19536,1,0.5462587475776672,0.6332671642303467
19659,1,0.13600078225135803,0.5339478254318237
19829,1,0.13221128284931183,0.5330047607421875
19908,1,0.4933325946331024,0.6208912134170532
19944,1,1.6583882570266724,0.840021550655365
19966,1,0.37987861037254333,0.5938438177108765
20045,1,1.777936577796936,0.8554419279098511
20112,1,2.179953098297119,0.8984347581863403
20259,1,0.48156023025512695,0.6181161999702454
20334,1,0.4501394033432007,0.6106723546981812
20442,1,0.34750545024871826,0.5860125422477722
20586,1,-0.46528559923171997,0.3857326805591583
20587,1,0.8400717377662659,0.6984803080558777
20623,1,0.2888345718383789,0.5717108249664307
20908,1,1.3088644742965698,0.7873231172561646
20926,1,1.3195918798446655,0.7891138195991516
21050,1,1.1880695819854736,0.766395628452301
21068,1,0.2695554792881012,0.5669837594032288
21251,1,0.07869038730859756,0.5196624398231506
21310,1,2.0086801052093506,0.8817054033279419
21342,1,0.561919093132019,0.6368964910507202
21487,1,0.8167128562927246,0.6935381293296814
21488,1,0.8966377377510071,0.7102580666542053
21489,1,1.2449731826782227,0.7764285206794739
21552,1,1.5238620042800903,0.821106493473053
21680,1,1.7305353879928589,0.849480926990509
21697,1,0.6255488395690918,0.6514795422554016
21903,1,-0.23180314898490906,0.44230732321739197
21954,1,1.5733925104141235,0.8282666802406311
22057,1,1.147696614265442,0.7590899467468262
22219,1,1.2105695009231567,0.7703996896743774
22229,1,0.1534380167722702,0.538284420967102
22402,1,0.4237785339355469,0.6043870449066162
22466,1,1.7648173570632935,0.8538119792938232
22490,1,0.42141804099082947,0.6038225293159485
22549,1,1.0978914499282837,0.7498648166656494
22615,1,0.25183379650115967,0.5626277923583984
22751,1,-0.3763296604156494,0.4070124626159668
22871,1,-0.5359261631965637,0.3691357970237732
23026,1,0.44797295331954956,0.6101571917533875
23031,1,1.4199846982955933,0.805336058139801
23163,1,0.7253113985061646,0.6737755537033081
23218,1,-0.27224209904670715,0.43235674500465393
23225,1,0.36745351552963257,0.5908434987068176
23406,1,0.8194300532341003,0.6941153407096863
23417,1,0.45925599336624146,0.6128376722335815
23774,1,0.09278710186481476,0.5231801867485046
23779,1,0.8184316158294678,0.6939032673835754
23791,1,1.9142348766326904,0.8714941740036011
23806,1,1.742042899131775,0.8509463667869568
23832,1,-0.08029723167419434,0.47993648052215576
23909,1,0.3119697570800781,0.5773659944534302
23956,1,1.7047494649887085,0.8461540341377258
24045,1,-0.10479944199323654,0.47382408380508423
24048,1,1.321684718132019,0.7894618511199951
24084,1,0.8230709433555603,0.6948878169059753
24201,1,0.2997037172317505,0.5743700265884399
24235,1,1.2608370780944824,0.7791701555252075
24291,1,0.3617174029350281,0.5894561409950256
24446,1,0.9340879321098328,0.7179039120674133
24459,1,0.8791754841804504,0.7066512703895569
24556,1,0.40659821033477783,0.6002719402313232
24607,1,-1.0224493741989136,0.2645505666732788
24636,1,0.4338572919368744,0.6067943572998047
24684,1,0.1212984099984169,0.5302874445915222
24687,1,0.7193354368209839,0.672460675239563
24697,1,-0.5379536151885986,0.3686637580394745
24836,1,0.899047315120697,0.7107536792755127
24856,1,0.2976919412612915,0.5738781690597534
24898,1,0.5598018765449524,0.6364067196846008
24979,1,0.46137019991874695,0.6133391857147217
25186,1,-1.4153242111206055,0.19539564847946167
25225,1,0.8866239786148071,0.7081929445266724
25275,1,0.2751305103302002,0.5683519840240479
25595,1,0.9899611473083496,0.7290802597999573
25634,1,1.222266435623169,0.7724621295928955
25735,1,0.8889299035072327,0.7086692452430725
25822,1,1.5105232000350952,0.8191387057304382
25838,1,0.3758653402328491,0.5928754806518555
25930,1,1.6241796016693115,0.8353707194328308
25995,1,0.6102727651596069,0.6480030417442322
26119,0,1.9819670915603638,0.8788906931877136
26191,0,0.5784490704536438,0.6407104730606079
26484,0,1.6458083391189575,0.8383237719535828
26608,0,1.9002395868301392,0.8699186444282532
26637,0,0.30146288871765137,0.5748000741004944
26735,0,0.3790072202682495,0.5936336517333984
27057,0,0.4158819317817688,0.6024974584579468
27110,0,0.4560450315475464,0.6120755672454834
27119,0,0.3310896158218384,0.5820244550704956
27219,0,-0.12265177816152573,0.4693754315376282
27262,0,1.3240877389907837,0.7898609638214111
27454,0,1.5375038385391235,0.8231015205383301
27567,0,-0.09050161391496658,0.4773900508880615
27740,0,0.0789995864033699,0.5197396278381348
27963,0,-0.34057390689849854,0.41567009687423706
28129,0,-0.20295147597789764,0.4494355320930481
28162,0,0.13157862424850464,0.5328472852706909
28211,0,0.2260040044784546,0.5562617182731628
28214,0,-1.1574472188949585,0.23913145065307617
28228,0,1.0455697774887085,0.7399232983589172
28362,0,0.5545504689216614,0.6351907253265381
28405,0,0.5288760662078857,0.6292209625244141
28441,0,0.7919830679893494,0.6882569789886475
28612,0,0.9972683191299438,0.7305211424827576
28697,0,0.2889060080051422,0.5717282891273499
28782,0,1.170264482498169,0.7631928324699402
29147,0,0.2504102885723114,0.5622774958610535
29263,0,0.23407608270645142,0.558253288269043
29268,0,2.1188771724700928,0.8927243947982788
29270,0,-0.279471218585968,0.4305834174156189
29338,0,0.6274768114089966,0.6519170999526978
29491,0,-0.6564587950706482,0.3415355682373047
29749,0,-0.28411948680877686,0.4294441342353821
29917,0,1.1616302728652954,0.7616288065910339
29949,0,0.19611458480358124,0.5488721132278442
30083,0,-0.19820980727672577,0.45060911774635315
30145,0,-0.4050140380859375,0.4001082479953766
30152,0,1.707833170890808,0.8465550541877747
30299,0,0.13812850415706635,0.5344772934913635
30418,0,0.8860529065132141,0.7080749869346619
30778,0,0.08498308807611465,0.5212329626083374
30780,0,-0.8575232028961182,0.2978570759296417
30869,0,1.4278243780136108,0.8065621256828308
30911,0,0.3230229616165161,0.5800607800483704
30977,0,0.8204774260520935,0.6943376660346985
30982,0,0.06950000673532486,0.5173680186271667
31059,0,0.2629201114177704,0.5653539896011353
31253,0,-1.1462863683700562,0.2411680519580841
31383,0,1.9475651979446411,0.8751809000968933
31485,0,-0.3153449594974518,0.42181068658828735
31557,0,1.6119846105575562,0.8336867690086365
31569,0,1.2146003246307373,0.7711119055747986
31657,0,1.8149861097335815,0.8599634170532227
31710,0,-1.5106443166732788,0.180843323469162
31748,0,0.8940590023994446,0.7097271084785461
32011,0,0.35431087017059326,0.5876625776290894
32014,0,2.1525814533233643,0.8959097266197205
32151,0,2.0990846157073975,0.8908141255378723
32171,0,1.6993324756622314,0.8454475402832031
32390,0,0.5436463356018066,0.6326602697372437
32500,0,0.4590277373790741,0.6127834916114807
32661,0,0.3666173815727234,0.5906413793563843
32731,0,1.8786344528198242,0.8674541711807251
32741,0,0.3707905113697052,0.5916499495506287
32772,0,0.5938231945037842,0.6442418694496155
32783,0,1.7184792757034302,0.8479328155517578
32888,0,-1.1407454013824463,0.24218353629112244
32908,0,0.11518646031618118,0.5287647843360901
32975,0,-2.1800246238708496,0.10155869275331497
33045,0,-0.1552252322435379,0.46127140522003174
33441,0,1.8039393424987793,0.8586277961730957
33505,0,0.3597680926322937,0.5889843106269836
33757,0,0.4160516560077667,0.6025380492210388
33823,0,0.9607523083686829,0.7232723832130432
33826,0,0.37983083724975586,0.5938323140144348
33848,0,1.4102989435195923,0.803813099861145
33903,0,-1.4709409475326538,0.18679963052272797
34126,0,1.636350393295288,0.8370377421379089
34138,0,-0.17761965095996857,0.4557114541530609
34235,0,0.3702499568462372,0.5915193557739258
34347,0,0.5382347106933594,0.6314016580581665
34356,0,0.3663478493690491,0.590576171875
34660,0,0.8537549376487732,0.7013542652130127
34724,0,0.3435186743736267,0.5850449800491333
34736,0,0.16878759860992432,0.5420970320701599
34984,0,0.9077925086021423,0.7125482559204102
35115,0,0.0006188142579048872,0.5001546740531921
35164,0,0.24536378681659698,0.5610350370407104
35184,0,0.029071398079395294,0.5072673559188843
35227,0,0.01539501454681158,0.503848671913147
35767,0,1.4073238372802734,0.8033435344696045
35782,0,1.584384560585022,0.8298245668411255
35839,0,0.9197368025779724,0.7149884700775146
35899,0,0.4694095253944397,0.6152439713478088
36005,0,-0.08935815095901489,0.47767531871795654
36048,0,0.7546086311340332,0.6801820993423462
36123,0,1.3545255661010742,0.7948684692382812
36329,0,-0.28328725695610046,0.4296480417251587
36401,0,1.167384147644043,0.7626718878746033
36428,0,1.550539255142212,0.8249916434288025
36445,0,0.5303499698638916,0.6295647621154785
36631,0,-1.752773404121399,0.14769771695137024
36674,0,0.22189059853553772,0.5552461743354797
36678,0,-0.37551775574684143,0.4072084128856659
37011,0,0.12999753654003143,0.532453715801239
37082,0,-0.07835421711206436,0.4804214537143707
37148,0,0.28616437315940857,0.5710568428039551
37231,0,0.39115267992019653,0.5965601205825806
37571,0,0.780032217502594,0.6856870651245117
37599,0,0.8284429907798767,0.6960256099700928
37837,0,1.5028102397918701,0.8179932236671448
37952,0,0.5769628882408142,0.6403682827949524
38024,0,1.4081257581710815,0.8034701943397522
38221,0,0.5937884449958801,0.6442339420318604
38373,0,0.32800590991973877,0.5812740921974182
38596,0,0.4881470203399658,0.6196698546409607
38623,0,-0.2581213414669037,0.4358255863189697
38777,0,0.2930854260921478,0.5727513432502747
38892,0,0.8420236706733704,0.698891282081604
38947,0,0.4283674955368042,0.6054837703704834
39140,0,0.7017413973808289,0.6685737371444702
39215,0,0.6246501803398132,0.6512754559516907
39316,0,-0.5885069370269775,0.3569774925708771
39376,0,-0.04412591829895973,0.4889702796936035
39406,0,0.38656115531921387,0.5954545736312866
39485,0,0.44711577892303467,0.6099532842636108
39500,0,1.7823432683944702,0.8559859991073608
39543,0,-0.17293529212474823,0.4568735659122467
39582,0,2.2589712142944336,0.9054216146469116
39625,0,-0.2338801473379135,0.4417950510978699
39883,0,0.19946233928203583,0.549700915813446
39953,0,2.0298337936401367,0.8838940262794495
40145,0,0.7272738218307495,0.6742067933082581
40282,0,0.14503279328346252,0.5361948013305664
40333,0,0.5863164067268372,0.6425195336341858
40421,0,-0.8738033771514893,0.29446351528167725
40654,0,0.4656936526298523,0.614363968372345
40687,0,-0.21124370396137238,0.4473845958709717
40758,0,-0.2821883261203766,0.4299173653125763
40903,0,0.1598174124956131,0.539869487285614
40983,0,-0.20190772414207458,0.44969385862350464
41161,0,0.45403891801834106,0.6115991473197937
41326,0,-0.7505567669868469,0.3206999897956848
41329,0,0.024129441007971764,0.5060320496559143
41449,0,0.0700278952717781,0.5174998044967651
41493,0,1.3755990266799927,0.7982832789421082
41504,0,-0.3644115626811981,0.4098920524120331
41541,0,1.8004330396652222,0.8582016825675964
41610,0,1.603511095046997,0.8325085043907166
41661,0,0.43914535641670227,0.6080553531646729
41766,0,1.376043438911438,0.7983548045158386
42120,0,0.2764716148376465,0.568681001663208
42208,0,0.6596558690071106,0.6591830849647522
42403,0,-0.025636417791247368,0.4935912489891052
42551,0,0.36888188123703003,0.5911887884140015
42670,0,0.1240980252623558,0.5309847593307495
42706,0,1.233415126800537,0.7744157910346985
42713,0,1.5733495950698853,0.8282605409622192
42810,0,0.9984483122825623,0.7307533621788025
43146,0,-0.8752343058586121,0.29416632652282715
43164,0,1.040164828300476,0.7388818264007568
43209,0,0.46052980422973633,0.6131398677825928
43280,0,0.25398769974708557,0.5631577968597412
43530,0,0.21754789352416992,0.554173469543457
43638,0,1.2720946073532104,0.7811011075973511
43655,0,0.50201815366745,0.6229335069656372
43718,0,-1.8239723443984985,0.1389579027891159
43727,0,0.3833448588848114,0.594679594039917
44305,0,0.6080421209335327,0.6474940776824951
44318,0,2.401113271713257,0.9169121384620667
44340,0,0.31189143657684326,0.577346920967102
44586,0,0.14107663929462433,0.5352107882499695
44683,0,0.4536576271057129,0.6115085482597351
44763,0,0.8201412558555603,0.6942663192749023
45000,0,1.0796295404434204,0.7464239001274109
45084,0,0.16895997524261475,0.5421397686004639
45101,0,1.1457000970840454,0.7587246298789978
45306,0,-1.338236927986145,0.20780014991760254
45346,0,0.8563176989555359,0.701890766620636
45409,0,0.9525910019874573,0.7216359376907349
45412,0,0.7874241471290588,0.6872779130935669
45538,0,0.21601571142673492,0.5537948608398438
46067,0,1.4928029775619507,0.8164986371994019
46317,0,0.7234769463539124,0.673372209072113
46403,0,2.0701115131378174,0.8879640698432922
46553,0,-0.37143510580062866,0.40819427371025085
46555,0,0.1911768615245819,0.5476491451263428
46625,0,-0.3296443223953247,0.4183271825313568
46669,0,1.0146162509918213,0.73392254114151
46777,0,0.9974122643470764,0.7305495142936707
46898,0,-0.7299051284790039,0.32521554827690125
47025,0,-1.733765959739685,0.1501065045595169
47099,0,-0.007406434044241905,0.4981484115123749
47160,0,-0.7037150263786316,0.3309890627861023
47190,0,0.5053901076316833,0.623725175857544
47200,0,1.8138418197631836,0.859825611114502
47305,0,-1.6784507036209106,0.15730074048042297
47451,0,1.0397523641586304,0.7388022541999817
47475,0,-1.5063172578811646,0.18148520588874817
47579,0,1.6659413576126099,0.841033935546875
48107,0,1.0859497785568237,0.7476182579994202
48331,0,-0.15583807229995728,0.4611191749572754
48441,0,-1.6187235116958618,0.16538098454475403
48609,0,0.291339248418808,0.5723239779472351
48648,0,1.4529310464859009,0.8104491233825684
48735,0,0.42120081186294556,0.6037705540657043
48770,0,0.3796291947364807,0.5937836766242981
48791,0,-1.1441972255706787,0.24155057966709137
49102,0,1.0386141538619995,0.7385825514793396
49154,0,0.07010265439748764,0.5175185203552246
49279,0,-1.377450704574585,0.20141874253749847
49313,0,0.3916131258010864,0.5966709852218628
49462,0,0.3949989080429077,0.5974854826927185
49468,0,-0.2431051880121231,0.43952128291130066
49608,0,0.3073207139968872,0.5762311220169067
50039,0,0.12971530854701996,0.5323834419250488
50137,0,0.5458585023880005,0.6331741809844971
50420,0,-0.2943439185619354,0.4269407093524933
50501,0,0.6305228471755981,0.6526080369949341
50520,0,1.8622506856918335,0.8655590415000916
50689,0,1.182360291481018,0.7653719186782837
50913,0,0.6450707316398621,0.6558988094329834
51050,0,-0.9273878335952759,0.283454954624176
51231,0,0.9316771030426025,0.717415452003479
51281,0,-0.11348537355661392,0.4716590940952301
51406,0,0.5831628441810608,0.6417948603630066
51438,0,0.43393176794052124,0.6068121790885925
51447,0,1.3314745426177979,0.7910844683647156
51453,0,-0.6935225129127502,0.33324992656707764
51519,0,0.07139589637517929,0.5178413987159729
51541,0,-0.34241390228271484,0.41522324085235596
51556,0,0.029297800734639168,0.5073239207267761
51688,0,-0.5351789593696594,0.36930981278419495
51876,0,0.640257716178894,0.654811680316925
