species,identity_bin,model,n,reported_ap,recomputed_ap,absolute_delta
mouse,"(20,40]",PLM-interact,168,0.611111,0.6111111111111112,1.1111111120065686e-07
mouse,"(20,40]",TUnA,168,0.5,0.5,0.0
mouse,"(40,60]",PLM-interact,1026,0.622185,0.6221852093006596,2.093006595815794e-07
mouse,"(40,60]",TUnA,1026,0.714071,0.7140709313339065,6.86660934778871e-08
mouse,"(60,80]",PLM-interact,8181,0.870703,0.8707030839828778,8.398287776323343e-08
mouse,"(60,80]",TUnA,8181,0.843836,0.8438357480225115,2.519774885412218e-07
mouse,"(80,100]",PLM-interact,45505,0.907123,0.9071228175666606,1.8243333943512852e-07
mouse,"(80,100]",TUnA,45505,0.89002,0.8900196403039442,3.596960558294171e-07
fly,0,PLM-interact,4778,0.428697,0.4286968566718224,1.4332817760420724e-07
fly,0,TUnA,4778,0.157407,0.157406754205542,2.4579445798145194e-07
fly,"(0,20]",PLM-interact,265,0.7,0.7,0.0
fly,"(0,20]",TUnA,265,0.590909,0.5909090909090909,9.0909090921798e-08
fly,"(20,40]",PLM-interact,9603,0.816539,0.8165391242081871,1.2420818706893044e-07
fly,"(20,40]",TUnA,9603,0.733571,0.733570583426947,4.165730529415157e-07
fly,"(40,60]",PLM-interact,20618,0.895337,0.8953365737509718,4.262490282957998e-07
fly,"(40,60]",TUnA,20618,0.808794,0.8087938388219988,1.6117800116788317e-07
fly,"(60,80]",PLM-interact,14920,0.917885,0.917884861490728,1.3850927194081208e-07
fly,"(60,80]",TUnA,14920,0.861962,0.8619624711765647,4.7117656465367475e-07
fly,"(80,100]",PLM-interact,4816,0.943539,0.9435391769907456,1.7699074561505768e-07
fly,"(80,100]",TUnA,4816,0.927317,0.9273171069776808,1.0697768082490455e-07
worm,0,PLM-interact,13806,0.273199,0.2731994981788704,4.981788703783963e-07
worm,0,TUnA,13806,0.267252,0.2672522781463108,2.781463108170179e-07
worm,"(0,20]",PLM-interact,384,0.562632,0.5626315789473685,4.210526315384655e-07
worm,"(0,20]",TUnA,384,0.431078,0.431077694235589,3.0576441101271e-07
worm,"(20,40]",PLM-interact,12836,0.750889,0.7508889941474112,5.8525888579907814e-09
worm,"(20,40]",TUnA,12836,0.566998,0.5669981013960509,1.0139605088888004e-07
worm,"(40,60]",PLM-interact,16617,0.83552,0.8355204302086849,4.3020868489840325e-07
worm,"(40,60]",TUnA,16617,0.767198,0.7671984187318179,4.187318178860977e-07
worm,"(60,80]",PLM-interact,8991,0.93099,0.9309898201228168,1.7987718314849133e-07
worm,"(60,80]",TUnA,8991,0.910846,0.9108461175496964,1.1754969631017076e-07
worm,"(80,100]",PLM-interact,2366,0.964817,0.9648173134620748,3.1346207474136634e-07
worm,"(80,100]",TUnA,2366,0.949351,0.9493505748268634,4.2517313658674283e-07
yeast,0,PLM-interact,15367,0.469493,0.4694925416541107,4.583458892981618e-07
yeast,0,TUnA,15367,0.400387,0.4003867059715451,2.940284549168837e-07
yeast,"(0,20]",PLM-interact,835,0.501372,0.5013723708555469,3.7085554682736444e-07
yeast,"(0,20]",TUnA,835,0.365051,0.3650511615384169,1.6153841686517012e-07
yeast,"(20,40]",PLM-interact,15064,0.566799,0.5667990101076501,1.010765005027281e-08
yeast,"(20,40]",TUnA,15064,0.500758,0.5007578519999082,1.4800009184856577e-07
yeast,"(40,60]",PLM-interact,14976,0.649615,0.6496148382413032,1.617586968816198e-07
yeast,"(40,60]",TUnA,14976,0.609349,0.6093488505905446,1.4940945547436968e-07
yeast,"(60,80]",PLM-interact,7863,0.835304,0.8353041042817504,1.0428175034604692e-07
yeast,"(60,80]",TUnA,7863,0.78448,0.7844802534697025,2.534697025602384e-07
yeast,"(80,100]",PLM-interact,895,0.826308,0.8263083911609836,3.91160983603811e-07
yeast,"(80,100]",TUnA,895,0.784978,0.7849775660837349,4.3391626503019864e-07
ecoli,0,PLM-interact,13003,0.566839,0.5668386035463223,3.9645367766460993e-07
ecoli,0,TUnA,13003,0.490321,0.4903205718986432,4.2810135680859673e-07
ecoli,"(0,20]",PLM-interact,400,0.074418,0.0744179119195745,8.808042549490747e-08
ecoli,"(0,20]",TUnA,400,0.129639,0.1296387778245281,2.2217547190894749e-07
ecoli,"(20,40]",PLM-interact,6081,0.779337,0.7793371122633562,1.1226335627778639e-07
ecoli,"(20,40]",TUnA,6081,0.727705,0.7277053577930154,3.5779301532645746e-07
ecoli,"(40,60]",PLM-interact,2172,0.86439,0.8643896212521438,3.7874785618896567e-07
ecoli,"(40,60]",TUnA,2172,0.874732,0.8747316807448778,3.1925512211650187e-07
ecoli,"(60,80]",PLM-interact,344,0.79916,0.7991597081952371,2.9180476290857627e-07
ecoli,"(60,80]",TUnA,344,0.81568,0.8156802287544991,2.2875449912085344e-07
