species,mask,figure_axis_label,reported_ap,recomputed_ap,absolute_delta
mouse,0%(binary),Mouse,0.907840336589353,0.9078403365893536,5.551115123125783e-16
fly,0%(binary),Worm,0.896320909404369,0.8963209094043696,5.551115123125783e-16
worm,0%(binary),Fly,0.882493808968722,0.8824938089687229,8.881784197001252e-16
yeast,0%(binary),Yeast,0.702151995493501,0.7021519954935013,2.220446049250313e-16
ecoli,0%(binary),E. coli,0.692405791054656,0.6924057910546567,6.661338147750939e-16
mouse,mask_7,Mouse,0.904648534837026,0.9046485348370266,5.551115123125783e-16
fly,mask_7,Worm,0.905863854490627,0.9058638544906272,2.220446049250313e-16
worm,mask_7,Fly,0.881939165241817,0.881939165241817,0.0
yeast,mask_7,Yeast,0.712988455710485,0.7129884557104854,4.440892098500626e-16
ecoli,mask_7,E. coli,0.716298272271558,0.716298272271558,0.0
mouse,mask_15,Mouse,0.903962746092747,0.9039627460927472,2.220446049250313e-16
fly,mask_15,Worm,0.913299190200257,0.9132991902002576,6.661338147750939e-16
worm,mask_15,Fly,0.887592022095778,0.887592022095778,0.0
yeast,mask_15,Yeast,0.705513744476112,0.7055137444761124,3.3306690738754696e-16
ecoli,mask_15,E. coli,0.721570120167035,0.7215701201670358,7.771561172376096e-16
mouse,mask_22,Mouse,0.906733052476866,0.906733052476866,0.0
fly,mask_22,Worm,0.905651670557329,0.9056516705573294,4.440892098500626e-16
worm,mask_22,Fly,0.882267099487367,0.8822670994873678,7.771561172376096e-16
yeast,mask_22,Yeast,0.718261959332051,0.7182619593320516,6.661338147750939e-16
ecoli,mask_22,E. coli,0.719306915617725,0.7193069156177254,4.440892098500626e-16
mouse,mask_30,Mouse,0.904781264687665,0.9047812646876654,4.440892098500626e-16
fly,mask_30,Worm,0.909239187149612,0.9092391871496124,3.3306690738754696e-16
worm,mask_30,Fly,0.888488031370133,0.8884880313701338,7.771561172376096e-16
yeast,mask_30,Yeast,0.708123883989621,0.7081238839896216,5.551115123125783e-16
ecoli,mask_30,E. coli,0.705149104946881,0.7051491049468814,4.440892098500626e-16
