species,mask,n,positive,prevalence,average_precision,pr_auc_trapezoid,auroc,threshold,precision,recall,f1,mcc,tn,fp,fn,tp,unique_scores,score_min,score_max
mouse,0%(binary),55000,5000,0.09090909090909091,0.9078403365893537,0.9078330503478623,0.983338366,0.5,0.804926643723963,0.8888,0.8447866172417071,0.8296596904417521,48923,1077,556,4444,53262,1.7696498e-06,0.9999933
mouse,mask_7,55000,5000,0.09090909090909091,0.9046485348370266,0.9046377712215113,0.982008548,0.0,0.8250806298615063,0.8698,0.8468503553694869,0.8314418388092756,49078,922,651,4349,53982,-12.493593,10.697745
mouse,mask_15,55000,5000,0.09090909090909091,0.9039627460927473,0.903952138039023,0.9821473260000002,0.0,0.8235294117647058,0.8736,0.8478260869565217,0.8325545266736906,49064,936,632,4368,53721,-11.31396,9.519307
mouse,mask_22,55000,5000,0.09090909090909091,0.906733052476866,0.9067224798438652,0.982864724,0.0,0.8096108167367074,0.8862,0.8461758808364366,0.8310613513464477,48958,1042,569,4431,53910,-11.757256,9.683309
mouse,mask_30,55000,5000,0.09090909090909091,0.9047812646876654,0.9047692079113212,0.9823128940000001,0.0,0.8092033466715169,0.8898,0.847590017146123,0.8326952233058802,48951,1049,551,4449,53844,-11.399482,10.076064
fly,0%(binary),55000,5000,0.09090909090909091,0.8963209094043696,0.8963245078713457,0.98101027,0.5,0.7515182186234818,0.891,0.8153367496339677,0.7986830604389441,48527,1473,545,4455,53275,1.8463251e-06,0.9999932
fly,mask_7,55000,5000,0.09090909090909091,0.9058638544906271,0.9058517404539927,0.982335406,0.0,0.8155105077180584,0.877,0.8451382865953551,0.8296986321061812,49008,992,615,4385,54384,-12.462327,10.714709
fly,mask_15,55000,5000,0.09090909090909091,0.9132991902002577,0.9132884112876496,0.9825121499999999,0.0,0.8231127679403542,0.8832,0.8520984081041968,0.8373662269196491,49051,949,584,4416,54144,-11.300528,9.519238
fly,mask_22,55000,5000,0.09090909090909091,0.9056516705573294,0.9056412521416144,0.981684154,0.0,0.7772553117380704,0.8926,0.8309439582945448,0.815134244748662,48721,1279,537,4463,54409,-11.726011,9.694541
fly,mask_30,55000,5000,0.09090909090909091,0.9092391871496124,0.9092159331374348,0.9829958040000001,0.0,0.8029653447659878,0.899,0.8482732591054916,0.8337794206659295,48897,1103,505,4495,54298,-11.363779,10.058478
worm,0%(binary),55000,5000,0.09090909090909091,0.8824938089687229,0.8824901438894445,0.9744029479999998,0.5,0.7961993407019585,0.8212,0.8085064487545535,0.7891454263121166,48949,1051,894,4106,53543,1.8181095e-06,0.9999926
worm,mask_7,55000,5000,0.09090909090909091,0.881939165241817,0.8819284339356877,0.970992408,0.0,0.8316158285243199,0.807,0.8191230207064556,0.8014428666476366,49183,817,965,4035,54434,-12.451384,10.692484
worm,mask_15,55000,5000,0.09090909090909091,0.887592022095778,0.8875826398751319,0.9737828339999999,0.0,0.8360108491550178,0.8014,0.8183396303482079,0.8008106716016442,49214,786,993,4007,54242,-11.269641,9.518164
worm,mask_22,55000,5000,0.09090909090909091,0.8822670994873678,0.8822571600553181,0.971564894,0.0,0.8119202684033945,0.8228,0.8173239296712029,0.798943936376798,49047,953,886,4114,54434,-11.741199,9.697793
worm,mask_30,55000,5000,0.09090909090909091,0.8884880313701338,0.8884783981834454,0.972829468,0.0,0.8326572008113591,0.821,0.8267875125881168,0.8096247900337046,49175,825,895,4105,54426,-11.367052,10.052179
yeast,0%(binary),55000,5000,0.09090909090909091,0.7021519954935013,0.7021507215575676,0.915747464,0.5,0.6050156739811913,0.6948,0.646806926084528,0.6105750546810581,47732,2268,1526,3474,53853,1.9907654e-06,0.9999931
yeast,mask_7,55000,5000,0.09090909090909091,0.7129884557104854,0.7129555743342333,0.9180004319999999,0.0,0.6644188813962714,0.67,0.6671977693686517,0.6337710836008065,48308,1692,1650,3350,54453,-12.4256935,10.70824
yeast,mask_15,55000,5000,0.09090909090909091,0.7055137444761124,0.7054818340823013,0.9123163400000001,0.0,0.6475236076315283,0.672,0.6595347924232015,0.6249228703787171,48171,1829,1640,3360,54348,-11.27662,9.52636
yeast,mask_22,55000,5000,0.09090909090909091,0.7182619593320516,0.7182341930528143,0.916440484,0.0,0.6476459510357816,0.6878,0.6671193016488846,0.6330753782070244,48129,1871,1561,3439,54479,-11.729587,9.696065
yeast,mask_30,55000,5000,0.09090909090909091,0.7081238839896216,0.7080930396951401,0.9120049619999999,0.0,0.6651008025053826,0.6796,0.6722722326639629,0.6391553834947195,48289,1711,1602,3398,54435,-11.349803,10.040767
ecoli,0%(binary),22000,2000,0.09090909090909091,0.6924057910546567,0.6924162530540168,0.8979192375,0.5,0.18454763811048838,0.922,0.3075383589059373,0.2971243367128657,11852,8148,156,1844,17414,3.0282336e-06,0.9999931
ecoli,mask_7,22000,2000,0.09090909090909091,0.716298272271558,0.7162558430816433,0.9026334750000001,0.0,0.26448,0.8265,0.4007272727272727,0.38033767987166184,15403,4597,347,1653,20977,-12.408973,10.704586
ecoli,mask_15,22000,2000,0.09090909090909091,0.7215701201670358,0.7215079499841106,0.9042653250000001,0.0,0.23190313240326402,0.881,0.36715982496353405,0.3562309802370651,14164,5836,238,1762,18226,-11.235893,9.517733
ecoli,mask_22,22000,2000,0.09090909090909091,0.7193069156177254,0.7192657706374761,0.9076820500000001,0.0,0.281239301609038,0.8215,0.4190257587350166,0.3980956095674265,15801,4199,357,1643,21012,-11.6741085,9.696212
ecoli,mask_30,22000,2000,0.09090909090909091,0.7051491049468814,0.7050923875925471,0.9166942625000001,0.0,0.2558205565019875,0.901,0.39849624060150374,0.39368193070323276,14758,5242,198,1802,20983,-11.305495,9.991426
