species,model,identity_bin,n,positives,average_precision
mouse,PLM-interact,0,119,0,0.0
mouse,PLM-interact,"(0,20]",1,0,0.0
mouse,PLM-interact,"(20,40]",168,2,0.6111111111111112
mouse,PLM-interact,"(40,60]",1026,16,0.6221852093006596
mouse,PLM-interact,"(60,80]",8181,317,0.8707030839828778
mouse,PLM-interact,"(80,100]",45505,4665,0.9071228175666606
mouse,TUnA,0,119,0,0.0
mouse,TUnA,"(0,20]",1,0,0.0
mouse,TUnA,"(20,40]",168,2,0.5
mouse,TUnA,"(40,60]",1026,16,0.7140709313339065
mouse,TUnA,"(60,80]",8181,317,0.8438357480225115
mouse,TUnA,"(80,100]",45505,4665,0.8900196403039442
fly,PLM-interact,0,4778,15,0.42869685667182245
fly,PLM-interact,"(0,20]",265,2,0.7
fly,PLM-interact,"(20,40]",9603,228,0.8165391242081871
fly,PLM-interact,"(40,60]",20618,1303,0.8953365737509718
fly,PLM-interact,"(60,80]",14920,2087,0.917884861490728
fly,PLM-interact,"(80,100]",4816,1365,0.9435391769907456
fly,TUnA,0,4778,15,0.157406754205542
fly,TUnA,"(0,20]",265,2,0.5909090909090909
fly,TUnA,"(20,40]",9603,228,0.733570583426947
fly,TUnA,"(40,60]",20618,1303,0.8087938388219988
fly,TUnA,"(60,80]",14920,2087,0.8619624711765647
fly,TUnA,"(80,100]",4816,1365,0.9273171069776808
worm,PLM-interact,0,13806,32,0.2731994981788704
worm,PLM-interact,"(0,20]",384,5,0.5626315789473685
worm,PLM-interact,"(20,40]",12836,410,0.7508889941474112
worm,PLM-interact,"(40,60]",16617,1537,0.8355204302086849
worm,PLM-interact,"(60,80]",8991,2059,0.9309898201228167
worm,PLM-interact,"(80,100]",2366,957,0.9648173134620749
worm,TUnA,0,13806,32,0.26725227814631086
worm,TUnA,"(0,20]",384,5,0.431077694235589
worm,TUnA,"(20,40]",12836,410,0.5669981013960509
worm,TUnA,"(40,60]",16617,1537,0.7671984187318179
worm,TUnA,"(60,80]",8991,2059,0.9108461175496965
worm,TUnA,"(80,100]",2366,957,0.9493505748268634
yeast,PLM-interact,0,15367,398,0.46949254165411075
yeast,PLM-interact,"(0,20]",835,26,0.5013723708555469
yeast,PLM-interact,"(20,40]",15064,843,0.5667990101076501
yeast,PLM-interact,"(40,60]",14976,1619,0.6496148382413032
yeast,PLM-interact,"(60,80]",7863,1811,0.8353041042817504
yeast,PLM-interact,"(80,100]",895,303,0.8263083911609836
yeast,TUnA,0,15367,398,0.4003867059715451
yeast,TUnA,"(0,20]",835,26,0.36505116153841694
yeast,TUnA,"(20,40]",15064,843,0.5007578519999082
yeast,TUnA,"(40,60]",14976,1619,0.6093488505905446
yeast,TUnA,"(60,80]",7863,1811,0.7844802534697025
yeast,TUnA,"(80,100]",895,303,0.7849775660837349
ecoli,PLM-interact,0,13003,695,0.5668386035463223
ecoli,PLM-interact,"(0,20]",400,7,0.07441791191957454
ecoli,PLM-interact,"(20,40]",6081,719,0.7793371122633562
ecoli,PLM-interact,"(40,60]",2172,496,0.8643896212521438
ecoli,PLM-interact,"(60,80]",344,83,0.7991597081952371
ecoli,TUnA,0,13003,695,0.4903205718986432
ecoli,TUnA,"(0,20]",400,7,0.12963877782452815
ecoli,TUnA,"(20,40]",6081,719,0.7277053577930154
ecoli,TUnA,"(40,60]",2172,496,0.8747316807448778
ecoli,TUnA,"(60,80]",344,83,0.8156802287544991
