row_id,label,original_tokens,tokens,logit,score
0,1,566,566,6.125197887420654,0.9978177547454834
53,1,1210,1210,4.55631160736084,0.9896084666252136
106,1,1223,1223,-5.69636869430542,0.0033468983601778
159,0,782,782,-10.623494148254396,2.4336859496543184e-05
212,1,392,392,-10.274805068969728,3.449005453148857e-05
265,1,871,871,9.068159103393556,0.9998847246170044
318,0,280,280,-8.734031677246094,0.0001609860773896
371,1,315,315,9.445273399353027,0.9999209642410278
424,1,663,663,9.275075912475586,0.9999063014984132
477,1,849,849,-3.604471683502197,0.0264814682304859
530,1,1089,1089,9.317462921142578,0.9999101161956788
583,0,753,753,-10.989046096801758,1.6885371223906986e-05
636,1,533,533,-3.110646724700928,0.0426702201366424
689,0,880,880,4.77377462387085,0.991622269153595
742,0,426,426,-11.012636184692385,1.6491710994159803e-05
795,0,465,465,-11.041826248168944,1.6017282177926973e-05
848,0,873,873,-9.227176666259766,9.832080104388297e-05
901,0,746,746,-6.710827827453613,0.0012161748018115
954,0,240,240,-10.719083786010742,2.2118285414762795e-05
1007,0,570,570,-4.296623706817627,0.0134315835312008
1060,0,830,830,-10.61116886138916,2.4638666218379512e-05
1113,0,706,706,-5.518101692199707,0.0039974157698452
1166,0,518,518,-10.73990249633789,2.1662579456460666e-05
1219,0,1351,1351,-10.166614532470703,3.843073864118196e-05
1272,0,668,668,-10.99886703491211,1.672035432420671e-05
1325,1,468,468,9.301417350769045,0.999908685684204
1378,1,561,561,-7.032403469085693,0.0008820287766866
1431,0,860,860,-10.911453247070312,1.824769969971385e-05
1484,0,1146,1146,-10.201065063476562,3.712937541422434e-05
1537,0,494,494,-9.427797317504885,8.044975402299315e-05
1590,0,1035,1035,-7.86127233505249,0.0003852347435895
1643,1,573,573,9.049120903015137,0.9998824596405028
1696,0,520,520,-10.534404754638672,2.660446807567496e-05
1749,0,221,221,-10.915149688720703,1.818037526390981e-05
1802,0,608,608,-10.234807968139648,3.589746484067291e-05
1855,0,417,417,-9.07796573638916,0.0001141405664384
1908,0,748,748,-11.068622589111328,1.5593783246004023e-05
1961,0,937,937,-10.72000217437744,2.2097980036051013e-05
2014,0,411,411,-10.617225646972656,2.44898928940529e-05
2067,0,599,599,-10.194616317749023,3.736957660294138e-05
2120,1,603,603,8.186805725097656,0.9997217059135436
2173,1,312,312,9.403733253479004,0.9999176263809204
2226,0,790,790,-8.893692016601562,0.0001372331462334
2279,1,652,652,9.07060432434082,0.9998849630355836
2332,1,375,375,9.395971298217772,0.9999169111251832
2385,0,416,416,-9.856017112731934,5.242801125859842e-05
2438,0,445,445,-10.871733665466309,1.898706250358373e-05
2491,1,706,706,-10.386991500854492,3.083000046899542e-05
2544,0,614,614,-11.16728973388672,1.4128678230918013e-05
2597,0,1181,1181,-9.772123336791992,5.701590271200985e-05
2650,0,433,433,-8.605093955993652,0.0001831367990234
2703,0,307,307,-6.459804058074951,0.0015626566018909
2756,0,559,559,-9.89120101928711,5.061555202701129e-05
2809,0,1257,1257,-9.209443092346191,0.0001000797492451
2862,0,741,741,-5.955723762512207,0.0025842720642685
2915,1,557,557,7.725794792175293,0.9995588660240172
2968,0,665,665,-10.839025497436523,1.9618350052041933e-05
3021,0,1024,1024,-5.8932881355285645,0.0027503084857016
3074,0,974,974,-9.108926773071287,0.0001106611744035
3127,0,432,432,-10.850075721740724,1.940275978995487e-05
3180,1,781,781,-6.454691886901856,0.0015706530539318
3233,1,520,520,-10.399477005004885,3.0447476092376743e-05
3286,0,486,486,-10.963578224182127,1.7320919141639024e-05
3339,1,636,636,-5.807673931121826,0.0029954111669212
3392,0,859,859,-4.138095378875732,0.015702698379755
3445,1,333,333,9.23214054107666,0.9999021291732788
3498,1,518,518,8.02468490600586,0.9996728897094728
3551,1,363,363,-6.327539920806885,0.0017832375597208
3604,1,393,393,9.475595474243164,0.9999233484268188
3657,1,903,903,5.493094444274902,0.9959017634391784
3710,1,1155,1155,8.542311668395996,0.9998050332069396
3763,0,835,835,-10.860147476196287,1.920832619362045e-05
3816,0,687,687,-10.910653114318848,1.826230618462432e-05
3869,1,888,888,7.891823768615723,0.9996262788772584
3922,0,540,540,-9.222246170043944,9.88067185971886e-05
3975,1,383,383,9.466465950012209,0.9999226331710817
4028,0,953,953,-4.723004817962647,0.0088101215660572
4081,1,929,929,8.840224266052246,0.9998551607131958
4134,0,316,316,-10.62885284423828,2.420679993520025e-05
4187,1,356,356,9.423484802246094,0.9999191761016846
4240,0,837,837,-10.832796096801758,1.974094266188331e-05
4293,0,722,722,-11.013352394104004,1.6479902114951983e-05
4346,1,894,894,-4.425798416137695,0.0118231941014528
4399,0,652,652,-10.640378952026367,2.3929398594191295e-05
4452,1,549,549,9.301517486572266,0.999908685684204
4505,1,1023,1023,8.134821891784668,0.9997069239616394
4558,0,329,329,-11.002644538879396,1.665731360844802e-05
4611,0,803,803,-10.569074630737305,2.569792377471458e-05
4664,0,596,596,-10.014097213745115,4.476240428630263e-05
4717,0,555,555,-6.250051975250244,0.0019266348099336
4770,1,528,528,1.842242121696472,0.8632137179374695
4823,1,1384,1384,6.779407978057861,0.9988644123077391
4876,0,1383,1383,-4.958062648773193,0.0069774999283254
4929,0,1223,1223,-10.963163375854492,1.7328107787761837e-05
4982,1,1206,1206,9.289820671081545,0.999907612800598
5035,0,495,495,-11.133989334106444,1.4607083357986994e-05
5088,0,375,375,-10.78679370880127,2.067026616714429e-05
5141,1,662,662,-7.958712100982666,0.000349480920704
5194,0,948,948,-11.062222480773926,1.5693904060753994e-05
5247,1,1135,1135,9.2464017868042,0.9999035596847534
5300,0,451,451,-10.791773796081545,2.0567584215314128e-05
5353,0,469,469,-8.887811660766602,0.0001380423927912
5406,1,401,401,5.396953582763672,0.9954901337623596
5459,0,811,811,-10.656280517578123,2.355190008529462e-05
5512,1,637,637,-9.664688110351562,6.348216265905648e-05
5565,0,542,542,-9.9340181350708,4.84941883769352e-05
5618,0,706,706,-10.636831283569336,2.4014439986785877e-05
5671,0,360,360,-11.220342636108398,1.3398657756624743e-05
5724,1,803,803,6.924761295318604,0.9990178346633912
5777,1,425,425,9.283607482910156,0.9999070167541504
5830,1,1144,1144,8.589513778686523,0.999813973903656
5883,1,941,941,5.394845008850098,0.9954805374145508
5936,0,747,747,-10.674636840820312,2.312352808075957e-05
5989,0,439,439,-10.803878784179688,2.032011980190873e-05
6042,1,917,917,3.430899143218994,0.9686564207077026
6095,0,707,707,-9.468693733215332,7.722626469330862e-05
6148,1,735,735,2.295562028884888,0.908508837223053
6201,0,657,657,-11.135479927062988,1.4585327335225884e-05
6254,1,975,975,8.497701644897461,0.9997960925102234
6307,0,418,418,-11.028133392333984,1.6238109310506843e-05
6360,1,401,401,-4.278659343719482,0.013671725988388
6413,1,1013,1013,8.758161544799805,0.999842882156372
6466,0,1399,1399,-10.265252113342283,3.48211033269763e-05
6519,1,638,638,8.033856391906738,0.9996758699417114
6572,0,1518,1518,-6.487736701965332,0.0015196768799796
6625,0,820,820,-11.082098960876465,1.5385048754978925e-05
6678,0,1014,1014,-7.799792766571045,0.0004096520133316
6731,1,893,893,-4.5911545753479,0.0100393323227763
6784,0,476,476,-10.903790473937988,1.838806019804906e-05
6837,0,890,890,-2.165846109390259,0.102859728038311
6890,0,688,688,-10.808245658874512,2.0231578673701733e-05
6943,0,530,530,-11.09757137298584,1.5148839338507967e-05
6996,1,1142,1142,-10.842479705810549,1.955070547410287e-05
7049,0,1001,1001,-9.826022148132324,5.402431997936219e-05
7102,0,855,855,-4.72457218170166,0.0087964450940489
7155,0,881,881,-4.892548561096191,0.0074464129284024
7208,0,723,723,-11.078730583190918,1.5436959074577317e-05
7261,1,1505,1505,6.313843727111816,0.9981922507286072
7314,0,1403,1403,-9.29123592376709,9.222049993695693e-05
7367,1,1119,1119,-9.878776550292969,5.124831659486517e-05
7420,0,796,796,-11.055084228515623,1.5806330338818952e-05
7473,0,804,804,-10.885337829589844,1.8730514057097025e-05
7526,1,555,555,8.530390739440918,0.9998026490211488
7579,1,953,953,8.727681159973145,0.9998379945755004
7632,0,603,603,-5.716414451599121,0.0032806931994855
7685,0,597,597,-11.11214828491211,1.4929622921044938e-05
7738,0,938,938,-10.511276245117188,2.7226942620472983e-05
7791,1,402,402,9.428155899047852,0.9999195337295532
7844,0,416,416,-10.690726280212402,2.275446786370594e-05
7897,0,702,702,-10.517553329467772,2.705657789192628e-05
7950,1,374,374,5.972733020782471,0.9974592328071594
8003,0,404,404,-11.088064193725586,1.5293548131012358e-05
8056,1,647,647,-10.707538604736328,2.2375119442585856e-05
8109,0,285,285,-11.009454727172852,1.654425977903884e-05
8162,0,855,855,-10.12548542022705,4.004425136372447e-05
8215,0,730,730,-10.625581741333008,2.428610787319485e-05
8268,1,1006,1006,-3.649314641952514,0.0253496300429105
8321,0,1146,1146,-7.181024074554443,0.0007603097474202
8374,0,323,323,-8.930603981018066,0.0001322606112807
8427,0,765,765,-11.091146469116213,1.524648268969031e-05
8480,1,340,340,-5.457368850708008,0.0042466511949896
8533,1,642,642,-10.668289184570312,2.32707698160084e-05
8586,0,830,830,-10.431610107421877,2.9484686820069328e-05
8639,1,908,908,6.271406650543213,0.9981139898300172
8692,0,971,971,-8.638193130493164,0.0001771754032233
8745,1,886,886,8.793448448181152,0.999848246574402
8798,0,541,541,-10.678112983703612,2.3043288820190355e-05
8851,0,994,994,-4.423101902008057,0.0118547407910227
8904,0,208,208,-10.45725440979004,2.8738202672684565e-05
8957,1,387,387,9.44986629486084,0.9999213218688964
9010,0,583,583,-10.562515258789062,2.586703521956224e-05
9063,1,347,347,9.46768283843994,0.9999226331710817
9116,1,870,870,8.977834701538086,0.9998738765716552
9169,0,883,883,-11.08413314819336,1.5353785784100182e-05
9222,1,469,469,6.34547233581543,0.9982484579086304
9275,0,909,909,-6.5987749099731445,0.0013601829996332
9328,1,605,605,1.598693609237671,0.8318356871604919
9381,0,660,660,-10.592157363891602,2.511155435058754e-05
9434,1,217,217,9.366625785827637,0.999914526939392
9487,1,533,533,6.279199600219727,0.9981285929679872
9540,0,754,754,-10.963529586791992,1.732176315272227e-05
9593,1,1129,1129,9.158978462219238,0.9998947381973268
9646,1,677,677,5.219431400299072,0.9946186542510986
9699,0,669,669,-10.805906295776367,2.0278963347664103e-05
9752,0,574,574,-10.909971237182615,1.8274764443049207e-05
9805,1,889,889,-0.4437628388404846,0.3908447325229645
9858,0,390,390,-10.074602127075195,4.213447755319066e-05
9911,0,916,916,-10.634092330932615,2.4080301955109466e-05
9964,0,754,754,-11.19923973083496,1.3684410077985376e-05
10017,0,426,426,-10.938190460205078,1.776628050720319e-05
10070,1,887,887,8.796648025512695,0.99984872341156
10123,1,911,911,4.873194217681885,0.9924091100692748
10176,0,562,562,-10.79891300201416,2.0421271983650516e-05
10229,0,531,531,-10.635327339172363,2.4050579668255523e-05
10282,1,462,462,-6.09025239944458,0.0022597191855311
10335,0,969,969,-9.807796478271484,5.501792475115508e-05
10388,1,887,887,5.894022941589356,0.9972516894340516
10441,0,690,690,-10.802040100097656,2.035751640505623e-05
10494,0,294,294,-10.502296447753906,2.747252983681392e-05
10547,1,1281,1281,-4.011322021484375,0.0177873186767101
10600,1,588,588,-2.2309956550598145,0.0970013961195945
10653,1,428,428,-5.62999439239502,0.003575763432309
10706,0,608,608,-10.936908721923828,1.778906698746141e-05
10759,1,903,903,9.32505226135254,0.999910831451416
10812,0,466,466,-10.790769577026367,2.058824793493841e-05
10865,0,1116,1116,-5.8570876121521,0.0028514058794826
10918,0,1056,1056,-10.89712619781494,1.851101296779234e-05
10971,0,288,288,-9.154393196105955,0.0001057429981301
11024,1,348,348,0.4679621458053589,0.6149013042449951
11077,1,1158,1158,2.380078077316284,0.9152954816818236
11130,0,470,470,-10.922052383422852,1.805531428544782e-05
11183,0,472,472,-9.212919235229492,9.973249689210206e-05
11236,0,520,520,-10.948896408081056,1.7577092876308598e-05
11289,0,819,819,-10.132019996643066,3.978344102506526e-05
11342,1,1435,1435,-7.374875068664551,0.0006264123367145
11395,1,316,316,9.470911979675291,0.9999229907989502
11448,1,335,335,9.465520858764648,0.999922513961792
11501,0,767,767,-9.46498680114746,7.751303928671405e-05
11554,1,711,711,-4.27872896194458,0.0136707862839102
11607,1,1305,1305,-7.328348159790039,0.0006562264752574
11660,0,247,247,-8.838642120361328,0.0001449985138606
11713,0,932,932,-10.16274356842041,3.85797829949297e-05
11766,0,840,840,-10.548468589782717,2.623293585202191e-05
11819,0,526,526,-10.59347438812256,2.5078505132114515e-05
11872,0,888,888,-9.330381393432615,8.868053555488586e-05
11925,0,486,486,-10.218107223510742,3.650199141702615e-05
11978,0,1142,1142,-7.941935062408447,0.00035539153032
12031,0,946,946,-10.706539154052734,2.239749301224947e-05
12084,0,700,700,-9.604424476623535,6.742518598912284e-05
12137,1,1453,1453,-10.845645904541016,1.9488901671138592e-05
12190,1,792,792,9.078231811523438,0.9998859167099
12243,1,758,758,7.048892021179199,0.9991324543952942
12296,0,393,393,-9.928181648254396,4.877803439740092e-05
12349,0,873,873,-3.427095890045166,0.0314592979848384
12402,1,652,652,-5.440209865570068,0.0043198307976126
12455,0,452,452,-10.736897468566896,2.172777385567315e-05
12508,0,598,598,-10.76378345489502,2.1151396140339784e-05
12561,0,1152,1152,-9.139514923095703,0.0001073278617695
12614,0,322,322,-11.179336547851562,1.3959496754978318e-05
12667,0,860,860,-10.441917419433594,2.918234531534836e-05
12720,0,784,784,-11.150445938110352,1.4368671145348344e-05
12773,0,191,191,-9.931224822998049,4.8629826778778806e-05
12826,0,551,551,-11.145360946655272,1.4441920939134434e-05
12879,1,603,603,9.08797550201416,0.999886989593506
12932,0,897,897,8.933810234069824,0.9998681545257568
12985,0,913,913,-9.65866470336914,6.386567110894248e-05
13038,0,1245,1245,-11.058815002441406,1.5747471479699016e-05
13091,0,388,388,-10.875901222229004,1.8908100173575804e-05
13144,0,861,861,-11.059444427490234,1.57375634444179e-05
13197,0,630,630,-5.194770336151123,0.0055149067193269
13250,0,184,184,-11.005322456359863,1.6612766557955183e-05
13303,0,1058,1058,-9.24002456665039,9.706577839097008e-05
13356,1,475,475,-1.0151145458221436,0.2659801244735718
13409,1,724,724,1.1034809350967407,0.7509117722511292
13462,1,541,541,-1.2531495094299316,0.2221554070711136
13515,0,592,592,-9.982295036315918,4.620875552063808e-05
13568,0,367,367,-6.936004161834717,0.0009712021565064
13621,1,387,387,-7.34219217300415,0.0006472100503742
13674,0,205,205,-10.355300903320312,3.182263390044682e-05
13727,1,1327,1327,-10.572463989257812,2.561097426223569e-05
13780,0,802,802,-10.712173461914062,2.227165714430157e-05
13833,0,647,647,-9.83219051361084,5.3692125220550224e-05
13886,0,878,878,-4.294686794281006,0.0134572749957442
13939,0,409,409,-10.267457008361816,3.4744414733722806e-05
13992,0,507,507,-9.770353317260742,5.711690755560994e-05
14045,0,589,589,-10.459447860717772,2.8675238354480825e-05
14098,0,1210,1210,-10.42121696472168,2.9792714485665783e-05
14151,0,625,625,-10.618263244628906,2.4464492526021783e-05
14204,0,1304,1304,-9.036928176879885,0.0001189214890473
14257,0,545,545,-11.03372573852539,1.614755456103012e-05
14310,0,835,835,-9.846368789672852,5.29362732777372e-05
14363,0,520,520,-10.906485557556152,1.8338572772336192e-05
14416,0,551,551,-10.253988265991213,3.521552571328357e-05
14469,0,791,791,-7.212820529937744,0.0007365323835983
14522,0,570,570,-10.762840270996094,2.117135409207549e-05
14575,0,713,713,-10.98434829711914,1.6964879250735976e-05
14628,0,594,594,-10.957160949707031,1.7432426830055192e-05
14681,0,704,704,-10.854047775268556,1.932584746100474e-05
14734,0,446,446,-10.276994705200195,3.441462104092352e-05
14787,0,867,867,-2.1499180793762207,0.1043388769030571
14840,0,468,468,-10.315298080444336,3.312139233457856e-05
14893,0,369,369,-10.37324047088623,3.125685907434672e-05
14946,0,126,126,-10.478511810302734,2.813376886479091e-05
14999,0,314,314,-9.994986534118652,4.562603135127574e-05
15052,0,689,689,-10.577874183654783,2.547279109421652e-05
15105,0,673,673,-11.010583877563477,1.6525591490790248e-05
15158,0,825,825,-10.850433349609377,1.939582398335915e-05
15211,0,1180,1180,-10.82421875,1.9910990886273797e-05
15264,0,1402,1402,-7.183416843414307,0.0007584940176457
15317,0,786,786,-10.245673179626465,3.5509554436430335e-05
15370,0,479,479,-10.842095375061035,1.955821971932892e-05
15423,0,171,171,-10.441545486450195,2.919320104410872e-05
15476,0,883,883,-10.55210018157959,2.6137844542972744e-05
15529,0,579,579,-11.182167053222656,1.3920041055826005e-05
15582,0,317,317,-11.14605712890625,1.4431871022679845e-05
15635,0,496,496,-10.727261543273926,2.1938149075140245e-05
15688,0,405,405,-8.30308723449707,0.0002476894296705
15741,0,699,699,-10.839092254638672,1.961704037967138e-05
15794,0,304,304,-10.203189849853516,3.705056587932632e-05
15847,0,570,570,-11.069972038269045,1.557275390950963e-05
15900,0,990,990,-9.657432556152344,6.394440424628556e-05
15953,0,589,589,-6.830620288848877,0.0010790223022922
16006,0,366,366,-10.842988967895508,1.9540751964086667e-05
16059,0,374,374,-10.987712860107422,1.6907897588680498e-05
16112,0,1014,1014,0.4362402260303497,0.6073627471923828
16165,0,349,349,-9.983230590820312,4.616555088432506e-05
16218,0,623,623,-11.000441551208496,1.669404809945263e-05
16271,0,780,780,-5.948025703430176,0.0026041909586638
16324,0,796,796,-10.90529441833496,1.83604279300198e-05
16377,0,528,528,-10.25132179260254,3.5309549275552854e-05
16430,0,879,879,-10.734936714172363,2.177041824324988e-05
16483,0,830,830,-10.20628547668457,3.693605322041549e-05
16536,0,633,633,-9.571919441223145,6.965269858483225e-05
16589,0,1252,1252,-9.544415473937988,7.159487722674385e-05
16642,0,1096,1096,-5.274994850158691,0.0050919228233397
16695,0,445,445,-11.039804458618164,1.6049698388087563e-05
16748,0,1180,1180,-4.698056697845459,0.0090306727215647
16801,0,621,621,-8.431449890136719,0.0002178578579332
16854,0,628,628,-10.75340461730957,2.137206138286274e-05
16907,0,1283,1283,-8.85540771484375,0.0001425881346222
16960,0,689,689,-8.072983741760254,0.0003117542073596
17013,0,388,388,-11.135054588317873,1.459153190808138e-05
17066,0,824,824,-11.155534744262695,1.4295740584202576e-05
17119,0,877,877,-11.152959823608398,1.433259603800252e-05
17172,0,1031,1031,-10.808341979980469,2.0229630536050536e-05
17225,0,888,888,-8.381937026977539,0.0002289136027684
17278,0,386,386,-10.917506217956545,1.8137583538191396e-05
17331,0,847,847,-10.681004524230955,2.297675564477686e-05
17384,0,634,634,-10.75670051574707,2.1301739252521656e-05
17437,0,1067,1067,-10.713895797729492,2.223333103756886e-05
17490,0,493,493,-10.747963905334473,2.1488656784640625e-05
17543,0,466,466,-10.585195541381836,2.5286983145633712e-05
17596,0,694,694,-10.90194320678711,1.842206074798014e-05
17649,0,903,903,-10.734548568725586,2.1778869268018752e-05
17702,0,372,372,-9.985617637634276,4.6055487473495305e-05
17755,0,565,565,-10.877501487731934,1.8877866750699468e-05
17808,0,980,980,-9.889854431152344,5.0683756853686646e-05
17861,0,299,299,-9.945734977722168,4.792933032149449e-05
17914,0,508,508,-10.709613800048828,2.2328733393806036e-05
17967,0,888,888,-10.219145774841309,3.646410550572909e-05
18020,0,1007,1007,-9.740800857543944,5.882994446437806e-05
18073,0,864,864,-9.185215950012209,0.0001025337551254
18126,0,773,773,-9.706260681152344,6.089730595704168e-05
18179,0,754,754,-10.392695426940918,3.065465352847241e-05
18232,0,310,310,-11.062637329101562,1.5687395716668107e-05
18285,0,759,759,-10.870121955871582,1.901768882817123e-05
18338,0,420,420,-9.332956314086914,8.845250704325736e-05
18391,0,323,323,-8.345348358154297,0.0002374423056608
18444,0,692,692,-7.617445468902588,0.0004915548488497
18497,0,655,655,-10.859517097473145,1.9220438844058663e-05
18550,0,836,836,-11.051542282104492,1.5862413420109078e-05
18603,0,715,715,-9.841815948486328,5.317782051861286e-05
18656,0,377,377,-10.836921691894531,1.9659666577354077e-05
18709,0,649,649,-10.664381980895996,2.3361870262306184e-05
18762,0,647,647,-5.546594142913818,0.0038855632301419
18815,0,603,603,-11.141161918640137,1.4502689737128094e-05
18868,0,1088,1088,-4.440701007843018,0.0116503424942493
18921,0,914,914,-10.67746925354004,2.3058124497765675e-05
18974,0,642,642,-9.411014556884766,8.18112021079287e-05
19027,0,1199,1199,-5.033967971801758,0.00647077197209
19080,0,640,640,-10.36376667022705,3.1554380257148296e-05
19133,0,471,471,-10.854934692382812,1.9308714399812743e-05
19186,0,750,750,-10.80401611328125,2.031732947216369e-05
19239,0,893,893,-10.509331703186035,2.727993887674529e-05
19292,0,536,536,-10.819825172424316,1.9998662537545897e-05
19345,0,894,894,-11.048418998718262,1.5912033632048406e-05
19398,0,1309,1309,-11.07060718536377,1.5562867702101357e-05
19451,0,456,456,-11.152424812316896,1.4340266716317274e-05
19504,0,498,498,-9.916152954101562,4.936828918289393e-05
19557,0,832,832,-10.622034072875977,2.43724171014037e-05
19610,0,537,537,-10.61913013458252,2.444329766149167e-05
19663,0,330,330,-11.046578407287598,1.5941346646286547e-05
19716,0,428,428,-2.7153468132019043,0.0620738230645656
19769,0,712,712,-8.903839111328125,0.0001358478475594
19822,0,372,372,-11.213346481323242,1.3492724974639714e-05
19875,0,266,266,-4.815789222717285,0.0080357296392321
19928,0,571,571,-11.160749435424805,1.4221386663848534e-05
19981,0,417,417,-11.158687591552734,1.425073787686415e-05
20034,0,789,789,-10.851929664611816,1.936682383529842e-05
20087,0,617,617,-10.921489715576172,1.8065476979245432e-05
20140,0,575,575,-10.140909194946287,3.9431379263987765e-05
20193,0,858,858,-10.977136611938477,1.7087664673454128e-05
20246,0,898,898,-10.577962875366213,2.547053372836672e-05
20299,0,452,452,-11.021034240722656,1.6353795217582956e-05
20352,0,479,479,-10.957308769226074,1.742985114105977e-05
20405,0,273,273,-10.90798282623291,1.831113695516251e-05
20458,0,483,483,-11.128229141235352,1.4691466276417486e-05
20511,0,902,902,-10.698371887207031,2.258116364828311e-05
20564,0,626,626,9.222167015075684,0.9999011754989624
20617,0,993,993,-10.985536575317385,1.6944733943091705e-05
20670,0,687,687,-8.396895408630371,0.0002255156432511
20723,0,827,827,-10.2976655960083,3.371056300238706e-05
20776,0,334,334,-10.946636199951172,1.761686689860653e-05
20829,0,394,394,-11.124591827392578,1.4745000044058544e-05
20882,0,230,230,-10.976874351501465,1.7092146663344465e-05
20935,0,190,190,-10.65289306640625,2.36318119277712e-05
20988,0,473,473,-11.068599700927734,1.559414158691652e-05
21041,0,1231,1231,-10.782403945922852,2.0761199266416952e-05
21094,0,180,180,-10.989184379577637,1.688303382252343e-05
21147,0,544,544,-11.05172348022461,1.5859539416851476e-05
21200,0,726,726,-7.639267444610596,0.0004809494130313
21253,0,597,597,-10.012744903564451,4.4822972995461896e-05
21306,0,402,402,-11.088129043579102,1.5292556781787425e-05
21359,0,620,620,-9.826519012451172,5.399748988565989e-05
21412,0,471,471,-10.858757019042969,1.923505260492675e-05
21465,0,428,428,-10.85353946685791,1.9335671822773293e-05
21518,0,486,486,-11.03517246246338,1.6124211470014416e-05
21571,0,977,977,-9.784208297729492,5.6331049563596025e-05
21624,0,333,333,-11.225248336791992,1.3333088645595126e-05
21677,0,280,280,-8.990728378295898,0.0001245438179466
21730,0,804,804,-10.953189849853516,1.7501788533991203e-05
21783,0,1261,1261,-10.959665298461914,1.7388825654052198e-05
21836,0,760,760,-10.84664249420166,1.946948941622395e-05
21889,0,363,363,-7.499572277069092,0.0005530150374397
21942,0,1129,1129,-3.6583545207977295,0.0251272376626729
21995,0,821,821,-10.844371795654297,1.9513747247401625e-05
22048,0,900,900,-9.729573249816896,5.949413753114641e-05
22101,0,770,770,-10.84686279296875,1.9465202058199796e-05
22154,0,1197,1197,-10.884132385253906,1.8753105905489065e-05
22207,0,816,816,-11.077056884765623,1.546281600894872e-05
22260,0,1116,1116,-10.7061128616333,2.240704088762868e-05
22313,0,636,636,-10.973033905029297,1.7157912225229666e-05
22366,0,799,799,-6.300462245941162,0.0018320933450013
22419,0,430,430,-10.793092727661133,2.054047399724368e-05
22472,0,1182,1182,-10.478513717651367,2.813371611409821e-05
22525,0,749,749,-10.678467750549316,2.303511428181082e-05
22578,0,801,801,-6.043235301971436,0.0023682443425059
22631,0,334,334,-10.892671585083008,1.859365511336364e-05
22684,0,1041,1041,-7.679047584533691,0.0004622013948392
22737,0,1175,1175,-9.679292678833008,6.256182678043842e-05
22790,0,1174,1174,-10.372953414916992,3.1265833968063816e-05
22843,0,922,922,-10.324443817138672,3.2819865737110376e-05
22896,0,956,956,-8.808202743530273,0.0001494793687015
22949,0,713,713,-9.942914962768556,4.806467768503353e-05
23002,0,760,760,-11.080606460571287,1.540802804811392e-05
23055,0,599,599,-10.488749504089355,2.784722346405033e-05
23108,0,379,379,-9.54550838470459,7.151668251026422e-05
23161,0,1301,1301,-10.64874267578125,2.373009738221299e-05
23214,0,888,888,-10.611846923828123,2.462196607666556e-05
23267,0,858,858,-9.84361457824707,5.308226536726579e-05
23320,0,534,534,-10.706588745117188,2.2396381609723903e-05
23373,0,706,706,-11.014120101928713,1.6467256500618532e-05
23426,0,513,513,-10.365730285644531,3.149248004774563e-05
23479,0,899,899,-6.181909084320068,0.0020622175652533
23532,0,545,545,-11.093012809753418,1.5218054613796994e-05
23585,0,907,907,-6.450669765472412,0.0015769731253385
23638,0,376,376,-10.339996337890623,3.231339724152349e-05
23691,0,1269,1269,-10.659406661987305,2.347838926652912e-05
23744,0,303,303,-10.442278861999512,2.9171800633776e-05
23797,0,1155,1155,-5.073350429534912,0.0062224459834396
23850,0,440,440,-9.689522743225098,6.192512228153646e-05
23903,0,869,869,-11.073980331420898,1.5510460798395798e-05
23956,0,305,305,-9.62163257598877,6.627492984989658e-05
24009,0,783,783,-11.140049934387209,1.4518825992126947e-05
24062,0,355,355,-10.928287506103516,1.7943089915206656e-05
24115,0,507,507,-9.814919471740724,5.4627445933874696e-05
24168,0,416,416,-9.111289978027344,0.0001104000039049
24221,0,498,498,-10.651078224182127,2.367474007769488e-05
24274,0,544,544,-10.919557571411133,1.8100414308719337e-05
24327,0,709,709,-7.513967990875244,0.0005451152683235
24380,0,738,738,-11.059459686279297,1.5737323337816633e-05
24433,0,557,557,-11.087051391601562,1.530904592073057e-05
24486,0,678,678,-10.448969841003418,2.89772724499926e-05
24539,0,988,988,-9.521560668945312,7.324988837353885e-05
24592,0,730,730,-11.155662536621094,1.4293912499852013e-05
24645,0,243,243,-10.611562728881836,2.4628963728901e-05
24698,0,918,918,-10.79854965209961,2.0428695279406384e-05
24751,0,1041,1041,-8.51032829284668,0.0002013371558859
24804,0,218,218,-8.778923988342285,0.0001539199438411
24857,0,264,264,9.176867485046388,0.9998966455459596
24910,0,618,618,-11.005315780639648,1.66128775163088e-05
24963,0,450,450,-10.243578910827637,3.558399839675985e-05
25016,0,1149,1149,-8.883098602294922,0.0001386944495607
25069,0,698,698,-7.158681869506836,0.0007774744881317
25122,0,262,262,-10.915815353393556,1.8168275346397426e-05
25175,0,539,539,-11.044997215270996,1.596657239133492e-05
25228,0,637,637,-8.144311904907227,0.0002902981068473
25281,0,616,616,-9.382381439208984,8.418736979365349e-05
25334,0,760,760,-10.784582138061523,2.071602648356929e-05
25387,0,835,835,-10.173274993896484,3.817563265329227e-05
25440,0,1243,1243,-8.273821830749512,0.0002550433564465
25493,0,776,776,-10.83572769165039,1.9683153368532658e-05
25546,0,570,570,-10.478303909301758,2.813961691572331e-05
25599,0,835,835,-11.029207229614258,1.622068157303147e-05
25652,0,818,818,-10.553964614868164,2.608915929158684e-05
25705,0,709,709,-10.664892196655272,2.3349954062723555e-05
25758,0,372,372,-10.240313529968262,3.5700380976777524e-05
25811,0,291,291,-8.085899353027344,0.000307754788082
25864,0,997,997,-10.805810928344728,2.028089511441067e-05
25917,0,1022,1022,-10.884687423706056,1.874269946711138e-05
25970,0,566,566,8.721769332885742,0.999837040901184
26023,0,730,730,-10.258737564086914,3.504867709125392e-05
26076,0,1284,1284,-10.135415077209473,3.964860661653802e-05
26129,0,208,208,-10.989320755004885,1.6880732800927944e-05
26182,0,396,396,-11.031911849975586,1.6176871213247068e-05
26235,0,626,626,-10.919740676879885,1.809710192901548e-05
26288,0,440,440,-10.936027526855469,1.780474849510938e-05
26341,0,979,979,-10.292976379394531,3.386900425539352e-05
26394,0,393,393,-11.007638931274414,1.6574327673879452e-05
26447,0,1123,1123,-9.834004402160645,5.359482747735456e-05
26500,0,233,233,-10.639952659606934,2.3939599486766383e-05
26553,0,852,852,-10.710328102111816,2.231279177067336e-05
26606,0,554,554,-10.99960994720459,1.6707937902538106e-05
26659,0,618,618,-10.469564437866213,2.8386613848851997e-05
26712,0,620,620,-11.00086784362793,1.6686934031895362e-05
26765,0,1096,1096,-10.972145080566406,1.7173168089357205e-05
26818,0,541,541,-11.039105415344238,1.606092155270744e-05
26871,0,863,863,-10.861473083496094,1.9182880350854248e-05
26924,0,719,719,-10.898354530334473,1.848828833317384e-05
26977,0,413,413,-10.826993942260742,1.985581184271723e-05
27030,0,973,973,-9.733179092407228,5.92800133745186e-05
27083,0,1550,1550,-10.677837371826172,2.3049640731187537e-05
27136,0,322,322,-10.76361846923828,2.115488678100519e-05
27189,0,678,678,-11.016977310180664,1.6420273823314346e-05
27242,0,1180,1180,7.751506328582764,0.9995700716972352
27295,0,629,629,-10.121988296508787,4.0184531826525927e-05
27348,0,605,605,-11.102261543273926,1.5077958778419998e-05
27401,0,803,803,-9.479799270629885,7.637343514943495e-05
27454,0,978,978,-10.826534271240234,1.9864939531544223e-05
27507,0,746,746,-4.834906101226807,0.0078847706317901
27560,0,396,396,-10.912771224975586,1.82236672117142e-05
27613,0,1045,1045,-2.350266218185425,0.0870446190237999
27666,0,849,849,-10.240682601928713,3.5687207855517045e-05
27719,0,377,377,-11.035099029541016,1.6125395632116124e-05
27772,0,400,400,-10.728761672973633,2.1905265384702943e-05
27825,0,425,425,-10.999192237854004,1.671491736487951e-05
27878,0,249,249,-10.425262451171877,2.967243199236691e-05
27931,0,562,562,-3.069665908813477,0.0443759895861148
27984,0,648,648,-3.7284302711486816,0.0234666131436824
28037,0,790,790,-10.437196731567385,2.932042843895033e-05
28090,0,873,873,-10.662089347839355,2.3415492250933312e-05
28143,0,225,225,-11.030420303344728,1.6201016478589736e-05
28196,0,524,524,-10.95005702972412,1.7556703824084252e-05
28249,0,898,898,-11.12724781036377,1.47058890433982e-05
28302,0,517,517,-10.69378662109375,2.26849369937554e-05
28355,0,457,457,-10.483478546142578,2.7994388801744208e-05
28408,0,719,719,-11.071277618408203,1.5552437616861425e-05
28461,0,642,642,-10.900796890258787,1.8443188309902325e-05
28514,0,1177,1177,-10.895733833312988,1.8536804418545216e-05
28567,0,901,901,-6.577791690826416,0.001388985547237
28620,0,258,258,-10.624429702758787,2.4314102120115425e-05
28673,0,670,670,-10.763941764831545,2.1148047380847856e-05
28726,0,381,381,-10.998863220214844,1.6720417988835834e-05
28779,0,1127,1127,-6.689319610595703,0.0012425830354914
28832,0,455,455,-11.03227996826172,1.6170917660929263e-05
28885,0,717,717,-10.517998695373535,2.7044528906117197e-05
28938,0,714,714,-10.962197303771973,1.734485340421088e-05
28991,0,809,809,-10.30884838104248,3.333569839014672e-05
29044,0,506,506,-10.554450988769531,2.6076471840497103e-05
29097,0,388,388,-10.841196060180664,1.9575814803829417e-05
29150,0,605,605,-9.71656608581543,6.027300332789309e-05
29203,0,358,358,-10.194028854370115,3.7391535443020985e-05
29256,0,539,539,-6.133688926696777,0.0021638742182403
29309,0,862,862,-10.685790061950684,2.286706330778543e-05
29362,0,944,944,-9.73702621459961,5.905240323045291e-05
29415,0,640,640,-8.136762619018555,0.0002924973086919
29468,0,657,657,-5.444068431854248,0.0043032658286392
29521,0,1423,1423,-10.974477767944336,1.713315759843681e-05
29574,0,202,202,-9.748071670532228,5.84037734370213e-05
29627,0,905,905,-10.939452171325684,1.774387783370912e-05
29680,0,1077,1077,-7.546419620513916,0.0005277185700833
29733,0,1099,1099,-9.824216842651367,5.412193422671408e-05
29786,0,861,861,-6.468369007110596,0.0015493504470214
29839,0,558,558,-10.299548149108888,3.3647163945715874e-05
29892,0,1046,1046,6.241207599639893,0.9980562925338744
29945,0,1024,1024,-10.632196426391602,2.412599860690534e-05
29998,0,895,895,-10.733725547790527,2.1796800865558907e-05
30051,0,325,325,-11.021169662475586,1.6351579688489437e-05
30104,0,957,957,-10.553268432617188,2.610732735774945e-05
30157,0,583,583,-9.26175594329834,9.497936116531493e-05
30210,0,971,971,-10.469841003417969,2.8378766728565097e-05
30263,0,420,420,-10.99746322631836,1.6743842934374698e-05
30316,0,841,841,-10.511026382446287,2.723374927882105e-05
30369,0,582,582,-10.858924865722656,1.9231823898735456e-05
30422,0,319,319,-9.591758728027344,6.828454934293404e-05
30475,0,1077,1077,-11.055723190307615,1.579623312863987e-05
30528,0,612,612,-10.699322700500488,2.2559703211300075e-05
30581,0,853,853,-10.806949615478516,2.025781759584788e-05
30634,0,639,639,-11.035194396972656,1.6123858586070128e-05
30687,0,913,913,-9.63027286529541,6.57048003631644e-05
30740,0,618,618,5.8929219245910645,0.9972487092018129
30793,0,839,839,-11.040918350219728,1.6031830455176532e-05
30846,0,201,201,-10.635250091552734,2.4052436856436543e-05
30899,0,470,470,-10.849798202514648,1.940814763656817e-05
30952,0,978,978,-10.716379165649414,2.2178186554810964e-05
31005,0,587,587,-10.69765281677246,2.259740540466737e-05
31058,0,403,403,-10.601568222045898,2.4876346287783235e-05
31111,0,840,840,-10.619922637939451,2.442393088131212e-05
31164,0,378,378,-9.786375045776367,5.620913361781277e-05
31217,0,527,527,-10.434659957885742,2.9394903322099708e-05
31270,0,634,634,-10.444631576538086,2.9103252018103376e-05
31323,0,301,301,-11.03089714050293,1.6193294868571684e-05
31376,0,713,713,-10.701264381408691,2.251594378321897e-05
31429,0,628,628,-8.719244003295898,0.0001633839856367
31482,0,300,300,-10.86064338684082,1.9198801965103485e-05
31535,0,842,842,-10.941341400146484,1.771039023878984e-05
31588,0,807,807,-11.039194107055664,1.6059497284004465e-05
31641,0,911,911,-10.72718906402588,2.1939740690868348e-05
31694,0,991,991,-10.569347381591797,2.569091520854272e-05
31747,0,796,796,-10.84274673461914,1.954548315552529e-05
31800,0,427,427,-10.721723556518556,2.205997589044273e-05
31853,0,742,742,-11.08102321624756,1.5401608834508806e-05
31906,0,372,372,-11.175199508666992,1.401736790285213e-05
31959,0,330,330,-10.906238555908203,1.834310205595102e-05
32012,0,521,521,-10.60217571258545,2.486124139977619e-05
32065,0,567,567,-9.504636764526367,7.450001430697739e-05
32118,0,682,682,-10.947942733764648,1.759386395860929e-05
32171,0,823,823,-9.089521408081056,0.0001128293370129
32224,0,235,235,-10.445812225341797,2.906891313614324e-05
32277,0,1092,1092,-10.89614486694336,1.852918649092317e-05
32330,0,517,517,-8.577869415283203,0.0001881901698652
32383,0,1268,1268,-10.831549644470217,1.9765562683460303e-05
32436,0,181,181,-10.491865158081056,2.776059955067467e-05
32489,0,720,720,-6.5593438148498535,0.0014148105401545
32542,0,222,222,-10.90379238128662,1.83880274562398e-05
32595,0,615,615,-10.228994369506836,3.6106757761444896e-05
32648,0,260,260,-10.964601516723633,1.7303205822827294e-05
32701,0,654,654,-11.020337104797363,1.6365198462153785e-05
32754,0,997,997,-10.806936264038086,2.0258086806279607e-05
32807,0,267,267,-9.97519302368164,4.6538083552150056e-05
32860,0,666,666,-10.545490264892578,2.631118150020484e-05
32913,0,598,598,-5.027359962463379,0.0065133934840559
32966,0,360,360,-10.74091339111328,2.16406933759572e-05
33019,0,421,421,-9.181524276733398,0.0001029129271046
33072,0,1144,1144,-9.558534622192385,7.05911879776977e-05
33125,0,288,288,-10.965421676635742,1.728901952446904e-05
33178,0,153,153,-11.02095890045166,1.6355024854419753e-05
33231,0,528,528,-9.296685218811035,9.171936835628004e-05
33284,0,986,986,-10.72410774230957,2.2007445295457728e-05
33337,0,627,627,-10.6264066696167,2.4266084437840615e-05
33390,0,233,233,-10.936944007873535,1.7788439436117187e-05
33443,0,402,402,-10.401163101196287,3.039618422917556e-05
33496,0,899,899,-4.814728260040283,0.0080441907048225
33549,0,862,862,-10.832709312438965,1.974265433091205e-05
33602,0,1075,1075,-4.542405128479004,0.0105355866253376
33655,0,624,624,-10.283581733703612,3.418868072913028e-05
33708,0,525,525,-11.045686721801758,1.595556750544347e-05
33761,0,1039,1039,-10.570443153381348,2.566278089943808e-05
33814,0,945,945,8.418790817260742,0.9997794032096864
33867,0,523,523,-11.138614654541016,1.4539677977154495e-05
33920,0,485,485,-6.069052696228027,0.00230802455917
33973,0,604,604,-8.959980964660645,0.0001284321915591
34026,0,766,766,-10.500633239746094,2.751826286839787e-05
34079,0,969,969,-8.813495635986328,0.0001486903784098
34132,0,508,508,-10.733438491821287,2.1803058189107105e-05
34185,0,675,675,-7.248754501342773,0.000710554246325
34238,0,1180,1180,-8.73835563659668,0.0001602915872354
34291,0,923,923,-11.074971199035645,1.5495101251872256e-05
34344,0,458,458,-10.892966270446776,1.858817631728016e-05
34397,0,1167,1167,-10.876250267028809,1.8901502699009143e-05
34450,0,679,679,-11.045905113220217,1.5952082321746275e-05
34503,0,579,579,-9.899003982543944,5.022215918870643e-05
34556,0,1372,1372,-10.025160789489746,4.426992381922901e-05
34609,0,642,642,-11.06912326812744,1.5585977962473407e-05
34662,0,718,718,-9.354578018188477,8.656070713186637e-05
34715,0,720,720,-6.327810287475586,0.0017827564151957
34768,0,720,720,-4.746729373931885,0.0086053432896733
34821,0,773,773,-9.997642517089844,4.550501398625784e-05
34874,0,446,446,-11.245969772338867,1.3059654520475306e-05
34927,0,671,671,-11.188447952270508,1.3832885088049808e-05
34980,0,1463,1463,-11.064291000366213,1.5661476936656982e-05
35033,0,211,211,-10.62782096862793,2.4231789211626165e-05
35086,0,1185,1185,-6.232171058654785,0.0019613264594227
35139,0,663,663,-10.979846000671388,1.7041431419784203e-05
35192,0,393,393,-9.85723114013672,5.2364404837135226e-05
35245,0,254,254,-10.929805755615234,1.7915868738782592e-05
35298,0,659,659,-10.241159439086914,3.567019302863628e-05
35351,0,663,663,-10.031501770019531,4.399010867928155e-05
35404,0,868,868,-10.851070404052734,1.938347122631967e-05
35457,0,1093,1093,-10.332091331481934,3.2569838367635384e-05
35510,0,344,344,-11.09376335144043,1.520663772680564e-05
35563,0,1112,1112,-10.526860237121582,2.68059411610011e-05
35616,0,642,642,-7.768424987792969,0.0004227000172249
35669,0,723,723,-10.755858421325684,2.131968540197704e-05
35722,0,577,577,-11.114641189575195,1.489245187258348e-05
35775,0,1142,1142,-10.825675964355469,1.988199801417068e-05
35828,0,828,828,-10.95755386352539,1.7425580153940246e-05
35881,0,920,920,-10.950469017028809,1.7549473341205157e-05
35934,0,425,425,-11.149789810180664,1.4378101695911027e-05
35987,0,783,783,-7.800500392913818,0.0004093623720109
36040,0,762,762,-10.539770126342772,2.6462112145964056e-05
36093,0,834,834,-9.604029655456545,6.745180871803313e-05
36146,0,409,409,-10.579262733459473,2.543744631111622e-05
36199,0,818,818,-8.586407661437988,0.0001865904923761
36252,0,758,758,-4.444189071655273,0.0116102471947669
36305,0,188,188,-10.823514938354492,1.992500983760692e-05
36358,0,332,332,-11.091534614562988,1.5240566426655278e-05
36411,0,285,285,3.150455951690674,0.9589266777038574
36464,0,904,904,-3.26465368270874,0.0368038825690746
36517,0,394,394,-10.602672576904297,2.484889228071552e-05
36570,0,1058,1058,-10.963350296020508,1.732486634864472e-05
36623,0,586,586,-11.065910339355469,1.563613477628678e-05
36676,0,525,525,-10.773345947265623,2.0950104953954e-05
36729,0,270,270,-11.079312324523926,1.5427980542881414e-05
36782,0,594,594,-9.078118324279783,0.0001141231550718
36835,0,549,549,-10.757173538208008,2.129166568920482e-05
36888,0,304,304,-10.65826416015625,2.350522845517844e-05
36941,0,843,843,-10.195236206054688,3.734642086783424e-05
36994,0,571,571,-10.874791145324709,1.892910040623974e-05
37047,0,666,666,-8.590930938720703,0.0001857485476648
37100,0,998,998,-10.407426834106444,3.0206389055820185e-05
37153,0,1004,1004,-5.738936424255371,0.0032078658696264
37206,0,693,693,-10.789066314697266,2.0623343516490426e-05
37259,0,413,413,-9.31668186187744,8.99036749615334e-05
37312,0,1191,1191,-10.64712619781494,2.376848533458542e-05
37365,0,1306,1306,4.346269130706787,0.9872106313705444
37418,0,1112,1112,-10.929372787475586,1.7923626728588715e-05
37471,0,848,848,-11.094204902648926,1.519992383691715e-05
37524,0,417,417,-10.820022583007812,1.9994715330540203e-05
37577,0,740,740,-10.608781814575195,2.4697552362340502e-05
37630,0,1110,1110,-9.651572227478027,6.432021473301575e-05
37683,0,803,803,-11.039347648620604,1.6057030734373257e-05
37736,0,946,946,-6.615869998931885,0.0013371590757742
37789,0,591,591,-10.66982364654541,2.3235090338857844e-05
37842,0,1138,1138,-8.944578170776367,0.0001304254692513
37895,0,462,462,-11.055294036865234,1.580301432113629e-05
37948,0,670,670,-2.448094367980957,0.079578012228012
38001,0,188,188,-10.490262031555176,2.780513568723109e-05
38054,0,706,706,-6.645391941070557,0.0012983109336346
38107,0,812,812,-10.957026481628418,1.743476968840696e-05
38160,0,1196,1196,-10.90455150604248,1.83740739885252e-05
38213,0,982,982,-9.928067207336426,4.8783615056890994e-05
38266,0,486,486,-9.12399196624756,0.0001090067235054
38319,0,522,522,-10.161982536315918,3.860915239783935e-05
38372,0,587,587,-5.260814189910889,0.0051642684265971
38425,0,1028,1028,-11.025836944580078,1.6275440430035815e-05
38478,0,253,253,-11.10157585144043,1.5088300642673858e-05
38531,0,910,910,-7.536880970001221,0.000532773672603
38584,0,862,862,-10.900943756103516,1.844048165366985e-05
38637,0,606,606,-10.875307083129885,1.8919336071121503e-05
38690,0,180,180,-10.420190811157228,2.9823298973497003e-05
38743,0,961,961,-11.014524459838867,1.6460598999401554e-05
38796,0,805,805,9.428418159484863,0.9999196529388428
38849,0,661,661,-9.86171817779541,5.212998439674266e-05
38902,0,299,299,-11.175403594970703,1.4014506632520352e-05
38955,0,542,542,-10.911142349243164,1.825337494665291e-05
39008,0,981,981,8.348783493041992,0.9997634291648864
39061,0,696,696,-9.49622917175293,7.512896991102025e-05
39114,0,663,663,-8.088107109069824,0.0003070763195864
39167,0,958,958,-7.387181758880615,0.0006187552935443
39220,0,356,356,-8.841445922851562,0.0001445925736334
39273,0,470,470,-10.735595703125,2.175607551180292e-05
39326,0,548,548,-11.06640625,1.562838224344887e-05
39379,0,1175,1175,-10.004531860351562,4.519260619417764e-05
39432,0,446,446,-10.700830459594728,2.252571539429482e-05
39485,0,655,655,-10.886442184448242,1.8709841242525727e-05
39538,0,824,824,5.971053600311279,0.9974549412727356
39591,0,503,503,-11.1121826171875,1.492911087552784e-05
39644,0,697,697,-10.659478187561035,2.347671215829905e-05
39697,0,627,627,-8.729554176330566,0.0001617083908058
39750,0,366,366,-11.09233856201172,1.5228318261506502e-05
39803,0,598,598,-9.934309005737305,4.848008757107891e-05
39856,0,496,496,-11.139740943908691,1.4523311619996092e-05
39909,0,609,609,-10.569480895996094,2.568748641351704e-05
39962,0,1150,1150,-9.303900718688965,9.106001380132513e-05
40015,0,691,691,-11.142383575439451,1.4484982784779277e-05
40068,0,525,525,-9.011601448059082,0.0001219714686158
40121,0,226,226,-10.55605125427246,2.6034780603367835e-05
40174,0,1051,1051,-10.724536895751951,2.199800292146392e-05
40227,0,538,538,-10.68142318725586,2.296713864780031e-05
40280,0,521,521,-8.602910995483398,0.0001835369475884
40333,0,879,879,-8.937743186950684,0.0001313198590651
40386,0,639,639,-10.784292221069336,2.072203460556921e-05
40439,0,697,697,-9.90097999572754,5.012302062823437e-05
40492,0,1307,1307,-1.7728434801101685,0.1451890617609024
40545,0,634,634,-10.947953224182127,1.7593680240679532e-05
40598,0,1112,1112,-7.576174736022949,0.000512255472131
40651,0,527,527,-10.460790634155272,2.8636763090617023e-05
40704,0,343,343,-10.943315505981444,1.7675462004262954e-05
40757,0,410,410,-10.726016998291016,2.1965470295981504e-05
40810,0,1142,1142,-10.790461540222168,2.0594590750988573e-05
40863,0,703,703,-10.81181526184082,2.015949212363921e-05
40916,0,361,361,-10.256202697753906,3.5137636587023735e-05
40969,0,825,825,-10.728328704833984,2.1914751414442435e-05
41022,0,546,546,-10.926351547241213,1.7977859897655435e-05
41075,0,574,574,-10.897069931030272,1.851205524872057e-05
41128,0,1293,1293,8.515205383300781,0.99979966878891
41181,0,575,575,-10.796676635742188,2.0466990463319235e-05
41234,0,553,553,-10.892383575439451,1.8599008399178277e-05
41287,0,866,866,-11.06395149230957,1.5666792023694143e-05
41340,0,315,315,-10.919525146484377,1.810100184229668e-05
41393,0,1015,1015,-11.014290809631348,1.6464446161990054e-05
41446,0,701,701,-5.067663192749023,0.0062577123753726
41499,0,821,821,-9.762184143066406,5.758538463851437e-05
41552,0,350,350,-10.369843482971191,3.136321538477205e-05
41605,0,625,625,-8.388699531555176,0.000227371128858
41658,0,455,455,-9.480463027954102,7.632276538060978e-05
41711,0,1049,1049,-6.755641937255859,0.0011629381915554
41764,0,696,696,-10.827531814575195,1.9845134374918416e-05
41817,0,1045,1045,8.171504020690918,0.99971741437912
41870,0,413,413,-10.895328521728516,1.8544318663771264e-05
41923,0,777,777,-10.382611274719238,3.0965333280619234e-05
41976,0,372,372,-6.789286136627197,0.0011245062341913
42029,0,598,598,-10.859046936035156,1.922947558341548e-05
42082,0,895,895,-10.825525283813477,1.988499388971832e-05
42135,0,370,370,-10.952069282531738,1.752141361066606e-05
42188,0,905,905,-10.40457248687744,3.029272920684889e-05
42241,0,546,546,-10.323325157165527,3.285659840912558e-05
42294,0,654,654,-10.59938907623291,2.493061219865922e-05
42347,0,295,295,-10.826213836669922,1.9871305994456637e-05
42400,0,673,673,-6.731856822967529,0.0011908969609066
42453,0,1399,1399,-9.547924995422363,7.134406769182533e-05
42506,0,1379,1379,-4.841263294219971,0.0078351963311433
42559,0,476,476,-9.387178421020508,8.378452912438661e-05
42612,0,853,853,-10.863407135009766,1.91458166227676e-05
42665,0,813,813,-5.139578819274902,0.0058260154910385
42718,0,542,542,-11.118319511413574,1.4837773960607592e-05
42771,0,715,715,-10.686281204223633,2.285583468619734e-05
42824,0,503,503,-11.080753326416016,1.540576522529591e-05
42877,0,436,436,-10.720932006835938,2.207744364568498e-05
42930,0,799,799,-9.795944213867188,5.567385596805252e-05
42983,0,654,654,-10.70302963256836,2.2476233425550163e-05
43036,0,979,979,-9.191554069519045,0.0001018860057229
43089,0,660,660,-10.92172622680664,1.8061204173136503e-05
43142,0,914,914,-10.077313423156738,4.202039781375788e-05
43195,0,534,534,-10.93250846862793,1.7867514543468133e-05
43248,0,199,199,-10.805109024047852,2.029513598245103e-05
43301,0,885,885,8.817327499389648,0.9998518228530884
43354,0,649,649,-10.888749122619627,1.866672937467229e-05
43407,0,792,792,-9.234365463256836,9.76165902102366e-05
43460,0,583,583,-10.97987174987793,1.7040991224348545e-05
43513,0,834,834,-10.484292984008787,2.7971596864517775e-05
43566,0,505,505,-11.02298355102539,1.632194653211627e-05
43619,0,363,363,-8.873072624206543,0.0001400917826686
43672,0,550,550,-11.103723526000977,1.5055930816743056e-05
43725,0,721,721,-7.748785495758057,0.0004310800868552
43778,0,525,525,-5.149583339691162,0.0057683545164763
43831,0,476,476,-9.771361351013184,5.7059362006839365e-05
43884,0,377,377,-9.667131423950195,6.332725752145052e-05
43937,0,777,777,-7.343010425567627,0.0006466810591518
43990,0,522,522,-10.915706634521484,1.817025258787908e-05
44043,0,329,329,-11.052526473999023,1.584680831001606e-05
44096,0,1078,1078,-10.556995391845703,2.6010209694504734e-05
44149,0,580,580,-4.912264347076416,0.0073021003045141
44202,0,1190,1190,8.533196449279785,0.9998032450675964
44255,0,293,293,-10.889666557312012,1.864961268438492e-05
44308,0,396,396,-11.107661247253418,1.4996761819929816e-05
44361,0,536,536,-11.187870979309082,1.3840869542036671e-05
44414,0,724,724,-11.098852157592772,1.5129451639950275e-05
44467,0,622,622,-10.979257583618164,1.705145950836595e-05
44520,0,1124,1124,-10.800613403320312,2.0386578398756683e-05
44573,0,905,905,-5.916937351226807,0.0026862013619393
44626,0,714,714,-10.830272674560549,1.9790819351328537e-05
44679,0,296,296,-8.538226127624512,0.0001957990025402
44732,0,617,617,-10.097704887390137,4.117225034860894e-05
44785,0,974,974,-4.659189224243164,0.0093852235004305
44838,0,1155,1155,-10.79189682006836,2.0565054001053795e-05
44891,0,1288,1288,-9.503433227539062,7.458972686436027e-05
44944,0,599,599,-11.16256618499756,1.4195574294717517e-05
44997,0,479,479,-9.686761856079102,6.209631101228297e-05
45050,0,770,770,-10.922467231750488,1.8047827325062823e-05
45103,0,454,454,-9.58160400390625,6.898144783917814e-05
45156,0,677,677,-9.860326766967772,5.2202565711922944e-05
45209,0,628,628,-7.580319404602051,0.0005101378192193
45262,0,1045,1045,-10.314605712890623,3.314433342893608e-05
45315,0,505,505,-11.112412452697754,1.4925679352018053e-05
45368,0,587,587,-8.520487785339355,0.0001993024197872
45421,0,808,808,-8.97243881225586,0.0001268423366127
45474,0,382,382,-10.730148315429688,2.187491008953657e-05
45527,0,734,734,-10.81983470916748,1.9998471543658525e-05
45580,0,462,462,-10.730778694152832,2.1861127606825903e-05
45633,0,879,879,-10.692352294921877,2.2717498723068275e-05
45686,0,567,567,-9.007593154907228,0.0001224612788064
45739,0,847,847,-9.799230575561523,5.549120032810606e-05
45792,0,688,688,-10.948907852172852,1.7576892787474208e-05
45845,0,1070,1070,-10.57217025756836,2.5618499421398155e-05
45898,0,819,819,-10.931488037109377,1.788575536920689e-05
45951,0,512,512,-11.118925094604492,1.482879088143818e-05
46004,0,975,975,-10.956891059875488,1.7437132555642165e-05
46057,0,965,965,7.229918003082275,0.9992759823799132
46110,0,685,685,-11.03013515472412,1.6205636711674742e-05
46163,0,422,422,-9.382949829101562,8.413953037234023e-05
46216,0,421,421,-10.949125289916992,1.7573071090737358e-05
46269,0,926,926,-9.740745544433594,5.88331968174316e-05
46322,0,240,240,-9.482698440551758,7.615234790137038e-05
46375,0,599,599,6.705437183380127,0.9987772107124328
46428,0,925,925,-10.903493881225586,1.83935171662597e-05
46481,0,725,725,-11.094270706176758,1.51989233927452e-05
46534,0,1350,1350,-10.497310638427734,2.760984170890879e-05
46587,0,1009,1009,-10.330506324768066,3.2621501304674894e-05
46640,0,346,346,-10.286160469055176,3.410063436604105e-05
46693,0,808,808,-8.11515998840332,0.0002988828346133
46746,0,981,981,-10.15771198272705,3.877438211929984e-05
46799,0,927,927,-11.009121894836426,1.6549767678952776e-05
46852,0,654,654,8.897557258605957,0.9998632669448853
46905,0,855,855,-6.617411136627197,0.0013351025991141
46958,0,934,934,-9.204482078552246,0.000100577424746
47011,0,826,826,-7.343088626861572,0.0006466305349022
47064,0,699,699,-10.650196075439451,2.369563480897341e-05
47117,0,348,348,-10.898242950439451,1.8490352886146862e-05
47170,0,473,473,-11.107704162597656,1.4996118807175662e-05
47223,0,1018,1018,-10.556398391723633,2.6025742045021616e-05
47276,0,973,973,-9.711734771728516,6.056488200556487e-05
47329,0,331,331,-10.989683151245115,1.6874617358553223e-05
47382,0,319,319,-10.51552963256836,2.711138586164452e-05
47435,0,627,627,5.278304576873779,0.994924783706665
47488,0,525,525,-10.383941650390623,3.0924165912438184e-05
47541,0,902,902,-6.12332820892334,0.0021863603033125
47594,0,1069,1069,-10.256556510925291,3.5125201975461096e-05
47647,0,739,739,-10.110610008239746,4.064435415784829e-05
47700,0,451,451,-9.893804550170898,5.048395541962236e-05
47753,0,953,953,-10.703094482421877,2.247477459604852e-05
47806,0,918,918,-11.009876251220703,1.653728941164445e-05
47859,0,406,406,-10.98741340637207,1.6912959836190566e-05
47912,0,419,419,-10.777392387390137,2.086550375679508e-05
47965,0,581,581,-10.636996269226074,2.4010474589886144e-05
48018,0,396,396,-10.839071273803713,1.961745147127658e-05
48071,0,490,490,-10.87624168395996,1.890166458906606e-05
48124,0,1438,1438,-10.59466552734375,2.504865187802352e-05
48177,0,670,670,-8.966619491577148,0.0001275825197808
48230,0,323,323,-10.714065551757812,2.2229556634556505e-05
48283,0,842,842,-10.631811141967772,2.413529364275746e-05
48336,0,901,901,-4.557433605194092,0.0103800678625702
48389,0,699,699,-10.40162181854248,3.0382243494386785e-05
48442,0,745,745,-9.834016799926758,5.359416536521167e-05
48495,0,956,956,-10.848918914794922,1.9425220671109852e-05
48548,0,271,271,-5.103621006011963,0.0060380306094884
48601,0,301,301,-10.574962615966797,2.5547064069542103e-05
48654,0,483,483,-10.485132217407228,2.794813190121204e-05
48707,0,568,568,-10.485115051269531,2.7948612114414573e-05
48760,0,978,978,-7.3755784034729,0.0006259722285903
48813,0,274,274,-11.07127571105957,1.5552466720691882e-05
48866,0,691,691,-10.933660507202148,1.784694177331403e-05
48919,0,615,615,-6.115818023681641,0.0022028060629963
48972,0,480,480,-8.369304656982422,0.0002318229817319
49025,0,945,945,-10.34510326385498,3.214880052837543e-05
49078,0,212,212,-11.201419830322266,1.3654609574587084e-05
49131,0,802,802,-11.10256004333496,1.5073456779646222e-05
49184,0,500,500,-10.739706993103027,2.166681588278152e-05
49237,0,1311,1311,-10.47561740875244,2.821531415975187e-05
49290,0,1048,1048,-10.882944107055664,1.877540307759773e-05
49343,0,764,764,-4.850813388824463,0.0077613038010895
49396,0,753,753,-10.657231330871582,2.3529517420683987e-05
49449,0,846,846,-6.313429832458496,0.0018085316987708
49502,0,707,707,-9.90981101989746,4.9682359531288967e-05
49555,0,1214,1214,-10.928262710571287,1.794353374862112e-05
49608,0,872,872,-10.203548431396484,3.703728361870162e-05
49661,0,586,586,-5.098225116729736,0.0060705011710524
49714,0,1045,1045,-8.438077926635742,0.0002164189791074
49767,0,358,358,-8.767786979675293,0.0001556434726808
49820,0,514,514,-10.550776481628418,2.6172465368290432e-05
49873,0,1070,1070,-10.69247817993164,2.27146392717259e-05
49926,0,902,902,-10.81548309326172,2.0085686628590335e-05
49979,0,895,895,-10.833658218383787,1.9723929653991945e-05
50032,0,984,984,-9.659768104553224,6.379523983923718e-05
50085,0,678,678,-10.876934051513672,1.8888580598286356e-05
50138,0,277,277,-10.567865371704102,2.5729017579578795e-05
50191,0,954,954,-9.885824203491213,5.088842590339482e-05
50244,0,394,394,-11.049734115600586,1.589112071087584e-05
50297,0,942,942,-10.576607704162598,2.5505072699161246e-05
50350,0,1149,1149,-10.788878440856934,2.062721978290938e-05
50403,0,592,592,-10.484230995178224,2.797333036141936e-05
50456,0,300,300,-5.188795566558838,0.0055477721616625
50509,0,282,282,-11.03979778289795,1.604980388947297e-05
50562,0,1211,1211,-10.436047554016112,2.935414158855565e-05
50615,0,701,701,-11.033266067504885,1.6154979675775394e-05
50668,0,459,459,-7.991507053375244,0.0003382093855179
50721,0,342,342,-4.7390851974487305,0.0086708031594753
50774,0,929,929,-10.669135093688965,2.3251095626619644e-05
50827,0,833,833,-10.104520797729492,4.089258800377138e-05
50880,0,749,749,-10.254674911499023,3.519135498208925e-05
50933,0,904,904,-10.56389045715332,2.5831488528638147e-05
50986,0,1386,1386,-10.360584259033203,3.1654952181270346e-05
51039,0,450,450,-11.002564430236816,1.665864692768082e-05
51092,0,862,862,-10.903264045715332,1.8397742678644136e-05
51145,0,555,555,-10.991048812866213,1.685158713371493e-05
51198,0,543,543,-10.96617603302002,1.7275982827413827e-05
51251,0,374,374,-10.934314727783203,1.783527113730088e-05
51304,0,985,985,-10.830808639526367,1.9780214643105865e-05
51357,0,644,644,-10.693220138549805,2.2697793610859666e-05
51410,0,632,632,2.4400877952575684,0.9198335409164428
51463,0,1345,1345,-11.018966674804688,1.6387641153414734e-05
51516,0,428,428,-10.274574279785156,3.4498014429118484e-05
51569,0,332,332,-11.023578643798828,1.6312236766680144e-05
51622,0,498,498,-9.645593643188477,6.470588414231315e-05
51675,0,1053,1053,-10.797307014465332,2.045409382844809e-05
51728,0,476,476,-9.686325073242188,6.212343578226864e-05
51781,0,1194,1194,-10.811149597167969,2.0172914446447976e-05
51834,0,519,519,-10.507884979248049,2.731943277467508e-05
51887,0,1209,1209,-10.90514087677002,1.8363249182584696e-05
51940,0,369,369,-9.245014190673828,9.65827057370916e-05
51993,0,875,875,-10.353822708129885,3.1869709346210584e-05
52046,0,872,872,-7.931031703948975,0.0003592862631194
52099,0,837,837,-10.216544151306152,3.655908949440345e-05
52152,0,1007,1007,-11.066852569580078,1.5621410057065077e-05
52205,0,460,460,-10.401385307312012,3.038942850253079e-05
52258,0,463,463,-10.500850677490234,2.75122765742708e-05
52311,0,954,954,-6.6292901039123535,0.0013193576596677
52364,0,573,573,-9.532747268676758,7.243509026011452e-05
52417,0,733,733,-10.276603698730469,3.442807792453095e-05
52470,0,705,705,-10.891839981079102,1.8609123799251392e-05
52523,0,1198,1198,-10.17636013031006,3.805804226431064e-05
52576,0,1104,1104,-10.291532516479492,3.391794234630652e-05
52629,0,685,685,-4.586195945739746,0.0100887333974242
52682,0,760,760,-11.054073333740234,1.5822315617697313e-05
52735,0,526,526,-10.94940185546875,1.7568210751051083e-05
52788,0,800,800,-10.84714698791504,1.9459668692434207e-05
52841,0,602,602,-10.62789535522461,2.422998841211665e-05
52894,0,926,926,-9.783036231994627,5.639710434479639e-05
52947,0,917,917,-10.39920425415039,3.0455781597993337e-05
53000,0,571,571,-6.292763233184815,0.0018462269799783
53053,0,925,925,-10.775325775146484,2.0908670194330625e-05
53106,0,1161,1161,-11.00350856781006,1.6642927221255377e-05
53159,0,198,198,-9.96274185180664,4.712113513960503e-05
53212,0,535,535,-9.92863655090332,4.875585364061408e-05
53265,0,583,583,-10.524682998657228,2.686436528165359e-05
53318,0,308,308,-10.828648567199709,1.982298635994084e-05
53371,0,161,161,-9.116650581359863,0.0001098098509828
53424,0,1263,1263,-10.82903289794922,1.9815368432318792e-05
53477,0,1037,1037,-4.3958048820495605,0.0121788010001182
53530,0,725,725,-10.552892684936523,2.6117137167602777e-05
53583,0,485,485,-9.48861312866211,7.57032903493382e-05
53636,0,428,428,-11.080379486083984,1.541152596473694e-05
53689,0,310,310,-10.8931884765625,1.8584045392344702e-05
53742,0,246,246,-10.666919708251951,2.330266033823136e-05
53795,0,653,653,-10.50657844543457,2.7355150450603105e-05
53848,0,813,813,-11.029020309448242,1.6223715647356585e-05
53901,0,571,571,-10.277297973632812,3.4404183679725975e-05
53954,0,523,523,-10.718073844909668,2.214063351857476e-05
54007,0,933,933,-8.11461067199707,0.0002990470093209
54060,0,745,745,-8.371956825256348,0.0002312090946361
54113,0,514,514,-11.06532859802246,1.5645233361283317e-05
54166,0,935,935,-10.962432861328123,1.7340767954010516e-05
54219,0,1203,1203,-10.58915901184082,2.518695873732213e-05
54272,0,316,316,-9.903676986694336,4.9988029786618426e-05
54325,0,412,412,-10.221599578857422,3.637474219431169e-05
54378,0,383,383,-10.993346214294434,1.681291905697435e-05
54431,0,1343,1343,-11.045697212219238,1.5955400158418342e-05
54484,0,340,340,-10.18660831451416,3.7670022720703855e-05
54537,0,1131,1131,-10.813974380493164,2.011601281992625e-05
54590,0,900,900,-10.283583641052246,3.4188615245511755e-05
54643,0,587,587,-10.548237800598145,2.623899308673572e-05
54696,0,1172,1172,-2.435821294784546,0.0804816111922264
54749,0,541,541,-10.307958602905272,3.336536974529736e-05
54802,0,810,810,-10.624921798706056,2.43021386268083e-05
54855,0,912,912,-10.952518463134766,1.7513542843516916e-05
54908,0,867,867,-10.950105667114258,1.7555852537043393e-05
54961,0,787,787,-8.407960891723633,0.0002230345417046
