original_row_id,protein1,protein2,exact_accession_positive,conservative_family_positive
26154,Q9NR30,Q9UKX7,1,1
26233,P62424,O00487,1,1
26425,P35244,Q8IWZ8,1,1
26811,Q9NVU7,P01106,1,1
26934,Q16637,O95793,1,1
27073,Q12907,P10242,1,1
27114,P49411,Q96C12,1,1
27177,P13667,P62805,1,1
27231,P62805,P23396,1,1
27260,P62888,P04198,1,1
27494,Q13371,P50990,1,1
27526,P62750,Q9BUZ4,1,1
27540,P55769,P35244,1,1
27556,Q7L2E3,Q9NR30,1,1
27629,P78371,P62424,1,1
27696,O95786,Q92633,1,1
27703,Q12906,P40692,1,1
27709,P46782,P51608,1,1
27854,P10242,Q6IAA8,1,1
27872,P40429,P41002,1,1
27945,P62851,P49711,1,1
28100,P49768,P49682,1,1
28115,P30044,P01106,1,1
28193,P01106,Q12907,1,1
28237,P04198,Q13838,1,1
28252,P01106,Q9NY12,1,1
28286,P26373,Q9C0C9,1,1
28339,Q9Y6M7,Q9NR30,1,1
28444,P35268,Q9ULU4,1,1
28450,Q9Y3D3,P51608,1,1
28463,P35244,Q13206,1,1
28487,P78371,P41002,1,1
28490,P23396,Q9NZB2,1,1
28540,Q92499,P23396,1,1
28560,O75940,Q5VYS8,1,1
28566,P26373,P16401,1,1
28573,Q9NYU2,P15336,1,1
28686,Q9Y468,Q969R5,1,1
28712,Q9NR30,P38117,1,1
28713,O00422,P23396,1,1
28785,P55769,P55317,1,1
28833,P01106,O75683,1,1
28871,Q8NEW0,Q9NP80,1,1
28933,Q92993,Q12857,1,1
28940,P01106,Q13162,1,1
28992,P09001,P01106,1,1
29200,O95793,P04844,1,1
29213,Q9NWS8,Q9H1C4,1,1
29233,P35244,P39748,1,1
29247,O94762,P35244,1,1
29250,P04844,Q9NRP0,1,1
29332,O00422,Q9NWT8,1,1
29394,P01106,Q9UHB6,1,1
29439,P51608,Q9UGP8,1,1
29442,Q9H0R8,P40227,1,1
29462,P25490,P63279,1,1
29528,Q6ZN17,P61604,1,1
29572,Q6IAA8,Q9H0R8,1,1
29585,Q5SSJ5,P55317,1,1
29597,Q92620,P41002,1,1
29618,P35244,Q8TCT9,1,1
29777,Q14562,Q9UIG0,1,1
29797,P01106,Q8TAE8,1,1
29810,O60885,Q12857,1,1
29954,Q15428,P01106,1,1
30087,Q9NWS0,Q6R327,1,1
30224,P10809,Q9UIG0,1,1
30427,P04080,P01106,1,1
30450,Q6ZN17,O75643,1,1
30465,Q9UGP8,P01106,1,1
30602,P35244,O43615,1,1
30692,P85037,Q969R5,1,1
30729,Q6P4A7,P26196,1,1
30734,Q9NX24,Q16637,1,1
30830,Q13206,P67870,1,1
30854,P35244,Q6ZRP7,1,1
31138,P51608,Q9Y2X9,1,1
31224,P49411,P35244,1,1
31232,P35244,Q96FW1,1,1
31378,P51608,Q9NY12,1,1
31646,Q9UBB5,Q2TB10,1,1
31659,P61513,P01106,1,1
31680,P18847,Q9NY93,1,1
31682,P67870,Q13330,1,1
31683,O75394,Q92794,1,1
31735,Q96K37,P01106,1,1
32013,O00487,O60885,1,1
32063,O15198,P01106,1,1
32160,P35244,P45880,1,1
32202,Q9Y2Q3,P23396,1,1
32296,P17535,Q9C0C9,1,1
32403,Q8IWI9,P35244,1,1
32427,P01106,Q9NRX2,1,1
32452,P52434,P25208,1,1
32473,P10242,P62495,1,1
32516,Q04446,P35244,1,1
32570,P49715,P63279,1,1
32668,P62701,Q5VVQ6,1,1
32680,P01106,Q5SSJ5,1,1
32809,Q12906,Q92499,1,1
32944,P10244,Q8IY92,1,1
32985,Q8IYB8,P51659,1,1
33111,P25440,Q9HCE5,1,1
33134,P54707,Q8TCT7,1,1
33189,P41002,P52434,1,1
33215,Q8IYL3,Q96BK5,1,1
33284,Q09161,Q92499,1,1
33318,Q92794,Q6DKI1,1,1
33385,P10242,P13010,1,1
33501,Q8IY92,P49411,1,1
33543,P01106,O00487,1,1
33757,Q5T4S7,P35244,1,1
33906,P35244,Q15042,1,1
33986,P46782,Q09161,1,1
34066,Q92794,Q96EB6,1,1
34155,P35268,Q09161,1,1
34236,P78371,Q92560,1,1
34244,P23528,Q9Y2Q3,1,1
34310,Q9Y6K1,Q86T24,1,1
34406,P01106,Q08380,1,1
34457,P0CG08,O15432,1,1
34525,Q12857,Q9UPP1,1,1
34572,Q5T749,Q9GZR7,1,1
34724,P39019,Q5T4S7,1,1
34759,P38919,P49715,1,1
35036,P55265,P42166,1,1
35150,Q6ZN17,P35520,1,1
35166,O60832,P46063,1,1
35300,P08195,Q5T1V6,1,1
35383,P10809,Q16762,1,1
35462,P17676,Q13952,1,1
35585,O95793,Q14145,1,1
35597,Q96LT7,Q99832,1,1
35609,Q13423,Q9NR30,1,1
35703,Q13485,P48735,1,1
35866,P23769,Q92522,1,1
36022,P26196,P63279,1,1
36169,Q9UPY3,Q6ZN17,1,1
36173,Q9C0C9,O00422,1,1
36272,P63220,P62263,1,1
36359,Q9NR30,P38919,1,1
36367,O95793,Q92794,1,1
36458,Q9GZT9,Q15047,1,1
36475,Q9UGU0,P51659,1,1
36491,P01106,Q15633,1,1
36556,Q9UKT9,Q9NR30,1,1
36657,P62633,P01106,1,1
36726,Q9H8H2,Q9BU76,1,1
36967,P35244,Q8WY22,1,1
37032,P35244,Q9NZB2,1,1
37162,P01106,Q969M3,1,1
37429,P62805,P62888,1,1
37468,P51608,P37108,1,1
37526,Q99814,P13010,1,1
37582,P78347,P49711,1,1
37601,O75165,P23769,1,1
37880,Q12906,P05198,1,1
37993,Q9NR30,Q13206,1,1
38240,P17676,Q6ZN55,1,1
38271,Q9NY97,Q14697,1,1
38373,Q5T4S7,Q6ZN17,1,1
38413,P01106,P30519,1,1
38415,P01106,P62891,1,1
38461,Q92793,P67870,1,1
38472,P52434,P13010,1,1
38489,Q9UIG0,Q12857,1,1
38733,P67870,Q7Z3K3,1,1
38916,Q03135,P01106,1,1
38923,P41002,P61513,1,1
38972,Q6ZN17,Q13123,1,1
38990,P41002,P07305,1,1
38998,Q5T653,P01106,1,1
39032,Q92633,Q9Y2Q3,1,1
39068,P61247,P04198,1,1
39097,O95793,Q8IY92,1,1
39223,Q6R327,P10809,1,1
39280,P01106,Q9BRJ6,1,1
39317,P41002,P05026,1,1
39345,Q92917,Q5VZL5,1,1
39363,Q8N6G5,P0CG08,1,1
39477,Q12906,Q15008,1,1
39561,P55769,P01106,1,1
39650,Q86UK7,Q16637,1,1
39722,Q2TB10,P25398,1,1
39766,Q9NR30,P85037,1,1
39837,P01100,P04844,1,1
39851,P35244,O00487,1,1
39870,P62701,P16401,1,1
39960,P01106,Q9H7N4,1,1
40012,Q8WXI9,Q8IY92,1,1
40022,P41002,P63279,1,1
40129,Q9UKJ3,P04198,1,1
40165,Q12830,P26196,1,1
40196,Q92560,Q12906,1,1
40210,Q16795,P50991,1,1
40303,Q9UKX7,Q9H2U1,1,1
40347,Q9UL40,Q9BU76,1,1
40397,Q9Y2R4,Q6PK04,1,1
40433,P62888,P10809,1,1
40475,Q9Y2R4,Q13123,1,1
40477,P26373,P35244,1,1
40548,P68036,P26196,1,1
40581,P15336,Q9NR30,1,1
40792,Q6N075,Q96AN5,1,1
40834,Q9NR12,P49023,1,1
40969,P49715,Q9BUQ8,1,1
40977,Q12857,P35869,1,1
41010,P10809,P26196,1,1
41058,P04198,Q8NFD5,1,1
41088,O15409,Q9UQR1,1,1
41093,P62263,Q9H1Y0,1,1
41190,P62256,P61247,1,1
41259,O95793,O60870,1,1
41322,P25440,Q92917,1,1
41452,Q92522,Q12906,1,1
41488,P41002,O95793,1,1
41530,P67870,Q8WXI9,1,1
41917,P49368,P23769,1,1
42058,Q12857,Q7RTS1,1,1
42144,Q08211,P61247,1,1
42187,P41002,P39019,1,1
42263,P35244,O75915,1,1
42337,Q8NHQ9,Q9NX58,1,1
42385,Q16594,Q14562,1,1
42565,Q12857,P01106,1,1
42583,P17676,O43290,1,1
42671,P05388,Q8NHQ9,1,1
42678,Q9UKX7,Q12906,1,1
42707,Q8IY92,P62805,1,1
42709,P01100,Q1KMD3,1,1
42722,P62701,Q09161,1,1
42900,P41002,P09622,1,1
43033,Q8IZD4,Q9UQ35,1,1
43118,Q9NX58,Q9NXV6,1,1
43231,O75151,P35244,1,1
43341,P78563,Q13428,1,1
43443,Q9NRL2,Q9NR30,1,1
43498,Q9NX05,P01106,1,1
43511,Q8N1F7,P61970,1,1
43529,O95786,Q8IV20,1,1
43547,Q9UBB9,Q6ZN17,1,1
43716,P49711,P82650,1,1
43720,P46782,P17676,1,1
43749,Q15648,P78563,1,1
43891,P40692,P10070,1,1
43963,P49715,O60885,1,1
44012,P78371,P23769,1,1
44049,P49327,Q15738,1,1
44123,P41002,P62266,1,1
44151,Q6ZN17,Q8IY37,1,1
44194,P01106,Q9UFW8,1,1
44207,Q6ZN17,Q9Y450,1,1
44208,Q14116,Q12906,1,1
44334,Q6ZN17,P62266,1,1
44503,Q13485,P55317,1,1
44518,P55317,Q9UI09,1,1
44627,Q9H2P0,Q15047,1,1
44660,P01106,Q969Q0,1,1
44742,P51608,Q15428,1,1
44827,Q8IYB8,P55769,1,1
44881,P17676,P35244,1,1
44924,P51608,Q9H2K0,1,1
45259,P26373,Q9H1Y0,1,1
45289,P62280,P78371,1,1
45305,P35244,Q96JM3,1,1
45336,Q6N075,Q14165,1,1
45525,Q12906,Q9Y6J9,1,1
45604,Q9NZC7,P23769,1,1
45669,P17987,P41002,1,1
45723,P37108,Q92560,1,1
45749,P62750,P62256,1,1
45823,Q99714,P01106,1,1
45914,P50990,Q9BUK6,1,1
45933,P62424,P35244,1,1
45945,Q16637,Q9ULX6,1,1
45995,P50990,Q96FW1,1,1
46283,O60885,Q5T6F2,1,1
46370,Q92560,Q96RE7,1,1
46500,Q6NUN9,Q9UBW7,1,1
46590,P01100,Q8WZA1,1,1
46591,Q16254,O75251,1,1
46721,P01106,Q9UGI8,1,1
46834,P26373,P49848,1,1
46925,Q9NR30,P78371,1,1
46939,P62854,P01106,1,1
47113,Q99856,Q9NX58,1,1
47213,Q12857,Q9NXR8,1,1
47231,P62280,Q5VZL5,1,1
47300,Q9BUQ8,Q92917,1,1
47343,Q9H2P0,P49715,1,1
47352,P41002,Q86Y39,1,1
47379,P40429,Q9H1Y0,1,1
47407,P01106,P35754,1,1
47410,P10809,P62263,1,1
47476,O60832,O00422,1,1
47579,Q8IWI9,Q9UBW7,1,1
47592,P26196,Q9UPY3,1,1
47688,P35244,Q6P158,1,1
47845,P04844,O95251,1,1
47943,Q9Y692,Q9UBW7,1,1
48047,Q92560,Q99459,1,1
48066,Q9UIH9,P08047,1,1
48119,P35244,P01106,1,1
48146,P04198,Q12962,1,1
48214,Q15084,P35244,1,1
48224,O95793,Q13123,1,1
48322,P38919,Q14526,1,1
48422,Q6IAA8,P01106,1,1
48518,P01106,Q8IXB1,1,1
48566,P62280,Q8WXI9,1,1
48633,P05198,Q9NR30,1,1
48762,P61081,Q6R327,1,1
48870,P23769,P06454,1,1
48897,P41002,Q9UQR0,1,1
48921,P01106,Q9P0M9,1,1
49252,Q71U36,P04198,1,1
49278,P18621,Q9BUZ4,1,1
49373,Q8TCT7,O95786,1,1
49414,P63279,P37840,1,1
49417,P62888,Q96LT7,1,1
49456,Q5SSJ5,P07305,1,1
49501,Q99459,P09234,1,1
49547,Q13838,Q12906,1,1
49572,Q9HC38,Q16637,1,1
49701,P49327,P45880,1,1
49725,P23396,P05090,1,1
49773,Q9H9B4,P46063,1,1
49801,O75683,P41002,1,1
49820,Q6YN16,P26196,1,1
49896,Q5T749,P01106,1,1
50201,P78347,Q12948,1,1
50307,Q1KMD3,Q8WXX5,1,1
50343,Q96NB3,P01106,1,1
50404,Q53GT1,P17542,1,1
50490,P49715,P42166,1,1
50515,Q6R327,P45880,1,1
50624,P55317,Q9NWS0,1,1
50638,Q9NR30,Q9NWT8,1,1
50682,P62424,Q9H1Y0,1,1
50743,P23769,O60832,1,1
50764,Q09161,P35244,1,1
50771,Q03188,Q9HAF1,1,1
50838,P01106,Q96FW1,1,1
50882,Q12905,P23769,1,1
51019,P41002,O43583,1,1
51141,P09622,Q9BSJ5,1,1
51165,P35244,O15534,1,1
51380,Q1KMD3,Q09161,1,1
51396,P10809,P50990,1,1
51436,Q8IZD4,P35244,1,1
51468,Q9H0G5,P09234,1,1
51506,Q92917,P62851,1,1
51605,P62280,Q96EB6,1,1
51632,P41002,O76003,1,1
51726,P41002,O15235,1,1
51791,Q5T5X7,Q12857,1,1
51890,P51608,Q9H2U1,1,1
52009,O94766,P01106,1,1
