model,bin,rows,mean_probability,observed_fraction
native-bernett,0,3032,0.08324738800454337,0.19063324538258575
native-bernett,1,6648,0.14477006949679494,0.2766245487364621
native-bernett,2,4693,0.24925275849358766,0.34796505433624547
native-bernett,3,4238,0.348905913146275,0.4105710240679566
native-bernett,4,4170,0.4506817330197444,0.44628297362110314
native-bernett,5,4677,0.5517500888421923,0.5007483429548856
native-bernett,6,5301,0.6508884205731919,0.5444255800792304
native-bernett,7,6431,0.7511844601081384,0.591043383610636
native-bernett,8,7676,0.8523644623858901,0.679520583637311
native-bernett,9,5182,0.9331422278709236,0.7966036279428792
v1-reference,1,118,0.1925167859757393,0.15254237288135594
v1-reference,2,4193,0.26286706396057474,0.21345098974481277
v1-reference,3,9469,0.3527157528834739,0.3141831238779174
v1-reference,4,15166,0.45513277133069185,0.47553738625873665
v1-reference,5,14729,0.5430610583354376,0.5964423925588974
v1-reference,6,5170,0.6397540073928756,0.6798839458413927
v1-reference,7,1508,0.7414827284100827,0.75
v1-reference,8,965,0.8557823460783809,0.8549222797927462
v1-reference,9,730,0.9174472344633742,0.915068493150685
v1-symmetric,0,583,0.08963162237225124,0.23156089193825044
v1-symmetric,1,5955,0.1534174006177531,0.24416456759026028
v1-symmetric,2,6563,0.25017888960541657,0.3339936004875819
v1-symmetric,3,6413,0.3501509699908914,0.40246374551691877
v1-symmetric,4,6484,0.4504951995503414,0.47223935842072795
v1-symmetric,5,6895,0.550395704112569,0.5367657722987672
v1-symmetric,6,7263,0.6486604403517937,0.6082885859837532
v1-symmetric,7,6118,0.7479025162622466,0.6570774762994442
v1-symmetric,8,4136,0.8475566457961934,0.7391199226305609
v1-symmetric,9,1638,0.9233842982391679,0.8571428571428571
v2-reference,1,57,0.19368712173736358,0.22807017543859648
v2-reference,2,4729,0.2642023482625143,0.21484457602030027
v2-reference,3,9579,0.351787460089527,0.3302014824094373
v2-reference,4,14738,0.45519083383173214,0.47767675396933096
v2-reference,5,14359,0.5430205429737073,0.6011560693641619
v2-reference,6,5519,0.6404059194631351,0.6664250770067041
v2-reference,7,1726,0.7398823464034265,0.7508690614136733
v2-reference,8,908,0.8523440463674236,0.8711453744493393
v2-reference,9,433,0.9155795912089105,0.9122401847575058
v2-capped,0,2352,0.0841716344412891,0.20408163265306123
v2-capped,1,7051,0.146857294847708,0.2816621755779322
v2-capped,2,5505,0.24907882930385838,0.36130790190735695
v2-capped,3,5026,0.3495730445013185,0.42638280939116596
v2-capped,4,5139,0.45028184674330174,0.46293053123175715
v2-capped,5,5728,0.5510334270299285,0.5040153631284916
v2-capped,6,6055,0.6507045289713403,0.5682906688687035
v2-capped,7,6933,0.750764662290081,0.6428674455502669
v2-capped,8,5885,0.8462593439387285,0.7221750212404418
v2-capped,9,2374,0.9310765611684642,0.8475147430497051
v2-positive10,5,4,0.5935347720058715,0.5
v2-positive10,6,421,0.6715849887964517,0.14489311163895488
v2-positive10,7,3829,0.7626057266267366,0.19926873857404023
v2-positive10,8,16583,0.8611166499461312,0.3605499608032322
v2-positive10,9,31211,0.9364801211824644,0.6157764890583448
v2-clean-bce,1,1745,0.18168164714981164,0.1524355300859599
v2-clean-bce,2,6500,0.2526492918182437,0.24169230769230768
v2-clean-bce,3,8706,0.35171976219641826,0.3657247875028716
v2-clean-bce,4,11609,0.45202664244594715,0.4855715393229391
v2-clean-bce,5,11224,0.5478021736899429,0.5762651461154669
v2-clean-bce,6,6524,0.6427412278166554,0.66477621091355
v2-clean-bce,7,2811,0.7466926031409422,0.7527570259694059
v2-clean-bce,8,1875,0.8406495271941851,0.7978666666666666
v2-clean-bce,9,1054,0.9208183272063699,0.9003795066413662
v3-residue-mlp,1,2430,0.1731487734420345,0.17448559670781894
v3-residue-mlp,2,6437,0.25220864287638717,0.2466987727202113
v3-residue-mlp,3,8870,0.35300633900835854,0.3807215332581736
v3-residue-mlp,4,11587,0.45108610184481274,0.4959868818503495
v3-residue-mlp,5,10355,0.5466561158439818,0.5767262192177692
v3-residue-mlp,6,6467,0.6464003344444914,0.6717179526828514
v3-residue-mlp,7,3693,0.743857648964165,0.7378824803682643
v3-residue-mlp,8,1541,0.8422972215011627,0.8001297858533419
v3-residue-mlp,9,668,0.9291120028906018,0.9191616766467066
v4-esmc-standard,0,22,0.09491210694535351,0.09090909090909091
v4-esmc-standard,1,7078,0.1557332296664843,0.22280305170952247
v4-esmc-standard,2,6487,0.24750801970827513,0.3238785262833359
v4-esmc-standard,3,5156,0.34890477479501636,0.41931730023273855
v4-esmc-standard,4,5118,0.4505403491995742,0.476357952325127
v4-esmc-standard,5,5442,0.5510967346716888,0.5308710033076075
v4-esmc-standard,6,5647,0.6506180663930322,0.5620683548786967
v4-esmc-standard,7,6253,0.7516224201171446,0.6120262274108428
v4-esmc-standard,8,8905,0.8518657598471847,0.6979225154407637
v4-esmc-standard,9,1940,0.9167066304002264,0.8448453608247423
