model,view,group,threshold_rule,rows,positive,prevalence,ap,auroc,brier,logit_threshold,probability_threshold,precision,recall,f1,mcc,tn,fp,fn,tp
native-bernett,ab,all,fixed_0.5,52048,26024,0.5,0.6862949228894347,0.6976518308692612,0.23650600445842193,0.0,0.5,0.6266175014510567,0.7052336304949277,0.6636053007430441,0.28727604894525316,15088,10936,7671,18353
native-bernett,ab,all,validation_max_f1,52048,26024,0.5,0.6862949228894347,0.6976518308692612,0.23650600445842193,-1.78125,0.14414885303274058,0.541179331844613,0.9405548724254534,0.6870447560102733,0.21210819049738897,5272,20752,1547,24477
native-bernett,ab,combined_residues_le_2193,fixed_0.5,48656,24337,0.5001849720486682,0.6895032886608509,0.7005907873820167,0.23548901553385412,0.0,0.5,0.6323677817230424,0.6951966142088178,0.6622954670007046,0.2921968363257582,14483,9836,7418,16919
native-bernett,ab,combined_residues_le_2193,validation_max_f1,48656,24337,0.5001849720486682,0.6895032886608509,0.7005907873820167,0.23548901553385412,-1.78125,0.14414885303274058,0.5434922450146523,0.9373382093109257,0.6880410194540794,0.21706516754424643,5158,19161,1525,22812
native-bernett,ab,combined_residues_gt_2193,fixed_0.5,3392,1687,0.49734669811320753,0.6346588430788449,0.6567962354871737,0.25109403898488797,0.0,0.5,0.5659037095501184,0.8500296384113811,0.6794598436389481,0.23563925954622433,605,1100,253,1434
native-bernett,ab,combined_residues_gt_2193,validation_max_f1,3392,1687,0.49734669811320753,0.6346588430788449,0.6567962354871737,0.25109403898488797,-1.78125,0.14414885303274058,0.5113636363636364,0.9869590989922941,0.67367995144649,0.13717090838661072,114,1591,22,1665
native-bernett,pooled,all,fixed_0.5,52048,26024,0.5,0.6903188517540065,0.699466898546864,0.23487542824797847,0.0,0.5,0.6277718932586189,0.7060021518598217,0.6645927908701236,0.2896463348871676,15130,10894,7651,18373
native-bernett,pooled,all,validation_max_f1,52048,26024,0.5,0.6903188517540065,0.699466898546864,0.23487542824797847,-1.87890625,0.13251455444044347,0.5347066436583261,0.952543805717799,0.6849303713527851,0.19816845901367064,4453,21571,1235,24789
native-bernett,pooled,combined_residues_le_2193,fixed_0.5,48656,24337,0.5001849720486682,0.6932258137961803,0.7019636486417776,0.23402622677257204,0.0,0.5,0.6333782670560922,0.6950322554135678,0.6627745234410203,0.29383230925159576,14528,9791,7422,16915
native-bernett,pooled,combined_residues_le_2193,validation_max_f1,48656,24337,0.5001849720486682,0.6932258137961803,0.7019636486417776,0.23402622677257204,-1.87890625,0.13251455444044347,0.5368890540791674,0.9496651189546781,0.6859686873933368,0.20338404439754623,4383,19936,1225,23112
native-bernett,pooled,combined_residues_gt_2193,fixed_0.5,3392,1687,0.49734669811320753,0.6441940772287567,0.6680875141456055,0.2470566626192563,0.0,0.5,0.5693088637251074,0.8642560758743332,0.6864406779661016,0.2526647243672472,602,1103,229,1458
native-bernett,pooled,combined_residues_gt_2193,validation_max_f1,3392,1687,0.49734669811320753,0.6441940772287567,0.6680875141456055,0.2470566626192563,-1.87890625,0.13251455444044347,0.5063405797101449,0.99407231772377,0.6709341868373675,0.11573999174073699,70,1635,10,1677
v1-reference,ab,all,fixed_0.5,52048,26024,0.5,0.6706698830531114,0.6820709143875705,0.22525906225580727,0.0,0.5,0.6401823371533251,0.5774285275130648,0.6071883144432996,0.2541057379137024,17578,8446,10997,15027
v1-reference,ab,all,validation_max_f1,52048,26024,0.5,0.6706698830531114,0.6820709143875705,0.22525906225580727,-0.76171875,0.31827322335346725,0.5379799301919721,0.9476252689824777,0.6863241678726484,0.2064099402728534,4845,21179,1363,24661
v1-reference,ab,combined_residues_le_2193,fixed_0.5,48656,24337,0.5001849720486682,0.6766647822358031,0.6859431055630858,0.22459836476636422,0.0,0.5,0.6464972623894426,0.5676541890947939,0.6045158184921017,0.25895543958585604,16765,7554,10522,13815
v1-reference,ab,combined_residues_le_2193,validation_max_f1,48656,24337,0.5001849720486682,0.6766647822358031,0.6859431055630858,0.22459836476636422,-0.76171875,0.31827322335346725,0.5380701181083983,0.9471997370259276,0.6862858929129638,0.20568202813802355,4529,19790,1285,23052
v1-reference,ab,combined_residues_gt_2193,fixed_0.5,3392,1687,0.49734669811320753,0.6088395200215608,0.6406746780190764,0.2347363314322056,0.0,0.5,0.5760456273764258,0.7184350918790753,0.6394091268794513,0.20117308248537066,813,892,475,1212
v1-reference,ab,combined_residues_gt_2193,validation_max_f1,3392,1687,0.49734669811320753,0.6088395200215608,0.6406746780190764,0.2347363314322056,-0.76171875,0.31827322335346725,0.5366911274182788,0.9537640782454061,0.6868729989327641,0.21706363132161893,316,1389,78,1609
v1-reference,pooled,all,fixed_0.5,52048,26024,0.5,0.6756692281121284,0.6857609871150177,0.22479244374958382,0.0,0.5,0.6460046749199203,0.573470642483861,0.6075805072670276,0.2608718801319065,17846,8178,11100,14924
v1-reference,pooled,all,validation_max_f1,52048,26024,0.5,0.6756692281121284,0.6857609871150177,0.22479244374958382,-0.7763671875,0.3151033679588216,0.532949689721071,0.9537350138333845,0.6837936497003926,0.19216210002814163,4273,21751,1204,24820
v1-reference,pooled,combined_residues_le_2193,fixed_0.5,48656,24337,0.5001849720486682,0.680836191521394,0.6885700085820344,0.22439414810173292,0.0,0.5,0.6521365070260969,0.5606278505978551,0.6029298040168806,0.26395534469453413,17041,7278,10693,13644
v1-reference,pooled,combined_residues_le_2193,validation_max_f1,48656,24337,0.5001849720486682,0.680836191521394,0.6885700085820344,0.22439414810173292,-0.7763671875,0.3151033679588216,0.5328232347602307,0.9528290257632411,0.6834566300215155,0.19003616959680816,3987,20332,1148,23189
v1-reference,pooled,combined_residues_gt_2193,fixed_0.5,3392,1687,0.49734669811320753,0.6204704971060792,0.656179652231051,0.23050573179257658,0.0,0.5,0.5871559633027523,0.7587433313574392,0.6620118955262477,0.2408985525692557,805,900,407,1280
v1-reference,pooled,combined_residues_gt_2193,validation_max_f1,3392,1687,0.49734669811320753,0.6204704971060792,0.656179652231051,0.23050573179257658,-0.7763671875,0.3151033679588216,0.5347540983606557,0.966804979253112,0.6886214903947646,0.22342435032753455,286,1419,56,1631
v1-symmetric,ab,all,fixed_0.5,52048,26024,0.5,0.6658983003880565,0.677419710809403,0.23488565291900232,0.0,0.5,0.6229022339124959,0.6460959114663387,0.6342871154535338,0.25513388739964266,15845,10179,9210,16814
v1-symmetric,ab,all,validation_max_f1,52048,26024,0.5,0.6658983003880565,0.677419710809403,0.23488565291900232,-1.9453125,0.12506538251690355,0.5214888480822003,0.9712188748847218,0.6786054691170745,0.15811171161917098,2832,23192,749,25275
v1-symmetric,ab,combined_residues_le_2193,fixed_0.5,48656,24337,0.5001849720486682,0.6705005372792336,0.6813665411947092,0.23303624900571274,0.0,0.5,0.6278113663845224,0.64001314870362,0.6338535414165666,0.2603611238793177,15085,9234,8761,15576
v1-symmetric,ab,combined_residues_le_2193,validation_max_f1,48656,24337,0.5001849720486682,0.6705005372792336,0.6813665411947092,0.23303624900571274,-1.9453125,0.12506538251690355,0.5219407698593229,0.971113941734807,0.6789623373265534,0.1593771863470791,2672,21647,703,23634
v1-symmetric,ab,combined_residues_gt_2193,fixed_0.5,3392,1687,0.49734669811320753,0.604789895595981,0.6290480768060744,0.2614141307506705,0.0,0.5,0.5671094823637196,0.7338470657972732,0.6397932816537467,0.18748806769019288,760,945,449,1238
v1-symmetric,ab,combined_residues_gt_2193,validation_max_f1,3392,1687,0.49734669811320753,0.604789895595981,0.6290480768060744,0.2614141307506705,-1.9453125,0.12506538251690355,0.5150659133709982,0.972732661529342,0.6735070798276216,0.1393701829939547,160,1545,46,1641
v1-symmetric,pooled,all,fixed_0.5,52048,26024,0.5,0.6781642972188495,0.6872800925608739,0.22809540977014464,0.0,0.5,0.6372360844529751,0.6378727328619735,0.6375542497215501,0.27474652506962033,16574,9450,9424,16600
v1-symmetric,pooled,all,validation_max_f1,52048,26024,0.5,0.6781642972188495,0.6872800925608739,0.22809540977014464,-1.685546875,0.15636236748299262,0.5208854349668272,0.9684137719028589,0.6774093835257435,0.15176894923699255,2843,23181,822,25202
v1-symmetric,pooled,combined_residues_le_2193,fixed_0.5,48656,24337,0.5001849720486682,0.6811837262290281,0.6894745640275919,0.2273093963023363,0.0,0.5,0.6421840821134107,0.6272753420717426,0.6346421667463469,0.27758015403454644,15813,8506,9071,15266
v1-symmetric,pooled,combined_residues_le_2193,validation_max_f1,48656,24337,0.5001849720486682,0.6811837262290281,0.6894745640275919,0.2273093963023363,-1.685546875,0.15636236748299262,0.5216871206415312,0.9676624070345564,0.6779026756286072,0.15413504863321778,2727,21592,787,23550
v1-symmetric,pooled,combined_residues_gt_2193,fixed_0.5,3392,1687,0.49734669811320753,0.6417428747488622,0.6680645682787296,0.2393702539003574,0.0,0.5,0.5856014047410009,0.7907528156490812,0.6728877679697352,0.2524109844742406,761,944,353,1334
v1-symmetric,pooled,combined_residues_gt_2193,validation_max_f1,3392,1687,0.49734669811320753,0.6417428747488622,0.6680645682787296,0.2393702539003574,-1.685546875,0.15636236748299262,0.509719222462203,0.979253112033195,0.6704545454545454,0.1146424528933194,116,1589,35,1652
v2-reference,ab,all,fixed_0.5,52048,26024,0.5,0.6639685084956899,0.6771997900812123,0.22654724402465887,0.0,0.5,0.6379110251450677,0.5702812788195512,0.6022033313721115,0.2479776168764629,17600,8424,11183,14841
v2-reference,ab,all,validation_max_f1,52048,26024,0.5,0.6639685084956899,0.6771997900812123,0.22654724402465887,-0.8359375,0.30239108267790193,0.5328756837927706,0.9545035351982785,0.6839301201833725,0.19259623015137822,4249,21775,1184,24840
v2-reference,ab,combined_residues_le_2193,fixed_0.5,48656,24337,0.5001849720486682,0.6691834048553845,0.679865056454879,0.22617314253729764,0.0,0.5,0.6438440719813874,0.5571763158976045,0.5973831446319221,0.251007941077437,16818,7501,10777,13560
v2-reference,ab,combined_residues_le_2193,validation_max_f1,48656,24337,0.5001849720486682,0.6691834048553845,0.679865056454879,0.22617314253729764,-0.8359375,0.30239108267790193,0.5328034549297069,0.9530344742573037,0.6834932001355553,0.1901487753937431,3981,20338,1143,23194
v2-reference,ab,combined_residues_gt_2193,fixed_0.5,3392,1687,0.49734669811320753,0.6097491428318366,0.6525755866406382,0.23191348281270333,0.0,0.5,0.5812159709618875,0.7593360995850622,0.6584425597532768,0.2284738831653895,782,923,406,1281
v2-reference,ab,combined_residues_gt_2193,validation_max_f1,3392,1687,0.49734669811320753,0.6097491428318366,0.6525755866406382,0.23191348281270333,-0.8359375,0.30239108267790193,0.5338955562763542,0.975696502667457,0.690146750524109,0.23089655158393238,268,1437,41,1646
v2-reference,pooled,all,fixed_0.5,52048,26024,0.5,0.6693861529876619,0.6816209577382707,0.22578918036080675,0.0,0.5,0.6446720418391807,0.568398401475561,0.6041373113602483,0.25691517549428494,17871,8153,11232,14792
v2-reference,pooled,all,validation_max_f1,52048,26024,0.5,0.6693861529876619,0.6816209577382707,0.22578918036080675,-0.83984375,0.3015676930738543,0.5294042823828705,0.9595757762065785,0.6823510123780637,0.18287427636314368,3826,22198,1052,24972
v2-reference,pooled,combined_residues_le_2193,fixed_0.5,48656,24337,0.5001849720486682,0.6741830916125244,0.683666229533931,0.22560193165238296,0.0,0.5,0.6506070720263145,0.5526564490282286,0.5976449677849367,0.25858080839474656,17096,7223,10887,13450
v2-reference,pooled,combined_residues_le_2193,validation_max_f1,48656,24337,0.5001849720486682,0.6741830916125244,0.683666229533931,0.22560193165238296,-0.83984375,0.3015676930738543,0.5294251203342113,0.9581295969100546,0.6820023105833491,0.18072087630355638,3593,20726,1019,23318
v2-reference,pooled,combined_residues_gt_2193,fixed_0.5,3392,1687,0.49734669811320753,0.6239857796041868,0.6646725781245926,0.22847513942833886,0.0,0.5,0.590669014084507,0.7954949614700652,0.6779489770143976,0.2658378224811685,775,930,345,1342
v2-reference,pooled,combined_residues_gt_2193,validation_max_f1,3392,1687,0.49734669811320753,0.6239857796041868,0.6646725781245926,0.22847513942833886,-0.83984375,0.3015676930738543,0.5291106845809341,0.980438648488441,0.687305215042593,0.21778340392132398,233,1472,33,1654
v2-capped,ab,all,fixed_0.5,52048,26024,0.5,0.672957948722021,0.6792977014690689,0.2393291908861919,0.0,0.5,0.6236131077444801,0.6500922225637873,0.6365774274264858,0.25795628189266917,15813,10211,9106,16918
v2-capped,ab,all,validation_max_f1,52048,26024,0.5,0.672957948722021,0.6792977014690689,0.2393291908861919,-2.265625,0.09401017961657226,0.5159141526624823,0.9791346449431294,0.6757631209059326,0.13720045142655135,2115,23909,543,25481
v2-capped,ab,combined_residues_le_2193,fixed_0.5,48656,24337,0.5001849720486682,0.6766488918281757,0.6822441971563261,0.2385375919483941,0.0,0.5,0.6295379872632134,0.6377121255701196,0.633598693610941,0.2621855226940251,15186,9133,8817,15520
v2-capped,ab,combined_residues_le_2193,validation_max_f1,48656,24337,0.5001849720486682,0.6766488918281757,0.6822441971563261,0.2385375919483941,-2.265625,0.09401017961657226,0.5167824576639166,0.9780581008341209,0.6762504083980851,0.1398240731011815,2062,22257,534,23803
v2-capped,ab,combined_residues_gt_2193,fixed_0.5,3392,1687,0.49734669811320753,0.6140390419096817,0.639791088312036,0.2506841548948864,0.0,0.5,0.5646203554119548,0.8286899822169532,0.6716310353110737,0.22121202558005557,627,1078,289,1398
v2-capped,ab,combined_residues_gt_2193,validation_max_f1,3392,1687,0.49734669811320753,0.6140390419096817,0.639791088312036,0.2506841548948864,-2.265625,0.09401017961657226,0.5039039039039039,0.994665085951393,0.6689256527805462,0.09611279266889146,53,1652,9,1678
v2-capped,pooled,all,fixed_0.5,52048,26024,0.5,0.685180074278879,0.6910048098794379,0.23195322438129995,0.0,0.5,0.631955514365153,0.6550491853673532,0.643295156512387,0.2737380164253102,16096,9928,8977,17047
v2-capped,pooled,all,validation_max_f1,52048,26024,0.5,0.685180074278879,0.6910048098794379,0.23195322438129995,-2.05859375,0.11318690654016263,0.5199695623560382,0.9715262834306794,0.6773925624263208,0.15050710639179515,2683,23341,741,25283
v2-capped,pooled,combined_residues_le_2193,fixed_0.5,48656,24337,0.5001849720486682,0.6882187856282979,0.6932270678038643,0.2314735673801134,0.0,0.5,0.6385808405287065,0.6412047499691828,0.639890105384016,0.27803469380201923,15487,8832,8732,15605
v2-capped,pooled,combined_residues_le_2193,validation_max_f1,48656,24337,0.5001849720486682,0.6882187856282979,0.6932270678038643,0.2314735673801134,-2.05859375,0.11318690654016263,0.5212234982332156,0.9697579816739943,0.6780240458508697,0.1540981157378765,2640,21679,736,23601
v2-capped,pooled,combined_residues_gt_2193,fixed_0.5,3392,1687,0.49734669811320753,0.6388096380266143,0.6659592849928816,0.23883358730869841,0.0,0.5,0.5681639085894405,0.8547717842323651,0.682603550295858,0.24416971700650522,609,1096,245,1442
v2-capped,pooled,combined_residues_gt_2193,validation_max_f1,3392,1687,0.49734669811320753,0.6388096380266143,0.6659592849928816,0.23883358730869841,-2.05859375,0.11318690654016263,0.5029904306220095,0.997036158861885,0.6686543430729477,0.09421391434953721,43,1662,5,1682
v2-positive10,ab,all,fixed_0.5,52048,26024,0.5,0.6655043753930291,0.6842306797260804,0.39173576289465467,0.0,0.5,0.5,1.0,0.6666666666666666,0.0,0,26024,0,26024
v2-positive10,ab,all,validation_max_f1,52048,26024,0.5,0.6655043753930291,0.6842306797260804,0.39173576289465467,1.4296875,0.8068526199774353,0.5329030327641112,0.95811558561328,0.684877700410641,0.1962845975435142,4169,21855,1090,24934
v2-positive10,ab,combined_residues_le_2193,fixed_0.5,48656,24337,0.5001849720486682,0.670044605299408,0.6872618071225883,0.39025621499716096,0.0,0.5,0.5001849720486682,1.0,0.6668310659926294,0.0,0,24319,0,24337
v2-positive10,ab,combined_residues_le_2193,validation_max_f1,48656,24337,0.5001849720486682,0.670044605299408,0.6872618071225883,0.39025621499716096,1.4296875,0.8068526199774353,0.5332691999358666,0.9566503677528043,0.684804988528737,0.19558396506657033,3942,20377,1055,23282
v2-positive10,ab,combined_residues_gt_2193,fixed_0.5,3392,1687,0.49734669811320753,0.6251910669908872,0.6593256696455733,0.4129589004242713,0.0,0.5,0.49734669811320753,1.0,0.6643039968497736,0.0,0,1705,0,1687
v2-positive10,ab,combined_residues_gt_2193,validation_max_f1,3392,1687,0.49734669811320753,0.6251910669908872,0.6593256696455733,0.4129589004242713,1.4296875,0.8068526199774353,0.5277955271565495,0.979253112033195,0.6859040896823749,0.2104884303744776,227,1478,35,1652
v2-positive10,pooled,all,fixed_0.5,52048,26024,0.5,0.6727262933079157,0.6907192854695645,0.39250486584521616,0.0,0.5,0.5,1.0,0.6666666666666666,0.0,0,26024,0,26024
v2-positive10,pooled,all,validation_max_f1,52048,26024,0.5,0.6727262933079157,0.6907192854695645,0.39250486584521616,1.5078125,0.8187367931713698,0.5371056910569105,0.9519674146941285,0.6867454850379077,0.20709415578277515,4673,21351,1250,24774
v2-positive10,pooled,combined_residues_le_2193,fixed_0.5,48656,24337,0.5001849720486682,0.6773877194697528,0.6933534145304012,0.3910401379170087,0.0,0.5,0.5001849720486682,1.0,0.6668310659926294,0.0,0,24319,0,24337
v2-positive10,pooled,combined_residues_le_2193,validation_max_f1,48656,24337,0.5001849720486682,0.6773877194697528,0.6933534145304012,0.3910401379170087,1.5078125,0.8187367931713698,0.5375354436852136,0.9503225541356782,0.6866677552959339,0.20650824912944424,4421,19898,1209,23128
v2-positive10,pooled,combined_residues_gt_2193,fixed_0.5,3392,1687,0.49734669811320753,0.6287985281182921,0.670880651940751,0.4135154207021917,0.0,0.5,0.49734669811320753,1.0,0.6643039968497736,0.0,0,1705,0,1687
v2-positive10,pooled,combined_residues_gt_2193,validation_max_f1,3392,1687,0.49734669811320753,0.6287985281182921,0.670880651940751,0.4135154207021917,1.5078125,0.8187367931713698,0.5311390771216521,0.975696502667457,0.6878395319682407,0.21980210946126721,252,1453,41,1646
v2-clean-bce,ab,all,fixed_0.5,52048,26024,0.5,0.6866530404865643,0.6965451426803739,0.22079225939722838,0.0,0.5,0.6491894630192503,0.5909160774669536,0.6186836176375925,0.27269629058432904,17714,8310,10646,15378
v2-clean-bce,ab,all,validation_max_f1,52048,26024,0.5,0.6866530404865643,0.6965451426803739,0.22079225939722838,-0.9765625,0.27357439102480946,0.5430017605633802,0.9481248078696588,0.6905294973693048,0.22552795221017383,5258,20766,1350,24674
v2-clean-bce,ab,combined_residues_le_2193,fixed_0.5,48656,24337,0.5001849720486682,0.6906128440037194,0.699465522857682,0.2202306692647179,0.0,0.5,0.6570129809269413,0.576077577351358,0.6138891321481741,0.27721976073798715,17000,7319,10317,14020
v2-clean-bce,ab,combined_residues_le_2193,validation_max_f1,48656,24337,0.5001849720486682,0.6906128440037194,0.699465522857682,0.2202306692647179,-0.9765625,0.27357439102480946,0.5435387955446479,0.9464190327484899,0.6905100954836388,0.22523588724982083,4976,19343,1304,23033
v2-clean-bce,ab,combined_residues_gt_2193,fixed_0.5,3392,1687,0.49734669811320753,0.6265839824718297,0.660858523085802,0.22884789898668292,0.0,0.5,0.5781183482332908,0.8049792531120332,0.6729435084241824,0.24243449852547655,714,991,329,1358
v2-clean-bce,ab,combined_residues_gt_2193,validation_max_f1,3392,1687,0.49734669811320753,0.6265839824718297,0.660858523085802,0.22884789898668292,-0.9765625,0.27357439102480946,0.535574412532637,0.972732661529342,0.6908019364344349,0.23368019275319515,282,1423,46,1641
v2-clean-bce,pooled,all,fixed_0.5,52048,26024,0.5,0.6905955413943079,0.6997273287732982,0.21989743638548567,0.0,0.5,0.6542064032697548,0.5904549646480172,0.6206980126030053,0.2796896020223473,17902,8122,10658,15366
v2-clean-bce,pooled,all,validation_max_f1,52048,26024,0.5,0.6905955413943079,0.6997273287732982,0.21989743638548567,-1.078125,0.2538610069692489,0.532708890871246,0.9637642176452506,0.6861543512160425,0.20142803098053383,4023,22001,943,25081
v2-clean-bce,pooled,combined_residues_le_2193,fixed_0.5,48656,24337,0.5001849720486682,0.6945285190991269,0.7025511346889323,0.21936834215117113,0.0,0.5,0.6626694473409802,0.5744750790976703,0.6154286343127545,0.28434048100952697,17202,7117,10356,13981
v2-clean-bce,pooled,combined_residues_le_2193,validation_max_f1,48656,24337,0.5001849720486682,0.6945285190991269,0.7025511346889323,0.21936834215117113,-1.078125,0.2538610069692489,0.5328707916287534,0.9625261946829929,0.6859744937552162,0.20001114787265117,3784,20535,912,23425
v2-clean-bce,pooled,combined_residues_gt_2193,fixed_0.5,3392,1687,0.49734669811320753,0.6339288662594187,0.6659855336739288,0.2274869437748749,0.0,0.5,0.5794979079497908,0.8209839952578541,0.6794211429973019,0.25375532464536693,700,1005,302,1385
v2-clean-bce,pooled,combined_residues_gt_2193,validation_max_f1,3392,1687,0.49734669811320753,0.6339288662594187,0.6659855336739288,0.2274869437748749,-1.078125,0.2538610069692489,0.5304292120435619,0.981624184943687,0.6887086712414223,0.2249930908867017,239,1466,31,1656
v3-residue-mlp,ab,all,fixed_0.5,52048,26024,0.5,0.6818773285974031,0.6936279486544095,0.2219079059804756,0.0,0.5,0.6507734782418161,0.5706271134337535,0.6080707573244887,0.26643806750961524,18055,7969,11174,14850
v3-residue-mlp,ab,all,validation_max_f1,52048,26024,0.5,0.6818773285974031,0.6936279486544095,0.2219079059804756,-1.15625,0.23934934732271163,0.5328490409736826,0.963956347986474,0.6863193029013858,0.20222358576637228,4031,21993,938,25086
v3-residue-mlp,ab,combined_residues_le_2193,fixed_0.5,48656,24337,0.5001849720486682,0.6860559842091434,0.6968530482890403,0.2214051666660871,0.0,0.5,0.6597147601836476,0.5549985618605415,0.6028430519292138,0.27194886963866793,17352,6967,10830,13507
v3-residue-mlp,ab,combined_residues_le_2193,validation_max_f1,48656,24337,0.5001849720486682,0.6860559842091434,0.6968530482890403,0.2214051666660871,-1.15625,0.23934934732271163,0.533498815813445,0.962608374080618,0.6865155533414409,0.2027094702789832,3834,20485,910,23427
v3-residue-mlp,ab,combined_residues_gt_2193,fixed_0.5,3392,1687,0.49734669811320753,0.653646042675622,0.6717904903288385,0.2291193694477181,0.0,0.5,0.5727078891257996,0.7960877296976882,0.6661706349206349,0.2255703153870779,703,1002,344,1343
v3-residue-mlp,ab,combined_residues_gt_2193,validation_max_f1,3392,1687,0.49734669811320753,0.653646042675622,0.6717904903288385,0.2291193694477181,-1.15625,0.23934934732271163,0.5238395958320177,0.983402489626556,0.6835599505562423,0.19879174503809519,197,1508,28,1659
v3-residue-mlp,pooled,all,fixed_0.5,52048,26024,0.5,0.6855526407928415,0.6974706337367034,0.22082388371449183,0.0,0.5,0.6551663439535294,0.572087304027052,0.6108148026585706,0.2731859173928215,18188,7836,11136,14888
v3-residue-mlp,pooled,all,validation_max_f1,52048,26024,0.5,0.6855526407928415,0.6974706337367034,0.22082388371449183,-1.09765625,0.2501793000910688,0.5355564138878159,0.9590378112511527,0.6873020681298708,0.20802302517426352,4380,21644,1066,24958
v3-residue-mlp,pooled,combined_residues_le_2193,fixed_0.5,48656,24337,0.5001849720486682,0.689930374059675,0.7007827248856374,0.22031847652312592,0.0,0.5,0.664554163596168,0.5558203558367917,0.6053432381634297,0.27879508115768287,17491,6828,10810,13527
v3-residue-mlp,pooled,combined_residues_le_2193,validation_max_f1,48656,24337,0.5001849720486682,0.689930374059675,0.7007827248856374,0.22031847652312592,-1.09765625,0.2501793000910688,0.5361638476584973,0.957348892632617,0.6873672409723861,0.20799555913293022,4163,20156,1038,23299
v3-residue-mlp,pooled,combined_residues_gt_2193,fixed_0.5,3392,1687,0.49734669811320753,0.6569254601149991,0.6752163777863148,0.22807361611517052,0.0,0.5,0.574504010130857,0.8067575577949022,0.6711045364891519,0.2348323442572115,697,1008,326,1361
v3-residue-mlp,pooled,combined_residues_gt_2193,validation_max_f1,3392,1687,0.49734669811320753,0.6569254601149991,0.6752163777863148,0.22807361611517052,-1.09765625,0.2501793000910688,0.5271687321258341,0.983402489626556,0.6863880844021514,0.21376603461140853,217,1488,28,1659
v4-esmc-standard,ab,all,fixed_0.5,52048,26024,0.5,0.6792684213865335,0.6908811049312564,0.23276088618561314,0.0,0.5,0.6250177531600625,0.6764140793114048,0.6497010408208459,0.271515934170022,15463,10561,8421,17603
v4-esmc-standard,ab,all,validation_max_f1,52048,26024,0.5,0.6792684213865335,0.6908811049312564,0.23276088618561314,-1.3203125,0.2107663063197709,0.5503116651825467,0.926145096833692,0.6903940075335501,0.23182890040767273,6329,19695,1922,24102
v4-esmc-standard,ab,combined_residues_le_2193,fixed_0.5,48656,24337,0.5001849720486682,0.6818830094206545,0.6925021477895952,0.2316230766162581,0.0,0.5,0.6302065034937737,0.6633520976291244,0.6463546462745726,0.27420642344212504,14846,9473,8193,16144
v4-esmc-standard,ab,combined_residues_le_2193,validation_max_f1,48656,24337,0.5001849720486682,0.6818830094206545,0.6925021477895952,0.2316230766162581,-1.3203125,0.2107663063197709,0.5520438782035516,0.9222582898467354,0.6906685129625356,0.23384908951210026,6106,18213,1892,22445
v4-esmc-standard,ab,combined_residues_gt_2193,fixed_0.5,3392,1687,0.49734669811320753,0.651256672171524,0.6880045265937382,0.24908201307433356,0.0,0.5,0.5728307813113467,0.8648488441019562,0.6891828058573453,0.26210639262454105,617,1088,228,1459
v4-esmc-standard,ab,combined_residues_gt_2193,validation_max_f1,3392,1687,0.49734669811320753,0.651256672171524,0.6880045265937382,0.24908201307433356,-1.3203125,0.2107663063197709,0.5278751194647977,0.98221695317131,0.6866970576046415,0.21506802902375505,223,1482,30,1657
v4-esmc-standard,pooled,all,fixed_0.5,52048,26024,0.5,0.6814199935305831,0.6942614848702171,0.23044420224479967,0.0,0.5,0.6295100578280768,0.6818321549339071,0.6546272896644593,0.28152281752245834,15581,10443,8280,17744
v4-esmc-standard,pooled,all,validation_max_f1,52048,26024,0.5,0.6814199935305831,0.6942614848702171,0.23044420224479967,-1.359375,0.20434189993684584,0.5454810169111882,0.9357900399631109,0.6892130920205465,0.2233791845212007,5732,20292,1671,24353
v4-esmc-standard,pooled,combined_residues_le_2193,fixed_0.5,48656,24337,0.5001849720486682,0.6841267427490012,0.6959221796552573,0.22928891169279536,0.0,0.5,0.6345704038671449,0.6688581172700004,0.6512632779211427,0.2838187955575063,14945,9374,8059,16278
v4-esmc-standard,pooled,combined_residues_le_2193,validation_max_f1,48656,24337,0.5001849720486682,0.6841267427490012,0.6959221796552573,0.22928891169279536,-1.359375,0.20434189993684584,0.5469842341256449,0.9323252660557998,0.6894665674045488,0.2250702990778024,5527,18792,1647,22690
v4-esmc-standard,pooled,combined_residues_gt_2193,fixed_0.5,3392,1687,0.49734669811320753,0.6530003318942605,0.69191679689605,0.24701608228557817,0.0,0.5,0.5783037475345167,0.8689982216953172,0.6944576030317385,0.27847701358833304,636,1069,221,1466
v4-esmc-standard,pooled,combined_residues_gt_2193,validation_max_f1,3392,1687,0.49734669811320753,0.6530003318942605,0.69191679689605,0.24701608228557817,-1.359375,0.20434189993684584,0.525766677205185,0.9857735625370481,0.6857731958762887,0.21124756882376325,205,1500,24,1663
