test,model,pairs,positives,negatives,prevalence,unique_proteins,fraction_of_full_test,ap,auroc
original,native-plm,1073,566,507,0.527493010251631,374,0.02061558561328005,0.6804623387006148,0.6781403112607245
original,ipin-esm2,1073,566,507,0.527493010251631,374,0.02061558561328005,0.7142210008018983,0.7130874471184339
original,ipin-esmc,1073,566,507,0.527493010251631,374,0.02061558561328005,0.6937317762053823,0.7004411733957805
original,tuna,1073,566,507,0.527493010251631,374,0.02061558561328005,0.6759727072180202,0.6965521567315534
original,xpair-bernett,1073,566,507,0.527493010251631,374,0.02061558561328005,0.7100886753916684,0.7163492030303664
original,xpair-default,1073,566,507,0.527493010251631,374,0.02061558561328005,0.7050828564003218,0.6812400248116475
original,rapppid,1073,566,507,0.527493010251631,374,0.02061558561328005,0.6367916462805834,0.6490963960384999
original,sprint,1073,566,507,0.527493010251631,374,0.02061558561328005,0.5890022248751728,0.5854851861918999
original,dscript,1073,566,507,0.527493010251631,374,0.02061558561328005,0.5694715936680063,0.520138554930618
original,native-human,1073,566,507,0.527493010251631,374,0.02061558561328005,0.6555483684800435,0.6271074218886125
original,tuna-human,1073,566,507,0.527493010251631,374,0.02061558561328005,0.6535792071179463,0.6276719565656778
original,xpair-v11,1073,566,507,0.527493010251631,374,0.02061558561328005,0.6644822739286945,0.6274001435730167
ilp,native-plm,1057,566,491,0.5354777672658467,351,0.02030817706732247,0.6229299431044938,0.5953128036098537
ilp,ipin-esm2,1057,566,491,0.5354777672658467,351,0.02030817706732247,0.6810856039202522,0.6615438313674409
ilp,ipin-esmc,1057,566,491,0.5354777672658467,351,0.02030817706732247,0.6421959986546388,0.6282142163177478
ilp,tuna,1057,566,491,0.5354777672658467,351,0.02030817706732247,0.6058617269861528,0.6064064827675545
ilp,xpair-bernett,1057,566,491,0.5354777672658467,351,0.02030817706732247,0.6284437639732372,0.6242110641727778
ilp,xpair-default,1057,566,491,0.5354777672658467,351,0.02030817706732247,0.6035701427325305,0.5614524335566702
ilp,rapppid,1057,566,491,0.5354777672658467,351,0.02030817706732247,0.6072132454954476,0.5906673479521853
ilp,sprint,1057,566,491,0.5354777672658467,351,0.02030817706732247,0.5745131930162681,0.5629745309565104
ilp,dscript,1057,566,491,0.5354777672658467,351,0.02030817706732247,0.5318293332899506,0.4814073823523062
ilp,native-human,1057,566,491,0.5354777672658467,351,0.02030817706732247,0.5750808774836664,0.5430253395032852
ilp,tuna-human,1057,566,491,0.5354777672658467,351,0.02030817706732247,0.5851739416520964,0.5512799291846884
ilp,xpair-v11,1057,566,491,0.5354777672658467,351,0.02030817706732247,0.592250322220879,0.5513878793548898
