test,model,rule,threshold,tp,fp,fn,tn,precision,recall,specificity,f1,accuracy
original,native-plm,fixed probability 0.5,0.5,18373,10894,7651,15130,0.6277718932586189,0.7060021518598217,0.5813864125422686,0.6645927908701236,0.6436942822010452
original,native-plm,max F1 on own frozen DEV,-1.87890625,24789,21571,1235,4453,0.5347066436583261,0.952543805717799,0.17111128189363664,0.6849303713527851,0.5618275438057178
original,ipin-esm2,fixed probability 0.5,0.5,19048,11762,6976,14262,0.6182408308990588,0.7319397479249923,0.5480325853058715,0.6703029876482387,0.639986166615432
original,ipin-esm2,max F1 on own frozen DEV,-1.427734375,24777,21807,1247,4217,0.5318778979907264,0.9520826928988626,0.1620427297878881,0.682486778316439,0.5570627113433754
original,ipin-esmc,fixed probability 0.5,0.5,19279,11928,6745,14096,0.6177780626141571,0.7408161696895174,0.5416538579772517,0.6737257779874544,0.6412350138333845
original,ipin-esmc,max F1 on own frozen DEV,-1.24609375,24933,21962,1091,4062,0.5316771510822049,0.9580771595450354,0.15608668920996005,0.6838546880785529,0.5570819243774977
original,tuna,fixed probability 0.5,0.5,16803,9119,9221,16905,0.6482138723863899,0.6456732247156471,0.6495926836766062,0.6469410541716398,0.6476329541961267
original,xpair-bernett,fixed probability 0.5,0.5,16607,8721,9417,17303,0.655677511054959,0.6381417153396864,0.6648862588379957,0.6467907773796542,0.6515139870888411
original,xpair-default,fixed probability 0.5,0.5,4963,750,21061,25274,0.8687204621039734,0.19070857669843222,0.9711804488164771,0.31275797964520907,0.5809445127574546
original,rapppid,fixed probability 0.5,0.5,17333,13240,8691,12784,0.5669381480391195,0.6660390408853366,0.49123885644020904,0.6125059632135978,0.5786389486627729
original,dscript,fixed probability 0.5,0.5,2621,678,23403,25346,0.7944831767202183,0.10071472486935137,0.9739471257300953,0.17876752037649626,0.5373309252997234
original,native-human,fixed probability 0.5,0.5,5904,1944,20120,24080,0.7522935779816514,0.22686750691669227,0.9252997233323086,0.34860651865847897,0.5760836151245005
original,tuna-human,fixed probability 0.5,0.5,6437,2312,19587,23712,0.7357412275688651,0.24734860129111588,0.9111589302182601,0.37022977597561324,0.579253765754688
ilp,native-plm,fixed probability 0.5,0.5,18373,12904,7651,13120,0.587428461808997,0.7060021518598217,0.5041500153704273,0.6412802568890595,0.6050760836151245
ilp,native-plm,max F1 on own frozen DEV,-1.87890625,24789,22248,1235,3776,0.5270106511894891,0.952543805717799,0.14509683369197662,0.6785836492793693,0.5488203197048878
ilp,ipin-esm2,fixed probability 0.5,0.5,19048,12954,6976,13070,0.59521279920005,0.7319397479249923,0.5022287119581924,0.6565332781856409,0.6170842299415924
ilp,ipin-esm2,max F1 on own frozen DEV,-1.427734375,24777,21776,1247,4248,0.5322320795652268,0.9520826928988626,0.1632339379034737,0.6827782906430412,0.5576583154011682
ilp,ipin-esmc,fixed probability 0.5,0.5,19279,13245,6745,12779,0.5927622678637314,0.7408161696895174,0.49104672609898553,0.6585707453713192,0.6159314478942515
ilp,ipin-esmc,max F1 on own frozen DEV,-1.24609375,24933,22025,1091,3999,0.5309638400272584,0.9580771595450354,0.1536658469105441,0.6832643665561371,0.5558715032277898
ilp,tuna,fixed probability 0.5,0.5,16803,11079,9221,14945,0.6026468689477082,0.6456732247156471,0.5742775899169997,0.6234185433903462,0.6099754073163234
ilp,xpair-bernett,fixed probability 0.5,0.5,16607,10863,9417,15161,0.6045504186385148,0.6381417153396864,0.5825776206578542,0.6208920626612331,0.6103596679987704
ilp,xpair-default,fixed probability 0.5,0.5,4963,1753,21061,24271,0.7389815366289458,0.19070857669843222,0.9326391023670458,0.3031765424557117,0.561673839532739
ilp,rapppid,fixed probability 0.5,0.5,17333,14078,8691,11946,0.5518130591194168,0.6660390408853366,0.4590378112511528,0.6035692521981371,0.5625384260682447
ilp,dscript,fixed probability 0.5,0.5,2621,1287,23403,24737,0.670675537359263,0.10071472486935137,0.9505456501690747,0.17513029533609514,0.5256301875192131
ilp,native-human,fixed probability 0.5,0.5,5904,3144,20120,22880,0.6525198938992043,0.22686750691669227,0.879188441438672,0.33667883211678834,0.5530279741776821
ilp,tuna-human,fixed probability 0.5,0.5,6437,3615,19587,22409,0.6403700756068444,0.24734860129111588,0.8610897632954196,0.35685774476105997,0.5542191822932677
