test,subset,model,rows,positives,prevalence,ap,auroc,brier,score_min,score_max,unique_scores,zero_scores
mouse,unique_pairs_without_conflicts,native-human,54965,4997,0.09091239879923588,0.9085402805618996,0.9829730371043632,0.025662329767195673,-11.294849395751953,9.508479118347168,54374,0
mouse,unique_pairs_without_conflicts,native-plm,54965,4997,0.09091239879923588,0.2752255944182411,0.6983042371051834,0.2859267403174895,-2.859375,3.5546875,8405,6
mouse,unique_pairs_without_conflicts,v2-capped,54965,4997,0.09091239879923588,0.3287518769033062,0.7194133322773042,0.23392240504633963,-2.8515625,3.3203125,8673,25
mouse,unique_pairs_without_conflicts,v2-clean-bce,54965,4997,0.09091239879923588,0.32134379537228436,0.7550043074195463,0.20560832736261636,-1.78515625,2.6484375,7974,19
mouse,unique_pairs_without_conflicts,ipin-esm2,54965,4997,0.09091239879923588,0.20923059610449768,0.6255527532017129,0.31642286144043325,-3.546875,3.8984375,9035,5
mouse,unique_pairs_without_conflicts,ipin-esmc,54965,4997,0.09091239879923588,0.176890809166097,0.633130765026419,0.3226478387295292,-1.9765625,2.3515625,7110,12
mouse,common_human_sources_endpoint_unexposed,native-human,52065,3944,0.07575146451550946,0.8879077498400213,0.9810010129974502,0.024255556962528,-11.294849395751953,9.508479118347168,51472,0
mouse,common_human_sources_endpoint_unexposed,native-plm,52065,3944,0.07575146451550946,0.2737825624540115,0.7172579487442343,0.28811756987834025,-2.859375,3.5546875,8196,5
mouse,common_human_sources_endpoint_unexposed,v2-capped,52065,3944,0.07575146451550946,0.31442657460118373,0.7312350910924216,0.2348862269621278,-2.8515625,3.3203125,8482,25
mouse,common_human_sources_endpoint_unexposed,v2-clean-bce,52065,3944,0.07575146451550946,0.30465165235878955,0.7596990438192635,0.2060205301741929,-1.78515625,2.6484375,7792,19
mouse,common_human_sources_endpoint_unexposed,ipin-esm2,52065,3944,0.07575146451550946,0.19076077369102593,0.6447079656113668,0.31939225573901175,-3.546875,3.875,8835,5
mouse,common_human_sources_endpoint_unexposed,ipin-esmc,52065,3944,0.07575146451550946,0.16084529277499843,0.6465719992616652,0.3276457903503331,-1.9765625,2.3515625,6984,11
fly,unique_pairs_without_conflicts,native-human,54923,4998,0.0910001274511589,0.917267283729185,0.9834219436397494,0.02568237885045821,-11.263481616973877,9.501873970031738,54536,0
fly,unique_pairs_without_conflicts,native-plm,54923,4998,0.0910001274511589,0.30191230798692587,0.6939952846436521,0.25300130082908,-2.859375,3.5078125,8485,7
fly,unique_pairs_without_conflicts,v2-capped,54923,4998,0.0910001274511589,0.379658891877405,0.7236668969039795,0.232758925532311,-2.796875,3.2890625,8649,22
fly,unique_pairs_without_conflicts,v2-clean-bce,54923,4998,0.0910001274511589,0.3799347334431864,0.7860212287218341,0.19647069724340221,-1.765625,2.625,7975,5
fly,unique_pairs_without_conflicts,ipin-esm2,54923,4998,0.0910001274511589,0.18649952269426928,0.6113008929160046,0.3211668473746364,-3.265625,3.828125,9101,13
fly,unique_pairs_without_conflicts,ipin-esmc,54923,4998,0.0910001274511589,0.15318381317973595,0.5726290616396784,0.3423045625071925,-1.97265625,2.34375,7214,8
fly,common_human_sources_endpoint_unexposed,native-human,54858,4997,0.0910897225564184,0.9168789108650895,0.9833975734912478,0.02571540418841619,-11.263481616973877,9.501873970031738,54397,0
fly,common_human_sources_endpoint_unexposed,native-plm,54858,4997,0.0910897225564184,0.30186872445268026,0.6934334885442206,0.25336973528781526,-2.859375,3.5078125,8481,7
fly,common_human_sources_endpoint_unexposed,v2-capped,54858,4997,0.0910897225564184,0.379818393649069,0.7236406784605449,0.23284907289987172,-2.796875,3.2890625,8636,22
fly,common_human_sources_endpoint_unexposed,v2-clean-bce,54858,4997,0.0910897225564184,0.38002056496895376,0.7859058990477418,0.1965679886414668,-1.765625,2.625,7969,5
fly,common_human_sources_endpoint_unexposed,ipin-esm2,54858,4997,0.0910897225564184,0.1864320585898046,0.6107298662505098,0.3214792150000178,-3.265625,3.828125,9094,13
fly,common_human_sources_endpoint_unexposed,ipin-esmc,54858,4997,0.0910897225564184,0.15313148784627584,0.571897906999951,0.3429023327271673,-1.97265625,2.34375,7210,8
worm,unique_pairs_without_conflicts,native-human,54960,4992,0.09082969432314411,0.8908242693221186,0.9752315279856031,0.028943921053019586,-11.255032539367676,9.504017353057861,54599,0
worm,unique_pairs_without_conflicts,native-plm,54960,4992,0.09082969432314411,0.18559309049669512,0.6175220169754796,0.2812479287656979,-2.828125,3.5078125,8693,14
worm,unique_pairs_without_conflicts,v2-capped,54960,4992,0.09082969432314411,0.27596695606486427,0.6448628103556789,0.27230182381597307,-2.8125,3.25,8915,14
worm,unique_pairs_without_conflicts,v2-clean-bce,54960,4992,0.09082969432314411,0.2712957536838313,0.7207967967287526,0.21343741535747215,-1.73828125,2.6328125,8298,15
worm,unique_pairs_without_conflicts,ipin-esm2,54960,4992,0.09082969432314411,0.1356644059054787,0.5549001300736318,0.35822006523308336,-3.2734375,3.828125,8836,8
worm,unique_pairs_without_conflicts,ipin-esmc,54960,4992,0.09082969432314411,0.10269392896045987,0.5238273087724862,0.3686817213470583,-1.94140625,2.34375,6884,13
worm,common_human_sources_endpoint_unexposed,native-human,55000,5000,0.09090909090909091,0.8908832296816632,0.975250198,0.02897112689160947,-11.255032539367676,9.504017353057861,54600,0
worm,common_human_sources_endpoint_unexposed,native-plm,55000,5000,0.09090909090909091,0.1856029866264684,0.6175741680000001,0.2812468432766022,-2.828125,3.5078125,8693,14
worm,common_human_sources_endpoint_unexposed,v2-capped,55000,5000,0.09090909090909091,0.27585128155491856,0.644876438,0.2722861405632053,-2.8125,3.25,8916,14
worm,common_human_sources_endpoint_unexposed,v2-clean-bce,55000,5000,0.09090909090909091,0.27121222076642726,0.7206724999999999,0.21343912264943157,-1.73828125,2.6328125,8298,15
worm,common_human_sources_endpoint_unexposed,ipin-esm2,55000,5000,0.09090909090909091,0.1359112815683476,0.555289526,0.35818150604582544,-3.2734375,3.828125,8836,8
worm,common_human_sources_endpoint_unexposed,ipin-esmc,55000,5000,0.09090909090909091,0.10276658408213246,0.523885826,0.3686594664862274,-1.94140625,2.34375,6884,13
yeast,unique_pairs_without_conflicts,native-human,54940,4980,0.09064433927921368,0.714154720891144,0.9142995561107522,0.05842367583931199,-11.247010231018066,9.522801399230957,54618,0
yeast,unique_pairs_without_conflicts,native-plm,54940,4980,0.09064433927921368,0.19696028007781516,0.6198197252581181,0.2669246063007355,-2.7890625,3.484375,9318,14
yeast,unique_pairs_without_conflicts,v2-capped,54940,4980,0.09064433927921368,0.2858153377142645,0.6880554302880055,0.26171364445870415,-2.75,3.2109375,9248,12
yeast,unique_pairs_without_conflicts,v2-clean-bce,54940,4980,0.09064433927921368,0.23579151934530432,0.727961724801528,0.22190325139655667,-1.73828125,2.625,8805,19
yeast,unique_pairs_without_conflicts,ipin-esm2,54940,4980,0.09064433927921368,0.13629351979457974,0.5681528174346706,0.30844825990787905,-3.34375,3.828125,9385,18
yeast,unique_pairs_without_conflicts,ipin-esmc,54940,4980,0.09064433927921368,0.11639329037056721,0.5184918919071,0.33443852282090775,-1.9609375,2.3359375,6909,13
yeast,common_human_sources_endpoint_unexposed,native-human,55000,5000,0.09090909090909091,0.7147095360032375,0.9143984339999999,0.058528365452916675,-11.247010231018066,9.522801399230957,54623,0
yeast,common_human_sources_endpoint_unexposed,native-plm,55000,5000,0.09090909090909091,0.19738019910966093,0.619594402,0.26696355761759966,-2.7890625,3.484375,9319,14
yeast,common_human_sources_endpoint_unexposed,v2-capped,55000,5000,0.09090909090909091,0.28663543957912707,0.688068808,0.2616821977694654,-2.75,3.2109375,9249,12
yeast,common_human_sources_endpoint_unexposed,v2-clean-bce,55000,5000,0.09090909090909091,0.23652136325884096,0.727943078,0.22190833067433768,-1.73828125,2.625,8805,19
yeast,common_human_sources_endpoint_unexposed,ipin-esm2,55000,5000,0.09090909090909091,0.13664177118869217,0.568010722,0.30842399133327186,-3.34375,3.828125,9385,18
yeast,common_human_sources_endpoint_unexposed,ipin-esmc,55000,5000,0.09090909090909091,0.11652308455342869,0.517971628,0.33441654826904904,-1.9609375,2.3359375,6911,13
ecoli,unique_pairs_without_conflicts,native-human,18228,1999,0.10966644722405092,0.7545479813969208,0.907202877426143,0.2528387174791103,-11.246706485748291,9.505672931671143,18221,0
ecoli,unique_pairs_without_conflicts,native-plm,18228,1999,0.10966644722405092,0.17934507363252766,0.4821854053528705,0.2518295603614291,-2.421875,2.5234375,6442,16
ecoli,unique_pairs_without_conflicts,v2-capped,18228,1999,0.10966644722405092,0.33983537331914865,0.6333155640609139,0.3900692458720219,-1.9140625,2.78125,3747,2
ecoli,unique_pairs_without_conflicts,v2-clean-bce,18228,1999,0.10966644722405092,0.5523642319035265,0.7934645583929435,0.2864539754629428,-1.484375,1.89453125,4646,10
ecoli,unique_pairs_without_conflicts,ipin-esm2,18228,1999,0.10966644722405092,0.0967806882318889,0.37527760121357123,0.32392507336871357,-3.1171875,3.8125,6142,11
ecoli,unique_pairs_without_conflicts,ipin-esmc,18228,1999,0.10966644722405092,0.07960258627156969,0.27567994053099015,0.3039897259999543,-1.79296875,2.3359375,5366,5
ecoli,common_human_sources_endpoint_unexposed,native-human,22000,2000,0.09090909090909091,0.7328962829098185,0.9066258125,0.2580908324604111,-11.246706485748291,9.505672931671143,18222,0
ecoli,common_human_sources_endpoint_unexposed,native-plm,22000,2000,0.09090909090909091,0.1572177151327937,0.4838996,0.24972621469053172,-2.421875,2.5234375,6443,19
ecoli,common_human_sources_endpoint_unexposed,v2-capped,22000,2000,0.09090909090909091,0.3130062071340064,0.6346900125,0.39519424990462115,-1.9140625,2.78125,3747,3
ecoli,common_human_sources_endpoint_unexposed,v2-clean-bce,22000,2000,0.09090909090909091,0.5240911932088441,0.7936764374999999,0.28960244369066324,-1.484375,1.89453125,4646,11
ecoli,common_human_sources_endpoint_unexposed,ipin-esm2,22000,2000,0.09090909090909091,0.08069036805938111,0.3757119375,0.32425550848136275,-3.1171875,3.8125,6142,14
ecoli,common_human_sources_endpoint_unexposed,ipin-esmc,22000,2000,0.09090909090909091,0.06630287022278158,0.2748716,0.3037956016623588,-1.79296875,2.3359375,5366,7
