test,model,original_order_ap,original_order_auroc,reverse_order_ap,reverse_order_auroc
mouse,native-human,0.903962783864126,0.982147318,0.903289996922938,0.982045954
mouse,native-plm,0.26959665050826187,0.693827314,0.26961225802706607,0.693268962
mouse,v2-capped,0.3105639326471104,0.7092436120000001,0.31682054707422436,0.710497602
mouse,v2-clean-bce,0.30693461414722917,0.7472858019999999,0.3134731231286829,0.7509688959999999
mouse,ipin-esm2,0.19859750598481016,0.622919784,0.20299083499217474,0.6229008759999999
mouse,ipin-esmc,0.1726320991199193,0.6300505240000001,0.17537440519423514,0.6321227700000001
fly,native-human,0.9133018510843566,0.982512874,0.9110032061963185,0.9821853479999999
fly,native-plm,0.29348937805357395,0.688663902,0.30239713545394137,0.689006862
fly,v2-capped,0.36204529613337433,0.7135405300000001,0.3711871549816926,0.715463878
fly,v2-clean-bce,0.36004526354038174,0.7771804400000001,0.3671564829075139,0.7803861500000001
fly,ipin-esm2,0.17929086100020217,0.606724438,0.18153410189249813,0.6105685879999999
fly,ipin-esmc,0.15417330428419296,0.572325242,0.14919077755660046,0.571177088
worm,native-human,0.8875921731388627,0.973782854,0.8845389597979582,0.973475416
worm,native-plm,0.18753804473104113,0.616139354,0.18187704776859992,0.6121523959999999
worm,v2-capped,0.26547909556388904,0.641631482,0.2609814831298461,0.636500766
worm,v2-clean-bce,0.25814862018977136,0.717586392,0.2542460574541957,0.71021327
worm,ipin-esm2,0.1318312781564775,0.554079384,0.1327999435982734,0.552668044
worm,ipin-esmc,0.1021093511492587,0.523643472,0.10108894932811534,0.5228586399999999
yeast,native-human,0.7055139968127152,0.9123163400000002,0.7109621952584214,0.91232155
yeast,native-plm,0.1925598132432038,0.6168589360000001,0.19052788134311854,0.614659676
yeast,v2-capped,0.27483471004295207,0.68379932,0.26613132701027076,0.6773158579999999
yeast,v2-clean-bce,0.21899475067578938,0.7219974859999999,0.22083941102367266,0.720513246
yeast,ipin-esm2,0.13150786216289168,0.564494592,0.13434062671692873,0.566921344
yeast,ipin-esmc,0.11511283736763722,0.5190612779999999,0.11442603653222744,0.517527666
ecoli,native-human,0.7215702392006282,0.9042656,0.7204604616572599,0.9019787124999998
ecoli,native-plm,0.15797547783498989,0.488974075,0.1584220852426587,0.47247749999999994
ecoli,v2-capped,0.28310362622379287,0.624986775,0.2976422113675242,0.624673175
ecoli,v2-clean-bce,0.4770662705451237,0.7703872875,0.47133956305138386,0.7715302875
ecoli,ipin-esm2,0.07861994173973336,0.37961152499999995,0.08261160722333935,0.39131193750000004
ecoli,ipin-esmc,0.06655048520999782,0.28328739999999997,0.06617479887075557,0.2784694875
