split,a,b,spearman_logit
val,native-bernett,v1-reference,0.7381313203390221
val,native-bernett,v1-symmetric,0.7948036982329881
val,native-bernett,v2-reference,0.7049510533210824
val,native-bernett,v2-capped,0.7897751322181861
val,native-bernett,v2-positive10,0.763379887170657
val,native-bernett,v2-clean-bce,0.7912169071272231
val,v1-reference,v1-symmetric,0.8314075860127784
val,v1-reference,v2-reference,0.9566236086568664
val,v1-reference,v2-capped,0.7813738377874773
val,v1-reference,v2-positive10,0.8651398202183431
val,v1-reference,v2-clean-bce,0.8109037148786599
val,v1-symmetric,v2-reference,0.7923118687083367
val,v1-symmetric,v2-capped,0.838942692215988
val,v1-symmetric,v2-positive10,0.8017667955792266
val,v1-symmetric,v2-clean-bce,0.795260329409968
val,v2-reference,v2-capped,0.7562301799891268
val,v2-reference,v2-positive10,0.8502037119192216
val,v2-reference,v2-clean-bce,0.7788080980038042
val,v2-capped,v2-positive10,0.7676426990093893
val,v2-capped,v2-clean-bce,0.7726978534699093
val,v2-positive10,v2-clean-bce,0.8476159067521479
test,native-bernett,v1-reference,0.7533988068859484
test,native-bernett,v1-symmetric,0.7991498671723987
test,native-bernett,v2-reference,0.7162786878754683
test,native-bernett,v2-capped,0.8129194377828091
test,native-bernett,v2-positive10,0.7633358259487074
test,native-bernett,v2-clean-bce,0.8068242845748756
test,v1-reference,v1-symmetric,0.8340320602950347
test,v1-reference,v2-reference,0.9427943475557948
test,v1-reference,v2-capped,0.8129872318241806
test,v1-reference,v2-positive10,0.8797312617125482
test,v1-reference,v2-clean-bce,0.8403703946511446
test,v1-symmetric,v2-reference,0.796714755924982
test,v1-symmetric,v2-capped,0.8482928695347121
test,v1-symmetric,v2-positive10,0.7954349967129483
test,v1-symmetric,v2-clean-bce,0.8094091453347205
test,v2-reference,v2-capped,0.8000753511652963
test,v2-reference,v2-positive10,0.8849638305641726
test,v2-reference,v2-clean-bce,0.8081424514995262
test,v2-capped,v2-positive10,0.8047617699531272
test,v2-capped,v2-clean-bce,0.8077425360562096
test,v2-positive10,v2-clean-bce,0.8585259361820943
