model,update,validation_utc,ap,auroc,brier,delta_ap_vs_reference,delta_auroc_vs_reference,delta_brier_vs_reference
reference-official-seed2,1000,2026-09-29T13:21:41.096232+00:00,0.5497648121012173,0.5212578475059463,0.24956850804977862,0.0,0.0,0.0
capped-official-seed2,1000,2026-09-29T12:38:49.429079+00:00,0.5436895634287999,0.5166420903487188,0.24879278087962073,-0.006075248672417377,-0.004615757157227507,-0.0007757271701578916
positive10-official-seed2,1000,2026-09-29T13:21:22.027741+00:00,0.5382334842514565,0.5296367879924587,0.40401577165306696,-0.011531327849760853,0.008378940486512443,0.15444726360328834
clean-bce-official-seed2,1000,2026-09-29T13:22:43.387200+00:00,0.5821489909186935,0.5624152717911803,0.24494481798906542,0.03238417881747624,0.04115742428523406,-0.004623690060713198
reference-official-seed2,2000,2026-09-29T14:57:23.906897+00:00,0.6070790839456495,0.593862272765029,0.24344242861931895,0.0,0.0,0.0
capped-official-seed2,2000,2026-09-29T13:31:26.080150+00:00,0.6181681771829451,0.6024062698532793,0.24068892187940089,0.011089093237295677,0.008543997088250266,-0.00275350673991806
positive10-official-seed2,2000,2026-09-29T14:56:35.883641+00:00,0.614843351629753,0.6090380881554291,0.41034778852529513,0.007764267684103543,0.015175815390400138,0.16690535990597619
clean-bce-official-seed2,2000,2026-09-29T14:57:39.647918+00:00,0.6303567423644675,0.6185006933312484,0.23896928688646865,0.023277658418818015,0.024638420566219343,-0.004473141732850294
reference-official-seed2,3000,2026-09-29T16:27:41.465810+00:00,0.6243344454529056,0.6119298932138196,0.23935681488687427,0.0,0.0,0.0
capped-official-seed2,3000,2026-09-29T14:24:03.603041+00:00,0.6176191442055673,0.6031920416608402,0.2440514713809083,-0.006715301247338323,-0.008737851552979459,0.004694656494034027
positive10-official-seed2,3000,2026-09-29T16:26:18.828451+00:00,0.6253871613393802,0.6237492328657556,0.3994677400408316,0.0010527158864745978,0.011819339651935934,0.1601109251539573
clean-bce-official-seed2,3000,2026-09-29T16:27:04.853007+00:00,0.6325568188870133,0.6282933029254509,0.24377166941163012,0.0082223734341077,0.016363409711631305,0.004414854524755846
reference-official-seed2,4000,2026-09-29T18:00:23.944114+00:00,0.653895015278456,0.6482926925898238,0.2340507489436298,0.0,0.0,0.0
capped-official-seed2,4000,2026-09-29T15:16:35.877828+00:00,0.6310529164905753,0.6236147864524719,0.23971670022887245,-0.022842098787880682,-0.02467790613735188,0.005665951285242665
positive10-official-seed2,4000,2026-09-29T17:58:14.344484+00:00,0.6547945921810688,0.6549877486343085,0.3889230219671309,0.0008995769026128864,0.006695056044484726,0.15487227302350112
clean-bce-official-seed2,4000,2026-09-29T17:58:52.273974+00:00,0.6521558958966235,0.6477777626276027,0.2349063168120803,-0.0017391193818324657,-0.0005149299622211334,0.0008555678684505075
reference-official-seed2,5000,2026-09-29T19:39:30.509993+00:00,0.6389993784667214,0.640532278507515,0.24248333742591138,0.0,0.0,0.0
capped-official-seed2,5000,2026-09-29T16:09:59.086998+00:00,0.636849275044616,0.6328681454969055,0.2419791886995659,-0.0021501034221054205,-0.007664133010609531,-0.0005041487263454936
positive10-official-seed2,5000,2026-09-29T19:36:35.140952+00:00,0.6318737000989876,0.6349163939293407,0.4112934909319846,-0.007125678367733812,-0.005615884578174302,0.1688101535060732
clean-bce-official-seed2,5000,2026-09-29T19:36:59.818522+00:00,0.6433543724346873,0.6394918220038045,0.24722539965375975,0.004354993967965903,-0.0010404565037105407,0.00474206222784837
reference-official-seed2,6000,2026-09-29T21:18:17.266081+00:00,0.6458801072244044,0.6419320168582948,0.24682390868319468,0.0,0.0,0.0
capped-official-seed2,6000,2026-09-29T17:01:52.527674+00:00,0.646045079195977,0.6415215183063554,0.24093060183082837,0.0001649719715726139,-0.00041049855193942,-0.0058933068523663035
positive10-official-seed2,6000,2026-09-29T21:14:25.804684+00:00,0.6450946061649923,0.6444904485777767,0.35135053235987523,-0.0007855010594121081,0.0025584317194818906,0.10452662367668056
clean-bce-official-seed2,6000,2026-09-29T21:14:44.355754+00:00,0.644665757728882,0.6402743296890442,0.25787090813909574,-0.0012143494955223488,-0.0016576871692506323,0.011046999455901069
reference-official-seed2,7000,2026-09-29T22:52:46.811271+00:00,0.6514410060225846,0.6500290325198396,0.24103693772847906,0.0,0.0,0.0
capped-official-seed2,7000,2026-09-29T17:53:51.462391+00:00,0.6475176021348876,0.6406201125022389,0.2536935940425874,-0.0039234038876969635,-0.00940892001760063,0.012656656314108339
positive10-official-seed2,7000,2026-09-29T22:48:05.974066+00:00,0.6473195874935578,0.6485055143903654,0.3670770062698076,-0.00412141852902681,-0.001523518129474155,0.12604006854132854
clean-bce-official-seed2,7000,2026-09-29T22:48:16.482806+00:00,0.6425763303924397,0.6448808520741001,0.256605319438656,-0.008864675630144925,-0.005148180445739503,0.015568381710176937
reference-official-seed2,8000,2026-09-30T00:27:24.141694+00:00,0.6460322917466389,0.6414742605814633,0.2538067679595182,0.0,0.0,0.0
capped-official-seed2,8000,2026-09-29T18:46:42.345525+00:00,0.6515787053852181,0.6447443358962873,0.2525408704764571,0.005546413638579217,0.003270075314824039,-0.0012658974830610514
positive10-official-seed2,8000,2026-09-30T00:21:57.806481+00:00,0.6381184207002142,0.6354697176248845,0.3831212346051267,-0.007913871046424714,-0.006004542956578818,0.12931446664560853
clean-bce-official-seed2,8000,2026-09-30T00:22:09.465409+00:00,0.6428281070714212,0.6394663833788955,0.28088993545865415,-0.0032041846752176584,-0.002007877202567787,0.027083167499135974
reference-official-seed2,9000,2026-09-30T02:05:07.936422+00:00,0.6386331795404534,0.6371165638755761,0.25773998311089746,0.0,0.0,0.0
capped-official-seed2,9000,2026-09-29T19:39:55.087789+00:00,0.6429476722173644,0.6391805166606134,0.27245333118839604,0.004314492676910975,0.0020639527850372374,0.014713348077498578
positive10-official-seed2,9000,2026-09-30T01:59:04.994810+00:00,0.6415600165550635,0.6394607903443126,0.35684244521047676,0.002926837014610051,0.0023442264687364434,0.09910246209957929
clean-bce-official-seed2,9000,2026-09-30T01:58:59.665659+00:00,0.6351148929898187,0.6350264462824227,0.28718522194407103,-0.003518286550634686,-0.0020901175931534732,0.02944523883317357
reference-official-seed2,10000,2026-09-30T03:36:35.619049+00:00,0.6501273309694977,0.6491305411309941,0.251483936540364,0.0,0.0,0.0
capped-official-seed2,10000,2026-09-29T20:32:42.918836+00:00,0.6441820645660951,0.6403141176941242,0.27257952973380123,-0.005945266403402649,-0.008816423436869947,0.021095593193437234
positive10-official-seed2,10000,2026-09-30T03:29:57.178045+00:00,0.6444281079684855,0.6460772397620242,0.36199322394502037,-0.005699223001012221,-0.003053301368969863,0.11050928740465638
clean-bce-official-seed2,10000,2026-09-30T03:29:25.458796+00:00,0.6241942842845563,0.6337130439955163,0.28557727092375107,-0.025933046684941452,-0.015417497135477798,0.034093334383387075
reference-official-seed2,11000,2026-09-30T05:09:47.625949+00:00,0.6399179989512528,0.6375710662820845,0.27086208283974617,0.0,0.0,0.0
capped-official-seed2,11000,2026-09-29T21:24:42.521081+00:00,0.6316985186151102,0.6316738292821764,0.28926223441434235,-0.008219480336142615,-0.005897236999908073,0.01840015157459618
positive10-official-seed2,11000,2026-09-30T05:02:40.472246+00:00,0.6386861426781438,0.6374376388035125,0.3521409284589791,-0.0012318562731089555,-0.00013342747857203463,0.08127884561923293
clean-bce-official-seed2,11000,2026-09-30T05:01:37.031854+00:00,0.6137661243459613,0.6268368584943114,0.3104771359699247,-0.026151874605291447,-0.01073420778777312,0.039615053130178546
reference-official-seed2,12000,2026-09-30T06:47:05.923809+00:00,0.6381113802511575,0.6363802346076385,0.27118302435369396,0.0,0.0,0.0
capped-official-seed2,12000,2026-09-29T22:17:39.809906+00:00,0.6361551326542454,0.6342546576308744,0.2906735042575716,-0.001956247596912153,-0.0021255769767640764,0.019490479903877644
positive10-official-seed2,12000,2026-09-30T06:39:32.357580+00:00,0.6418005427739096,0.6402690675661815,0.34395252226386325,0.0036891625227520874,0.0038888329585430315,0.07276949791016929
clean-bce-official-seed2,12000,2026-09-30T06:37:56.694291+00:00,0.6084129052029594,0.6235097353658535,0.3172962911560173,-0.029698475048198114,-0.01287049924178496,0.04611326680232336
reference-official-seed2,12745,2026-09-30T08:03:36.492179+00:00,0.6413928438323766,0.6399197404093809,0.27037729193630883,0.0,0.0,0.0
capped-official-seed2,12745,2026-09-29T22:58:43.298029+00:00,0.6343173686472413,0.6324455951515067,0.29426107761811926,-0.007075475185135294,-0.007474145257874265,0.023883785681810432
positive10-official-seed2,12745,2026-09-30T07:55:51.228350+00:00,0.6432771501043939,0.641925687958062,0.3426635538182332,0.0018843062720172998,0.0020059475486811085,0.07228626188192439
clean-bce-official-seed2,12745,2026-09-30T07:53:46.416973+00:00,0.6111955929186139,0.6245979724463651,0.31740170340600343,-0.030197250913762685,-0.015321767963015875,0.047024411469694605
