test,model,rows,positives,negatives,unique_proteins,ap,auroc,brier,score_min,score_max,unique_scores,zero_scores
mouse,ipin-esm2,55000,5000,50000,17250,0.20912298817740094,0.6253576080000001,0.31641321144398166,-3.546875,3.8984375,9035,5
mouse,ipin-esmc,55000,5000,50000,17250,0.17682615390896061,0.633061788,0.3226073062133331,-1.9765625,2.3515625,7110,12
mouse,native-human,55000,5000,50000,17250,0.908412121613771,0.9829699979999998,0.02566417741863947,-11.294849395751953,9.508479118347168,54375,0
mouse,native-plm,55000,5000,50000,17250,0.27512105363526546,0.698272728,0.2858742352098387,-2.859375,3.5546875,8405,6
mouse,tuna-human,55000,5000,50000,17250,0.8831988813816839,0.977400784,0.026514258769172246,-15.563828468322754,8.119729042053223,54906,0
mouse,tuna,55000,5000,50000,17250,0.3527823658780556,0.774278456,0.21051625635735957,-2.952052116394043,3.160212516784668,54951,0
mouse,xpair-bernett,55000,5000,50000,17250,0.3422768107917593,0.771881166,0.22370780424698344,-2.9789810180664062,4.397798538208008,54943,0
mouse,xpair-default,55000,5000,50000,17250,0.8453623117576466,0.9583925779999999,0.030960309746145876,-13.538952827453613,11.751263618469238,54843,0
mouse,rapppid,55000,5000,50000,17250,0.1674739779199194,0.691833144,0.2628646782303783,0.03863120079040527,0.9921236634254456,54871,0
mouse,sprint,55000,5000,50000,17250,0.3337199166989846,0.700828684,,0.0,1113.93,51352,1964
mouse,dscript,55000,5000,50000,17250,0.5799094687628724,0.8329019900000001,0.060446414384814795,0.004171624779701233,0.9921308159828186,23194,0
mouse,xpair-v11,55000,5000,50000,17250,0.8923521463847401,0.9785127019999998,0.02531097602421843,-14.050597190856934,10.287044525146484,54841,0
fly,ipin-esm2,55000,5000,50000,11306,0.18638236105749517,0.611377646,0.3211098256132187,-3.265625,3.828125,9101,13
fly,ipin-esmc,55000,5000,50000,11306,0.15307742376976546,0.572639952,0.34227654177566885,-1.97265625,2.34375,7214,8
fly,native-human,55000,5000,50000,11306,0.9167559419559641,0.98339589,0.02572551378459999,-11.263481616973877,9.501873970031738,54537,0
fly,native-plm,55000,5000,50000,11306,0.30171363366366266,0.693957654,0.2529791399186642,-2.859375,3.5078125,8485,7
fly,tuna-human,55000,5000,50000,11306,0.8550181449190795,0.970950582,0.0354892606581548,-14.774628639221191,7.8344292640686035,54861,0
fly,tuna,55000,5000,50000,11306,0.3740344383474355,0.7855301239999999,0.21410012352749955,-2.7681450843811035,3.068037509918213,54907,0
fly,xpair-bernett,55000,5000,50000,11306,0.33655676769390697,0.727311198,0.23506180024896564,-2.809333562850952,4.457983016967773,54899,0
fly,xpair-default,55000,5000,50000,11306,0.8814588625973906,0.967186222,0.0247771596963849,-12.760880470275879,10.938758850097656,54793,0
fly,rapppid,55000,5000,50000,11306,0.1337786101300876,0.68234095,0.2625767828873282,0.025398243218660355,0.9813997745513916,54810,0
fly,sprint,55000,5000,50000,11306,0.32891115319819053,0.7041774000000001,,0.0,1151.51,51770,174
fly,dscript,55000,5000,50000,11306,0.5523648257327713,0.8236331640000001,0.059823519488556645,0.004171646665781736,0.9922298789024353,26560,0
fly,xpair-v11,55000,5000,50000,11306,0.8767278451481719,0.975943158,0.027666735401661147,-13.541038513183594,9.796298027038574,54792,0
worm,ipin-esm2,55000,5000,50000,18077,0.1359112815683476,0.555289526,0.35818150604582544,-3.2734375,3.828125,8836,8
worm,ipin-esmc,55000,5000,50000,18077,0.10276658408213246,0.523885826,0.3686594664862274,-1.94140625,2.34375,6884,13
worm,native-human,55000,5000,50000,18077,0.8908832296816632,0.975250198,0.02897112689160947,-11.255032539367676,9.504017353057861,54600,0
worm,native-plm,55000,5000,50000,18077,0.1856029866264684,0.6175741680000001,0.2812468432766022,-2.828125,3.5078125,8693,14
worm,tuna-human,55000,5000,50000,18077,0.8368484305028039,0.960233962,0.03298886234026133,-14.662236213684082,8.339930534362793,54889,0
worm,tuna,55000,5000,50000,18077,0.3550669034526882,0.778917914,0.21400729770192514,-2.7479612827301025,2.9978902339935303,54940,0
worm,xpair-bernett,55000,5000,50000,18077,0.23099596501800607,0.6850025919999999,0.25887192413497373,-2.642484664916992,4.32528018951416,54931,0
worm,xpair-default,55000,5000,50000,18077,0.7955059639351385,0.9376767020000001,0.037578436943925306,-11.293227195739746,12.270195960998535,54853,0
worm,rapppid,55000,5000,50000,18077,0.16488605926861416,0.7454787679999999,0.22915077776215667,0.04885456711053848,0.979748547077179,54854,0
worm,sprint,55000,5000,50000,18077,0.3783121565134194,0.7217059360000001,,0.0,277.59,51973,58
worm,dscript,55000,5000,50000,18077,0.5482272922280689,0.8130340300000001,0.06288497331626391,0.0041716028936207294,0.9929861426353455,22419,0
worm,xpair-v11,55000,5000,50000,18077,0.854117784513583,0.9684836560000002,0.03525846056281309,-13.691143035888672,9.922801971435547,54801,0
yeast,ipin-esm2,55000,5000,50000,5591,0.13664177118869217,0.568010722,0.30842399133327186,-3.34375,3.828125,9385,18
yeast,ipin-esmc,55000,5000,50000,5591,0.11652308455342869,0.517971628,0.33441654826904904,-1.9609375,2.3359375,6911,13
yeast,native-human,55000,5000,50000,5591,0.7147095360032375,0.9143984339999999,0.058528365452916675,-11.247010231018066,9.522801399230957,54623,0
yeast,native-plm,55000,5000,50000,5591,0.19738019910966093,0.619594402,0.26696355761759966,-2.7890625,3.484375,9319,14
yeast,tuna-human,55000,5000,50000,5591,0.6441457509269812,0.8992044579999999,0.06332908930771716,-12.671257972717285,8.67768669128418,54900,0
yeast,tuna,55000,5000,50000,5591,0.35267425120290896,0.765634696,0.21709864170787752,-2.8397042751312256,2.7882134914398193,54930,0
yeast,xpair-bernett,55000,5000,50000,5591,0.26441138907126593,0.6975801500000001,0.2323772246106168,-2.7304458618164062,4.407217502593994,54920,0
yeast,xpair-default,55000,5000,50000,5591,0.7339322135798869,0.889885996,0.0399112667572792,-12.099468231201172,10.352972030639648,54839,0
yeast,rapppid,55000,5000,50000,5591,0.1304835121614627,0.667779772,0.2803884247044827,0.04117434471845627,0.9735557436943054,54807,0
yeast,sprint,55000,5000,50000,5591,0.25957565782841774,0.672649894,,0.0,175.035,51768,40
yeast,dscript,55000,5000,50000,5591,0.4048090455221949,0.7889609120000001,0.07309924166060373,0.004171581473201513,0.9915598034858704,22500,0
yeast,xpair-v11,55000,5000,50000,5591,0.6820754408462523,0.9184603239999999,0.050469301938888135,-14.077309608459473,9.996458053588867,54841,0
ecoli,ipin-esm2,22000,2000,20000,4412,0.08069036805938111,0.3757119375,0.32425550848136275,-3.1171875,3.8125,6142,14
ecoli,ipin-esmc,22000,2000,20000,4412,0.06630287022278158,0.2748716,0.3037956016623588,-1.79296875,2.3359375,5366,7
ecoli,native-human,22000,2000,20000,4412,0.7328962829098185,0.9066258125,0.2580908324604111,-11.246706485748291,9.505672931671143,18222,0
ecoli,native-plm,22000,2000,20000,4412,0.1572177151327937,0.4838996,0.24972621469053172,-2.421875,2.5234375,6443,19
ecoli,tuna-human,22000,2000,20000,4412,0.6730014709038996,0.8774775625,0.06285222938285347,-10.674373626708984,7.240675926208496,18219,0
ecoli,tuna,22000,2000,20000,4412,0.21388118586396118,0.7412282124999999,0.2655002645181552,-2.230754852294922,2.4863874912261963,18228,0
ecoli,xpair-bernett,22000,2000,20000,4412,0.25419125226032485,0.644734425,0.313355268669105,-2.5855793952941895,4.00686502456665,18225,0
ecoli,xpair-default,22000,2000,20000,4412,0.7073287754019622,0.877945725,0.04456681695270712,-11.693541526794434,8.511100769042969,18214,0
ecoli,rapppid,22000,2000,20000,4412,0.10328000450790785,0.5935264625,0.25450643884866103,0.042383965104818344,0.9826458692550659,18214,0
ecoli,sprint,22000,2000,20000,4412,0.13453642040764102,0.5306301375,,0.0,80.8982,17806,6
ecoli,dscript,22000,2000,20000,4412,0.5349686551606798,0.8603347000000001,0.05938200534967479,0.004171587526798248,0.991572380065918,14449,0
ecoli,xpair-v11,22000,2000,20000,4412,0.7151415703759985,0.8958578875000001,0.044622098415113776,-13.61410903930664,9.499403953552246,18215,0
