test,subset,model,rows,positives,negatives,prevalence,ap,auroc,brier,score_min,score_max,unique_scores,zero_scores
mouse,unique_pairs_without_conflicts,ipin-esm2,54965,4997,49968,0.09091239879923588,0.20923059610449768,0.6255527532017129,0.31642286144043325,-3.546875,3.8984375,9035,5
mouse,common_known_endpoint_unexposed,ipin-esm2,50786,3378,47408,0.06651439373055566,0.14489171206830204,0.6239263584055332,0.32276617287873677,-3.546875,3.875,8756,5
mouse,common_human_sources_endpoint_unexposed,ipin-esm2,52065,3944,48121,0.07575146451550946,0.19076077369102593,0.6447079656113668,0.31939225573901175,-3.546875,3.875,8835,5
mouse,v5-ipin__exact_endpoint_unexposed,ipin-esm2,52814,4191,48623,0.07935395917749082,0.19111008627304438,0.6351653700634392,0.3191245325834922,-3.546875,3.875,8891,5
mouse,native-human__exact_endpoint_unexposed,ipin-esm2,52311,4001,48310,0.07648486933914474,0.19147686516726592,0.6433305563073111,0.3191023214605114,-3.546875,3.875,8855,5
mouse,xpair-default__ankh-normalized_endpoint_unexposed,ipin-esm2,51088,3408,47680,0.06670842467898529,0.14539732678119016,0.6244950965405126,0.32254672977840226,-3.546875,3.875,8772,5
mouse,dscript__exact_endpoint_unexposed,ipin-esm2,52311,4001,48310,0.07648486933914474,0.19147686516726592,0.6433305563073111,0.3191023214605114,-3.546875,3.875,8855,5
mouse,unique_pairs_without_conflicts,ipin-esmc,54965,4997,49968,0.09091239879923588,0.176890809166097,0.633130765026419,0.3226478387295292,-1.9765625,2.3515625,7110,12
mouse,common_known_endpoint_unexposed,ipin-esmc,50786,3378,47408,0.06651439373055566,0.1090598113558776,0.6164273992173455,0.3317014926517822,-1.9765625,2.3515625,6937,11
mouse,common_human_sources_endpoint_unexposed,ipin-esmc,52065,3944,48121,0.07575146451550946,0.16084529277499843,0.6465719992616652,0.3276457903503331,-1.9765625,2.3515625,6984,11
mouse,v5-ipin__exact_endpoint_unexposed,ipin-esmc,52814,4191,48623,0.07935395917749082,0.16390215917929266,0.6420430637813586,0.32654394938450215,-1.9765625,2.3515625,7015,11
mouse,native-human__exact_endpoint_unexposed,ipin-esmc,52311,4001,48310,0.07648486933914474,0.16105368792223018,0.6462422248919244,0.3271775921235364,-1.9765625,2.3515625,6998,11
mouse,xpair-default__ankh-normalized_endpoint_unexposed,ipin-esmc,51088,3408,47680,0.06670842467898529,0.10899745093946159,0.6168008566991996,0.33133699879483186,-1.9765625,2.3515625,6953,11
mouse,dscript__exact_endpoint_unexposed,ipin-esmc,52311,4001,48310,0.07648486933914474,0.16105368792223018,0.6462422248919244,0.3271775921235364,-1.9765625,2.3515625,6998,11
mouse,unique_pairs_without_conflicts,native-human,54965,4997,49968,0.09091239879923588,0.9085402805618996,0.9829730371043632,0.025662329767195673,-11.294849395751953,9.508479118347168,54374,0
mouse,common_known_endpoint_unexposed,native-human,50786,3378,47408,0.06651439373055566,0.8617996107250201,0.9784472339133505,0.024218061346174134,-11.294849395751953,9.492256164550781,50206,0
mouse,common_human_sources_endpoint_unexposed,native-human,52065,3944,48121,0.07575146451550946,0.8879077498400213,0.9810010129974502,0.024255556962528,-11.294849395751953,9.508479118347168,51472,0
mouse,v5-ipin__exact_endpoint_unexposed,native-human,52814,4191,48623,0.07935395917749082,0.8936594125310424,0.9814493709859485,0.024654419578732923,-11.294849395751953,9.508479118347168,52214,0
mouse,native-human__exact_endpoint_unexposed,native-human,52311,4001,48310,0.07648486933914474,0.8885983600822556,0.9810914793553732,0.024366060526827722,-11.294849395751953,9.508479118347168,51712,0
mouse,xpair-default__ankh-normalized_endpoint_unexposed,native-human,51088,3408,47680,0.06670842467898529,0.8618678817546248,0.9784798881727163,0.024285422426778367,-11.294849395751953,9.492256164550781,50501,0
mouse,dscript__exact_endpoint_unexposed,native-human,52311,4001,48310,0.07648486933914474,0.8885983600822556,0.9810914793553732,0.024366060526827722,-11.294849395751953,9.508479118347168,51712,0
mouse,unique_pairs_without_conflicts,native-plm,54965,4997,49968,0.09091239879923588,0.2752255944182411,0.6983042371051834,0.2859267403174895,-2.859375,3.5546875,8405,6
mouse,common_known_endpoint_unexposed,native-plm,50786,3378,47408,0.06651439373055566,0.18331252653282104,0.6917608811167613,0.2913797672211945,-2.859375,3.53125,8121,4
mouse,common_human_sources_endpoint_unexposed,native-plm,52065,3944,48121,0.07575146451550946,0.2737825624540115,0.7172579487442343,0.28811756987834025,-2.859375,3.5546875,8196,5
mouse,v5-ipin__exact_endpoint_unexposed,native-plm,52814,4191,48623,0.07935395917749082,0.2701740979191651,0.7104714370631913,0.287816913644542,-2.859375,3.5546875,8248,5
mouse,native-human__exact_endpoint_unexposed,native-plm,52311,4001,48310,0.07648486933914474,0.27260407193272757,0.7149765627316003,0.2880822729635916,-2.859375,3.5546875,8211,6
mouse,xpair-default__ankh-normalized_endpoint_unexposed,native-plm,51088,3408,47680,0.06670842467898529,0.18314191208514635,0.6917622212933642,0.2912653095837752,-2.859375,3.53125,8141,5
mouse,dscript__exact_endpoint_unexposed,native-plm,52311,4001,48310,0.07648486933914474,0.27260407193272757,0.7149765627316003,0.2880822729635916,-2.859375,3.5546875,8211,6
mouse,unique_pairs_without_conflicts,tuna-human,54965,4997,49968,0.09091239879923588,0.8831784816132804,0.9773964863227896,0.02651463874089719,-15.563828468322754,8.119729042053223,54905,0
mouse,common_known_endpoint_unexposed,tuna-human,50786,3378,47408,0.06651439373055566,0.8243172377314789,0.9717980556076751,0.024935044543966067,-15.563828468322754,8.119729042053223,50699,0
mouse,common_human_sources_endpoint_unexposed,tuna-human,52065,3944,48121,0.07575146451550946,0.8552354944198582,0.974766826065952,0.025110436455390944,-15.563828468322754,8.119729042053223,51975,0
mouse,v5-ipin__exact_endpoint_unexposed,tuna-human,52814,4191,48623,0.07935395917749082,0.863079058229095,0.9754315843537416,0.02547083662461999,-15.563828468322754,8.119729042053223,52720,0
mouse,native-human__exact_endpoint_unexposed,tuna-human,52311,4001,48310,0.07648486933914474,0.8564393294625067,0.9748842777920713,0.025236196622801323,-15.563828468322754,8.119729042053223,52221,0
mouse,xpair-default__ankh-normalized_endpoint_unexposed,tuna-human,51088,3408,47680,0.06670842467898529,0.8251613878046864,0.9718858527458092,0.024956686830678962,-15.563828468322754,8.119729042053223,51001,0
mouse,dscript__exact_endpoint_unexposed,tuna-human,52311,4001,48310,0.07648486933914474,0.8564393294625067,0.9748842777920713,0.025236196622801323,-15.563828468322754,8.119729042053223,52221,0
mouse,unique_pairs_without_conflicts,tuna,54965,4997,49968,0.09091239879923588,0.35293198020610844,0.7742751859088555,0.21052304220593845,-2.952052116394043,3.160212516784668,54950,0
mouse,common_known_endpoint_unexposed,tuna,50786,3378,47408,0.06651439373055566,0.2533037282021066,0.7641712853783599,0.21292223311760494,-2.952052116394043,2.9858837127685547,50742,0
mouse,common_human_sources_endpoint_unexposed,tuna,52065,3944,48121,0.07575146451550946,0.3349563921869321,0.7815848622680496,0.2113540608039053,-2.952052116394043,3.160212516784668,52021,0
mouse,v5-ipin__exact_endpoint_unexposed,tuna,52814,4191,48623,0.07935395917749082,0.3363329529761432,0.7786473652855868,0.21116643393134646,-2.952052116394043,3.160212516784668,52767,0
mouse,native-human__exact_endpoint_unexposed,tuna,52311,4001,48310,0.07648486933914474,0.3344898355423387,0.7807311083634598,0.21126728055219782,-2.952052116394043,3.160212516784668,52267,0
mouse,xpair-default__ankh-normalized_endpoint_unexposed,tuna,51088,3408,47680,0.06670842467898529,0.2533891369685263,0.764607460461173,0.2127993442816302,-2.952052116394043,2.9858837127685547,51043,0
mouse,dscript__exact_endpoint_unexposed,tuna,52311,4001,48310,0.07648486933914474,0.3344898355423387,0.7807311083634598,0.21126728055219782,-2.952052116394043,3.160212516784668,52267,0
mouse,unique_pairs_without_conflicts,xpair-bernett,54965,4997,49968,0.09091239879923588,0.342381987000447,0.77189251431102,0.22372003023853898,-2.9789810180664062,4.397798538208008,54942,0
mouse,common_known_endpoint_unexposed,xpair-bernett,50786,3378,47408,0.06651439373055566,0.22144447294537772,0.7580206732900965,0.2273577918543292,-2.9789810180664062,4.361433982849121,50733,0
mouse,common_human_sources_endpoint_unexposed,xpair-bernett,52065,3944,48121,0.07575146451550946,0.3205332279856562,0.7777941359831895,0.2251759869822813,-2.9789810180664062,4.397798538208008,52012,0
mouse,v5-ipin__exact_endpoint_unexposed,xpair-bernett,52814,4191,48623,0.07935395917749082,0.32283973109231834,0.7746893640798391,0.22487138735727646,-2.9789810180664062,4.397798538208008,52757,0
mouse,native-human__exact_endpoint_unexposed,xpair-bernett,52311,4001,48310,0.07648486933914474,0.31982228321709205,0.776804730198117,0.22513025167484554,-2.9789810180664062,4.397798538208008,52258,0
mouse,xpair-default__ankh-normalized_endpoint_unexposed,xpair-bernett,51088,3408,47680,0.06670842467898529,0.2216668064085497,0.7583938496224832,0.2273357892935247,-2.9789810180664062,4.361433982849121,51035,0
mouse,dscript__exact_endpoint_unexposed,xpair-bernett,52311,4001,48310,0.07648486933914474,0.31982228321709205,0.776804730198117,0.22513025167484554,-2.9789810180664062,4.397798538208008,52258,0
mouse,unique_pairs_without_conflicts,xpair-default,54965,4997,49968,0.09091239879923588,0.8453161339546261,0.958370419305698,0.03096843570200645,-13.538952827453613,11.751263618469238,54842,0
mouse,common_known_endpoint_unexposed,xpair-default,50786,3378,47408,0.06651439373055566,0.7768362684448351,0.9498178997701472,0.02769903469522109,-13.538952827453613,11.508145332336426,50645,0
mouse,common_human_sources_endpoint_unexposed,xpair-default,52065,3944,48121,0.07575146451550946,0.8205270037272787,0.9560625660179736,0.02780681726360369,-13.538952827453613,11.508145332336426,51920,0
mouse,v5-ipin__exact_endpoint_unexposed,xpair-default,52814,4191,48623,0.07935395917749082,0.8245367739486524,0.955677646812201,0.028842631655989628,-13.538952827453613,11.508145332336426,52664,0
mouse,native-human__exact_endpoint_unexposed,xpair-default,52311,4001,48310,0.07648486933914474,0.8223406310181216,0.9563888447263055,0.027917225260759133,-13.538952827453613,11.508145332336426,52164,0
mouse,xpair-default__ankh-normalized_endpoint_unexposed,xpair-default,51088,3408,47680,0.06670842467898529,0.7778999119470866,0.9500705659256152,0.027713770077496244,-13.538952827453613,11.508145332336426,50945,0
mouse,dscript__exact_endpoint_unexposed,xpair-default,52311,4001,48310,0.07648486933914474,0.8223406310181216,0.9563888447263055,0.027917225260759133,-13.538952827453613,11.508145332336426,52164,0
mouse,unique_pairs_without_conflicts,rapppid,54965,4997,49968,0.09091239879923588,0.16752268862534955,0.6918550165481934,0.26287264026171697,0.03863120079040527,0.9921236634254456,54870,0
mouse,common_known_endpoint_unexposed,rapppid,50786,3378,47408,0.06651439373055566,0.12752744644965489,0.7108676520234659,0.26364037824901465,0.03863120079040527,0.9870462417602539,50679,0
mouse,common_human_sources_endpoint_unexposed,rapppid,52065,3944,48121,0.07575146451550946,0.15072672629986494,0.6927257498033713,0.26332691914775563,0.03863120079040527,0.9921236634254456,51950,0
mouse,v5-ipin__exact_endpoint_unexposed,rapppid,52814,4191,48623,0.07935395917749082,0.15436535252710865,0.6935140022013948,0.2631000524916868,0.03863120079040527,0.9921236634254456,52693,0
mouse,native-human__exact_endpoint_unexposed,rapppid,52311,4001,48310,0.07648486933914474,0.15148549629761066,0.6929410242140355,0.26334916962773486,0.03863120079040527,0.9921236634254456,52195,0
mouse,xpair-default__ankh-normalized_endpoint_unexposed,rapppid,51088,3408,47680,0.06670842467898529,0.1277623968313978,0.7109161914474824,0.26368058526822563,0.03863120079040527,0.9870462417602539,50980,0
mouse,dscript__exact_endpoint_unexposed,rapppid,52311,4001,48310,0.07648486933914474,0.15148549629761066,0.6929410242140355,0.26334916962773486,0.03863120079040527,0.9921236634254456,52195,0
mouse,unique_pairs_without_conflicts,sprint,54965,4997,49968,0.09091239879923588,0.3339142578320106,0.7010510080463905,,0.0,1113.93,51351,1964
mouse,common_known_endpoint_unexposed,sprint,50786,3378,47408,0.06651439373055566,0.28537600346461806,0.7011620256750566,,0.0,1113.93,47396,1894
mouse,common_human_sources_endpoint_unexposed,sprint,52065,3944,48121,0.07575146451550946,0.2916853475558552,0.6973797337408367,,0.0,1113.93,48579,1915
mouse,v5-ipin__exact_endpoint_unexposed,sprint,52814,4191,48623,0.07935395917749082,0.286555011226163,0.689946485308228,,0.0,1113.93,49277,1921
mouse,native-human__exact_endpoint_unexposed,sprint,52311,4001,48310,0.07648486933914474,0.29353469299592105,0.6971545563205556,,0.0,1113.93,48810,1920
mouse,xpair-default__ankh-normalized_endpoint_unexposed,sprint,51088,3408,47680,0.06670842467898529,0.28652916539937195,0.7016247148192567,,0.0,1113.93,47685,1898
mouse,dscript__exact_endpoint_unexposed,sprint,52311,4001,48310,0.07648486933914474,0.29353469299592105,0.6971545563205556,,0.0,1113.93,48810,1920
mouse,unique_pairs_without_conflicts,dscript,54965,4997,49968,0.09091239879923588,0.5798464111555536,0.8328278747587969,0.060454089502850195,0.004171624779701233,0.9921308159828186,23193,0
mouse,common_known_endpoint_unexposed,dscript,50786,3378,47408,0.06651439373055566,0.42678575282769526,0.7845342239755084,0.05282655467997195,0.004171624779701233,0.9920221567153931,20717,0
mouse,common_human_sources_endpoint_unexposed,dscript,52065,3944,48121,0.07575146451550946,0.5109293498908583,0.8093003794567388,0.054757606270502766,0.004171624779701233,0.9920221567153931,21531,0
mouse,v5-ipin__exact_endpoint_unexposed,dscript,52814,4191,48623,0.07935395917749082,0.529072420910524,0.8157054098309338,0.05616012541958565,0.004171624779701233,0.9920221567153931,21931,0
mouse,native-human__exact_endpoint_unexposed,dscript,52311,4001,48310,0.07648486933914474,0.512592872303013,0.8099972548779593,0.05527896028431814,0.004171624779701233,0.9920221567153931,21624,0
mouse,xpair-default__ankh-normalized_endpoint_unexposed,dscript,51088,3408,47680,0.06670842467898529,0.42607115625482794,0.7838399722474951,0.05303540232056463,0.004171624779701233,0.9920221567153931,20782,0
mouse,dscript__exact_endpoint_unexposed,dscript,52311,4001,48310,0.07648486933914474,0.512592872303013,0.8099972548779593,0.05527896028431814,0.004171624779701233,0.9920221567153931,21624,0
fly,unique_pairs_without_conflicts,ipin-esm2,54923,4998,49925,0.0910001274511589,0.18649952269426928,0.6113008929160046,0.3211668473746364,-3.265625,3.828125,9101,13
fly,common_known_endpoint_unexposed,ipin-esm2,17944,53,17891,0.002953633526526973,0.027474476209920336,0.6138091988909782,0.3924703337302882,-3.203125,3.828125,5462,4
fly,common_human_sources_endpoint_unexposed,ipin-esm2,54858,4997,49861,0.0910897225564184,0.1864320585898046,0.6107298662505098,0.3214792150000178,-3.265625,3.828125,9094,13
fly,v5-ipin__exact_endpoint_unexposed,ipin-esm2,54858,4997,49861,0.0910897225564184,0.1864320585898046,0.6107298662505098,0.3214792150000178,-3.265625,3.828125,9094,13
fly,native-human__exact_endpoint_unexposed,ipin-esm2,54858,4997,49861,0.0910897225564184,0.1864320585898046,0.6107298662505098,0.3214792150000178,-3.265625,3.828125,9094,13
fly,xpair-default__ankh-normalized_endpoint_unexposed,ipin-esm2,17944,53,17891,0.002953633526526973,0.027474476209920336,0.6138091988909782,0.3924703337302882,-3.203125,3.828125,5462,4
fly,dscript__exact_endpoint_unexposed,ipin-esm2,54858,4997,49861,0.0910897225564184,0.1864320585898046,0.6107298662505098,0.3214792150000178,-3.265625,3.828125,9094,13
fly,unique_pairs_without_conflicts,ipin-esmc,54923,4998,49925,0.0910001274511589,0.15318381317973595,0.5726290616396784,0.3423045625071925,-1.97265625,2.34375,7214,8
fly,common_known_endpoint_unexposed,ipin-esmc,17944,53,17891,0.002953633526526973,0.01702151328251224,0.6360233826852966,0.4150723035620326,-1.90625,2.328125,4298,3
fly,common_human_sources_endpoint_unexposed,ipin-esmc,54858,4997,49861,0.0910897225564184,0.15313148784627584,0.571897906999951,0.3429023327271673,-1.97265625,2.34375,7210,8
fly,v5-ipin__exact_endpoint_unexposed,ipin-esmc,54858,4997,49861,0.0910897225564184,0.15313148784627584,0.571897906999951,0.3429023327271673,-1.97265625,2.34375,7210,8
fly,native-human__exact_endpoint_unexposed,ipin-esmc,54858,4997,49861,0.0910897225564184,0.15313148784627584,0.571897906999951,0.3429023327271673,-1.97265625,2.34375,7210,8
fly,xpair-default__ankh-normalized_endpoint_unexposed,ipin-esmc,17944,53,17891,0.002953633526526973,0.01702151328251224,0.6360233826852966,0.4150723035620326,-1.90625,2.328125,4298,3
fly,dscript__exact_endpoint_unexposed,ipin-esmc,54858,4997,49861,0.0910897225564184,0.15313148784627584,0.571897906999951,0.3429023327271673,-1.97265625,2.34375,7210,8
fly,unique_pairs_without_conflicts,native-human,54923,4998,49925,0.0910001274511589,0.917267283729185,0.9834219436397494,0.02568237885045821,-11.263481616973877,9.501873970031738,54536,0
fly,common_known_endpoint_unexposed,native-human,17944,53,17891,0.002953633526526973,0.4195161968867626,0.9487367423063984,0.004937491986829643,-11.263481616973877,9.291500568389893,17864,0
fly,common_human_sources_endpoint_unexposed,native-human,54858,4997,49861,0.0910897225564184,0.9168789108650895,0.9833975734912478,0.02571540418841619,-11.263481616973877,9.501873970031738,54397,0
fly,v5-ipin__exact_endpoint_unexposed,native-human,54858,4997,49861,0.0910897225564184,0.9168789108650895,0.9833975734912478,0.02571540418841619,-11.263481616973877,9.501873970031738,54397,0
fly,native-human__exact_endpoint_unexposed,native-human,54858,4997,49861,0.0910897225564184,0.9168789108650895,0.9833975734912478,0.02571540418841619,-11.263481616973877,9.501873970031738,54397,0
fly,xpair-default__ankh-normalized_endpoint_unexposed,native-human,17944,53,17891,0.002953633526526973,0.4195161968867626,0.9487367423063984,0.004937491986829643,-11.263481616973877,9.291500568389893,17864,0
fly,dscript__exact_endpoint_unexposed,native-human,54858,4997,49861,0.0910897225564184,0.9168789108650895,0.9833975734912478,0.02571540418841619,-11.263481616973877,9.501873970031738,54397,0
fly,unique_pairs_without_conflicts,native-plm,54923,4998,49925,0.0910001274511589,0.30191230798692587,0.6939952846436521,0.25300130082908,-2.859375,3.5078125,8485,7
fly,common_known_endpoint_unexposed,native-plm,17944,53,17891,0.002953633526526973,0.007373540809747942,0.6577324110467685,0.31131714011650735,-2.765625,3.5,5253,2
fly,common_human_sources_endpoint_unexposed,native-plm,54858,4997,49861,0.0910897225564184,0.30186872445268026,0.6934334885442206,0.25336973528781526,-2.859375,3.5078125,8481,7
fly,v5-ipin__exact_endpoint_unexposed,native-plm,54858,4997,49861,0.0910897225564184,0.30186872445268026,0.6934334885442206,0.25336973528781526,-2.859375,3.5078125,8481,7
fly,native-human__exact_endpoint_unexposed,native-plm,54858,4997,49861,0.0910897225564184,0.30186872445268026,0.6934334885442206,0.25336973528781526,-2.859375,3.5078125,8481,7
fly,xpair-default__ankh-normalized_endpoint_unexposed,native-plm,17944,53,17891,0.002953633526526973,0.007373540809747942,0.6577324110467685,0.31131714011650735,-2.765625,3.5,5253,2
fly,dscript__exact_endpoint_unexposed,native-plm,54858,4997,49861,0.0910897225564184,0.30186872445268026,0.6934334885442206,0.25336973528781526,-2.859375,3.5078125,8481,7
fly,unique_pairs_without_conflicts,tuna-human,54923,4998,49925,0.0910001274511589,0.8555938801228787,0.9709921504906419,0.035441967158344315,-14.774628639221191,7.8344292640686035,54860,0
fly,common_known_endpoint_unexposed,tuna-human,17944,53,17891,0.002953633526526973,0.24006517254979368,0.9301714891961068,0.010012509639802136,-13.69017219543457,4.877153396606445,17918,0
fly,common_human_sources_endpoint_unexposed,tuna-human,54858,4997,49861,0.0910897225564184,0.8553191400091229,0.9709634629376733,0.035501375783127634,-14.774628639221191,7.8344292640686035,54721,0
fly,v5-ipin__exact_endpoint_unexposed,tuna-human,54858,4997,49861,0.0910897225564184,0.8553191400091229,0.9709634629376733,0.035501375783127634,-14.774628639221191,7.8344292640686035,54721,0
fly,native-human__exact_endpoint_unexposed,tuna-human,54858,4997,49861,0.0910897225564184,0.8553191400091229,0.9709634629376733,0.035501375783127634,-14.774628639221191,7.8344292640686035,54721,0
fly,xpair-default__ankh-normalized_endpoint_unexposed,tuna-human,17944,53,17891,0.002953633526526973,0.24006517254979368,0.9301714891961068,0.010012509639802136,-13.69017219543457,4.877153396606445,17918,0
fly,dscript__exact_endpoint_unexposed,tuna-human,54858,4997,49861,0.0910897225564184,0.8553191400091229,0.9709634629376733,0.035501375783127634,-14.774628639221191,7.8344292640686035,54721,0
fly,unique_pairs_without_conflicts,tuna,54923,4998,49925,0.0910001274511589,0.374219725363067,0.7855010066119587,0.21411097363105955,-2.7681450843811035,3.068037509918213,54906,0
fly,common_known_endpoint_unexposed,tuna,17944,53,17891,0.002953633526526973,0.014435031631549959,0.7875499750586096,0.2398124600138083,-2.654068946838379,2.60103702545166,17921,0
fly,common_human_sources_endpoint_unexposed,tuna,54858,4997,49861,0.0910897225564184,0.37440219308815975,0.7854353252933691,0.21420365915538145,-2.7681450843811035,3.068037509918213,54766,0
fly,v5-ipin__exact_endpoint_unexposed,tuna,54858,4997,49861,0.0910897225564184,0.37440219308815975,0.7854353252933691,0.21420365915538145,-2.7681450843811035,3.068037509918213,54766,0
fly,native-human__exact_endpoint_unexposed,tuna,54858,4997,49861,0.0910897225564184,0.37440219308815975,0.7854353252933691,0.21420365915538145,-2.7681450843811035,3.068037509918213,54766,0
fly,xpair-default__ankh-normalized_endpoint_unexposed,tuna,17944,53,17891,0.002953633526526973,0.014435031631549959,0.7875499750586096,0.2398124600138083,-2.654068946838379,2.60103702545166,17921,0
fly,dscript__exact_endpoint_unexposed,tuna,54858,4997,49861,0.0910897225564184,0.37440219308815975,0.7854353252933691,0.21420365915538145,-2.7681450843811035,3.068037509918213,54766,0
fly,unique_pairs_without_conflicts,xpair-bernett,54923,4998,49925,0.0910001274511589,0.33672964093425367,0.7272420034613745,0.23508459332843767,-2.809333562850952,4.457983016967773,54898,0
fly,common_known_endpoint_unexposed,xpair-bernett,17944,53,17891,0.002953633526526973,0.018277298178408806,0.7351604000324818,0.2655286649324816,-2.475236654281616,3.4817709922790527,17922,0
fly,common_human_sources_endpoint_unexposed,xpair-bernett,54858,4997,49861,0.0910897225564184,0.3367476404100719,0.7270587277658909,0.2352501500821512,-2.809333562850952,4.457983016967773,54758,0
fly,v5-ipin__exact_endpoint_unexposed,xpair-bernett,54858,4997,49861,0.0910897225564184,0.3367476404100719,0.7270587277658909,0.2352501500821512,-2.809333562850952,4.457983016967773,54758,0
fly,native-human__exact_endpoint_unexposed,xpair-bernett,54858,4997,49861,0.0910897225564184,0.3367476404100719,0.7270587277658909,0.2352501500821512,-2.809333562850952,4.457983016967773,54758,0
fly,xpair-default__ankh-normalized_endpoint_unexposed,xpair-bernett,17944,53,17891,0.002953633526526973,0.018277298178408806,0.7351604000324818,0.2655286649324816,-2.475236654281616,3.4817709922790527,17922,0
fly,dscript__exact_endpoint_unexposed,xpair-bernett,54858,4997,49861,0.0910897225564184,0.3367476404100719,0.7270587277658909,0.2352501500821512,-2.809333562850952,4.457983016967773,54758,0
fly,unique_pairs_without_conflicts,xpair-default,54923,4998,49925,0.0910001274511589,0.8816207810802736,0.967191271100328,0.024768620079867215,-12.760880470275879,10.938758850097656,54792,0
fly,common_known_endpoint_unexposed,xpair-default,17944,53,17891,0.002953633526526973,0.14878481480322,0.8634055491166106,0.007751151889053126,-11.124759674072266,10.093706130981445,17904,0
fly,common_human_sources_endpoint_unexposed,xpair-default,54858,4997,49861,0.0910897225564184,0.8817202697888988,0.9671962640892531,0.024783841792758776,-12.760880470275879,10.938758850097656,54652,0
fly,v5-ipin__exact_endpoint_unexposed,xpair-default,54858,4997,49861,0.0910897225564184,0.8817202697888988,0.9671962640892531,0.024783841792758776,-12.760880470275879,10.938758850097656,54652,0
fly,native-human__exact_endpoint_unexposed,xpair-default,54858,4997,49861,0.0910897225564184,0.8817202697888988,0.9671962640892531,0.024783841792758776,-12.760880470275879,10.938758850097656,54652,0
fly,xpair-default__ankh-normalized_endpoint_unexposed,xpair-default,17944,53,17891,0.002953633526526973,0.14878481480322,0.8634055491166106,0.007751151889053126,-11.124759674072266,10.093706130981445,17904,0
fly,dscript__exact_endpoint_unexposed,xpair-default,54858,4997,49861,0.0910897225564184,0.8817202697888988,0.9671962640892531,0.024783841792758776,-12.760880470275879,10.938758850097656,54652,0
fly,unique_pairs_without_conflicts,rapppid,54923,4998,49925,0.0910001274511589,0.13397481290526847,0.68248011873753,0.2625196024529592,0.025398243218660355,0.9813997745513916,54809,0
fly,common_known_endpoint_unexposed,rapppid,17944,53,17891,0.002953633526526973,0.005316397511466212,0.6690535876054473,0.24252186405478973,0.025398243218660355,0.9813997745513916,17913,0
fly,common_human_sources_endpoint_unexposed,rapppid,54858,4997,49861,0.0910897225564184,0.1338574056961547,0.6819968899171075,0.26273453707596056,0.025398243218660355,0.9813997745513916,54670,0
fly,v5-ipin__exact_endpoint_unexposed,rapppid,54858,4997,49861,0.0910897225564184,0.1338574056961547,0.6819968899171075,0.26273453707596056,0.025398243218660355,0.9813997745513916,54670,0
fly,native-human__exact_endpoint_unexposed,rapppid,54858,4997,49861,0.0910897225564184,0.1338574056961547,0.6819968899171075,0.26273453707596056,0.025398243218660355,0.9813997745513916,54670,0
fly,xpair-default__ankh-normalized_endpoint_unexposed,rapppid,17944,53,17891,0.002953633526526973,0.005316397511466212,0.6690535876054473,0.24252186405478973,0.025398243218660355,0.9813997745513916,17913,0
fly,dscript__exact_endpoint_unexposed,rapppid,54858,4997,49861,0.0910897225564184,0.1338574056961547,0.6819968899171075,0.26273453707596056,0.025398243218660355,0.9813997745513916,54670,0
fly,unique_pairs_without_conflicts,sprint,54923,4998,49925,0.0910001274511589,0.32890693064536186,0.7041604323251585,,0.0,1151.51,51769,174
fly,common_known_endpoint_unexposed,sprint,17944,53,17891,0.002953633526526973,0.07495226252313128,0.5139713970236959,,0.0,89.2102,17494,18
fly,common_human_sources_endpoint_unexposed,sprint,54858,4997,49861,0.0910897225564184,0.34408129347102956,0.7056439114065098,,0.0,1151.51,51630,173
fly,v5-ipin__exact_endpoint_unexposed,sprint,54858,4997,49861,0.0910897225564184,0.34408129347102956,0.7056439114065098,,0.0,1151.51,51630,173
fly,native-human__exact_endpoint_unexposed,sprint,54858,4997,49861,0.0910897225564184,0.34408129347102956,0.7056439114065098,,0.0,1151.51,51630,173
fly,xpair-default__ankh-normalized_endpoint_unexposed,sprint,17944,53,17891,0.002953633526526973,0.07495226252313128,0.5139713970236959,,0.0,89.2102,17494,18
fly,dscript__exact_endpoint_unexposed,sprint,54858,4997,49861,0.0910897225564184,0.34408129347102956,0.7056439114065098,,0.0,1151.51,51630,173
fly,unique_pairs_without_conflicts,dscript,54923,4998,49925,0.0910001274511589,0.5533961009415488,0.8238218432089911,0.059809578940664646,0.004171646665781736,0.9922298789024353,26559,0
fly,common_known_endpoint_unexposed,dscript,17944,53,17891,0.002953633526526973,0.04822993688020046,0.7388926444517798,0.006225413051615933,0.004171646665781736,0.9828312397003174,10513,0
fly,common_human_sources_endpoint_unexposed,dscript,54858,4997,49861,0.0910897225564184,0.5534813131061016,0.824009210684751,0.059859829010128554,0.004171646665781736,0.9922298789024353,26513,0
fly,v5-ipin__exact_endpoint_unexposed,dscript,54858,4997,49861,0.0910897225564184,0.5534813131061016,0.824009210684751,0.059859829010128554,0.004171646665781736,0.9922298789024353,26513,0
fly,native-human__exact_endpoint_unexposed,dscript,54858,4997,49861,0.0910897225564184,0.5534813131061016,0.824009210684751,0.059859829010128554,0.004171646665781736,0.9922298789024353,26513,0
fly,xpair-default__ankh-normalized_endpoint_unexposed,dscript,17944,53,17891,0.002953633526526973,0.04822993688020046,0.7388926444517798,0.006225413051615933,0.004171646665781736,0.9828312397003174,10513,0
fly,dscript__exact_endpoint_unexposed,dscript,54858,4997,49861,0.0910897225564184,0.5534813131061016,0.824009210684751,0.059859829010128554,0.004171646665781736,0.9922298789024353,26513,0
worm,unique_pairs_without_conflicts,ipin-esm2,54960,4992,49968,0.09082969432314411,0.1356644059054787,0.5549001300736318,0.35822006523308336,-3.2734375,3.828125,8836,8
worm,common_known_endpoint_unexposed,ipin-esm2,53419,3937,49482,0.07370036878264288,0.12712718111724014,0.5976007475033421,0.36129385665484376,-3.2734375,3.828125,8716,8
worm,common_human_sources_endpoint_unexposed,ipin-esm2,55000,5000,50000,0.09090909090909091,0.1359112815683476,0.555289526,0.35818150604582544,-3.2734375,3.828125,8836,8
worm,v5-ipin__exact_endpoint_unexposed,ipin-esm2,55000,5000,50000,0.09090909090909091,0.1359112815683476,0.555289526,0.35818150604582544,-3.2734375,3.828125,8836,8
worm,native-human__exact_endpoint_unexposed,ipin-esm2,55000,5000,50000,0.09090909090909091,0.1359112815683476,0.555289526,0.35818150604582544,-3.2734375,3.828125,8836,8
worm,xpair-default__ankh-normalized_endpoint_unexposed,ipin-esm2,53419,3937,49482,0.07370036878264288,0.12712718111724014,0.5976007475033421,0.36129385665484376,-3.2734375,3.828125,8716,8
worm,dscript__exact_endpoint_unexposed,ipin-esm2,55000,5000,50000,0.09090909090909091,0.1359112815683476,0.555289526,0.35818150604582544,-3.2734375,3.828125,8836,8
worm,unique_pairs_without_conflicts,ipin-esmc,54960,4992,49968,0.09082969432314411,0.10269392896045987,0.5238273087724862,0.3686817213470583,-1.94140625,2.34375,6884,13
worm,common_known_endpoint_unexposed,ipin-esmc,53419,3937,49482,0.07370036878264288,0.0959469400626054,0.5774477690986828,0.37168259065472486,-1.9375,2.34375,6802,13
worm,common_human_sources_endpoint_unexposed,ipin-esmc,55000,5000,50000,0.09090909090909091,0.10276658408213246,0.523885826,0.3686594664862274,-1.94140625,2.34375,6884,13
worm,v5-ipin__exact_endpoint_unexposed,ipin-esmc,55000,5000,50000,0.09090909090909091,0.10276658408213246,0.523885826,0.3686594664862274,-1.94140625,2.34375,6884,13
worm,native-human__exact_endpoint_unexposed,ipin-esmc,55000,5000,50000,0.09090909090909091,0.10276658408213246,0.523885826,0.3686594664862274,-1.94140625,2.34375,6884,13
worm,xpair-default__ankh-normalized_endpoint_unexposed,ipin-esmc,53419,3937,49482,0.07370036878264288,0.0959469400626054,0.5774477690986828,0.37168259065472486,-1.9375,2.34375,6802,13
worm,dscript__exact_endpoint_unexposed,ipin-esmc,55000,5000,50000,0.09090909090909091,0.10276658408213246,0.523885826,0.3686594664862274,-1.94140625,2.34375,6884,13
worm,unique_pairs_without_conflicts,native-human,54960,4992,49968,0.09082969432314411,0.8908242693221186,0.9752315279856031,0.028943921053019586,-11.255032539367676,9.504017353057861,54599,0
worm,common_known_endpoint_unexposed,native-human,53419,3937,49482,0.07370036878264288,0.8436957961861666,0.969584540236135,0.028884217314661505,-11.255032539367676,9.487145900726318,53034,0
worm,common_human_sources_endpoint_unexposed,native-human,55000,5000,50000,0.09090909090909091,0.8908832296816632,0.975250198,0.02897112689160947,-11.255032539367676,9.504017353057861,54600,0
worm,v5-ipin__exact_endpoint_unexposed,native-human,55000,5000,50000,0.09090909090909091,0.8908832296816632,0.975250198,0.02897112689160947,-11.255032539367676,9.504017353057861,54600,0
worm,native-human__exact_endpoint_unexposed,native-human,55000,5000,50000,0.09090909090909091,0.8908832296816632,0.975250198,0.02897112689160947,-11.255032539367676,9.504017353057861,54600,0
worm,xpair-default__ankh-normalized_endpoint_unexposed,native-human,53419,3937,49482,0.07370036878264288,0.8436957961861666,0.969584540236135,0.028884217314661505,-11.255032539367676,9.487145900726318,53034,0
worm,dscript__exact_endpoint_unexposed,native-human,55000,5000,50000,0.09090909090909091,0.8908832296816632,0.975250198,0.02897112689160947,-11.255032539367676,9.504017353057861,54600,0
worm,unique_pairs_without_conflicts,native-plm,54960,4992,49968,0.09082969432314411,0.18559309049669512,0.6175220169754796,0.2812479287656979,-2.828125,3.5078125,8693,14
worm,common_known_endpoint_unexposed,native-plm,53419,3937,49482,0.07370036878264288,0.17420492927155798,0.6388204531996954,0.28229649366533266,-2.828125,3.5078125,8566,14
worm,common_human_sources_endpoint_unexposed,native-plm,55000,5000,50000,0.09090909090909091,0.1856029866264684,0.6175741680000001,0.2812468432766022,-2.828125,3.5078125,8693,14
worm,v5-ipin__exact_endpoint_unexposed,native-plm,55000,5000,50000,0.09090909090909091,0.1856029866264684,0.6175741680000001,0.2812468432766022,-2.828125,3.5078125,8693,14
worm,native-human__exact_endpoint_unexposed,native-plm,55000,5000,50000,0.09090909090909091,0.1856029866264684,0.6175741680000001,0.2812468432766022,-2.828125,3.5078125,8693,14
worm,xpair-default__ankh-normalized_endpoint_unexposed,native-plm,53419,3937,49482,0.07370036878264288,0.17420492927155798,0.6388204531996954,0.28229649366533266,-2.828125,3.5078125,8566,14
worm,dscript__exact_endpoint_unexposed,native-plm,55000,5000,50000,0.09090909090909091,0.1856029866264684,0.6175741680000001,0.2812468432766022,-2.828125,3.5078125,8693,14
worm,unique_pairs_without_conflicts,tuna-human,54960,4992,49968,0.09082969432314411,0.837096108027396,0.9602651586438398,0.03293868944640637,-14.662236213684082,8.339930534362793,54888,0
worm,common_known_endpoint_unexposed,tuna-human,53419,3937,49482,0.07370036878264288,0.7743902827956141,0.9518043943124789,0.032741038381403326,-14.662236213684082,7.613821983337402,53311,0
worm,common_human_sources_endpoint_unexposed,tuna-human,55000,5000,50000,0.09090909090909091,0.8368484305028039,0.960233962,0.03298886234026133,-14.662236213684082,8.339930534362793,54889,0
worm,v5-ipin__exact_endpoint_unexposed,tuna-human,55000,5000,50000,0.09090909090909091,0.8368484305028039,0.960233962,0.03298886234026133,-14.662236213684082,8.339930534362793,54889,0
worm,native-human__exact_endpoint_unexposed,tuna-human,55000,5000,50000,0.09090909090909091,0.8368484305028039,0.960233962,0.03298886234026133,-14.662236213684082,8.339930534362793,54889,0
worm,xpair-default__ankh-normalized_endpoint_unexposed,tuna-human,53419,3937,49482,0.07370036878264288,0.7743902827956141,0.9518043943124789,0.032741038381403326,-14.662236213684082,7.613821983337402,53311,0
worm,dscript__exact_endpoint_unexposed,tuna-human,55000,5000,50000,0.09090909090909091,0.8368484305028039,0.960233962,0.03298886234026133,-14.662236213684082,8.339930534362793,54889,0
worm,unique_pairs_without_conflicts,tuna,54960,4992,49968,0.09082969432314411,0.35513463718793514,0.7790328157777386,0.21400811686981583,-2.7479612827301025,2.9978902339935303,54939,0
worm,common_known_endpoint_unexposed,tuna,53419,3937,49482,0.07370036878264288,0.28555013816623476,0.7638855253661359,0.21584881102073436,-2.7479612827301025,2.9978902339935303,53361,0
worm,common_human_sources_endpoint_unexposed,tuna,55000,5000,50000,0.09090909090909091,0.3550669034526882,0.778917914,0.21400729770192514,-2.7479612827301025,2.9978902339935303,54940,0
worm,v5-ipin__exact_endpoint_unexposed,tuna,55000,5000,50000,0.09090909090909091,0.3550669034526882,0.778917914,0.21400729770192514,-2.7479612827301025,2.9978902339935303,54940,0
worm,native-human__exact_endpoint_unexposed,tuna,55000,5000,50000,0.09090909090909091,0.3550669034526882,0.778917914,0.21400729770192514,-2.7479612827301025,2.9978902339935303,54940,0
worm,xpair-default__ankh-normalized_endpoint_unexposed,tuna,53419,3937,49482,0.07370036878264288,0.28555013816623476,0.7638855253661359,0.21584881102073436,-2.7479612827301025,2.9978902339935303,53361,0
worm,dscript__exact_endpoint_unexposed,tuna,55000,5000,50000,0.09090909090909091,0.3550669034526882,0.778917914,0.21400729770192514,-2.7479612827301025,2.9978902339935303,54940,0
worm,unique_pairs_without_conflicts,xpair-bernett,54960,4992,49968,0.09082969432314411,0.23101884406115863,0.6850378372767545,0.2588822321191204,-2.642484664916992,4.32528018951416,54930,0
worm,common_known_endpoint_unexposed,xpair-bernett,53419,3937,49482,0.07370036878264288,0.18931362969102067,0.6943756981972555,0.26073431928156643,-2.642484664916992,4.32528018951416,53353,0
worm,common_human_sources_endpoint_unexposed,xpair-bernett,55000,5000,50000,0.09090909090909091,0.23099596501800607,0.6850025919999999,0.25887192413497373,-2.642484664916992,4.32528018951416,54931,0
worm,v5-ipin__exact_endpoint_unexposed,xpair-bernett,55000,5000,50000,0.09090909090909091,0.23099596501800607,0.6850025919999999,0.25887192413497373,-2.642484664916992,4.32528018951416,54931,0
worm,native-human__exact_endpoint_unexposed,xpair-bernett,55000,5000,50000,0.09090909090909091,0.23099596501800607,0.6850025919999999,0.25887192413497373,-2.642484664916992,4.32528018951416,54931,0
worm,xpair-default__ankh-normalized_endpoint_unexposed,xpair-bernett,53419,3937,49482,0.07370036878264288,0.18931362969102067,0.6943756981972555,0.26073431928156643,-2.642484664916992,4.32528018951416,53353,0
worm,dscript__exact_endpoint_unexposed,xpair-bernett,55000,5000,50000,0.09090909090909091,0.23099596501800607,0.6850025919999999,0.25887192413497373,-2.642484664916992,4.32528018951416,54931,0
worm,unique_pairs_without_conflicts,xpair-default,54960,4992,49968,0.09082969432314411,0.7955620499433063,0.9376701128786525,0.03752905625430389,-11.293227195739746,12.270195960998535,54852,0
worm,common_known_endpoint_unexposed,xpair-default,53419,3937,49482,0.07370036878264288,0.7232477643051772,0.9249845288219738,0.036481292213332364,-11.293227195739746,12.270195960998535,53273,0
worm,common_human_sources_endpoint_unexposed,xpair-default,55000,5000,50000,0.09090909090909091,0.7955059639351385,0.9376767020000001,0.037578436943925306,-11.293227195739746,12.270195960998535,54853,0
worm,v5-ipin__exact_endpoint_unexposed,xpair-default,55000,5000,50000,0.09090909090909091,0.7955059639351385,0.9376767020000001,0.037578436943925306,-11.293227195739746,12.270195960998535,54853,0
worm,native-human__exact_endpoint_unexposed,xpair-default,55000,5000,50000,0.09090909090909091,0.7955059639351385,0.9376767020000001,0.037578436943925306,-11.293227195739746,12.270195960998535,54853,0
worm,xpair-default__ankh-normalized_endpoint_unexposed,xpair-default,53419,3937,49482,0.07370036878264288,0.7232477643051772,0.9249845288219738,0.036481292213332364,-11.293227195739746,12.270195960998535,53273,0
worm,dscript__exact_endpoint_unexposed,xpair-default,55000,5000,50000,0.09090909090909091,0.7955059639351385,0.9376767020000001,0.037578436943925306,-11.293227195739746,12.270195960998535,54853,0
worm,unique_pairs_without_conflicts,rapppid,54960,4992,49968,0.09082969432314411,0.16489638054148387,0.7456971039189441,0.22910142620318363,0.04885456711053848,0.979748547077179,54853,0
worm,common_known_endpoint_unexposed,rapppid,53419,3937,49482,0.07370036878264288,0.14577272405431768,0.7559729388283805,0.23010374033144781,0.04885456711053848,0.979748547077179,53278,0
worm,common_human_sources_endpoint_unexposed,rapppid,55000,5000,50000,0.09090909090909091,0.16488605926861416,0.7454787679999999,0.22915077776215667,0.04885456711053848,0.979748547077179,54854,0
worm,v5-ipin__exact_endpoint_unexposed,rapppid,55000,5000,50000,0.09090909090909091,0.16488605926861416,0.7454787679999999,0.22915077776215667,0.04885456711053848,0.979748547077179,54854,0
worm,native-human__exact_endpoint_unexposed,rapppid,55000,5000,50000,0.09090909090909091,0.16488605926861416,0.7454787679999999,0.22915077776215667,0.04885456711053848,0.979748547077179,54854,0
worm,xpair-default__ankh-normalized_endpoint_unexposed,rapppid,53419,3937,49482,0.07370036878264288,0.14577272405431768,0.7559729388283805,0.23010374033144781,0.04885456711053848,0.979748547077179,53278,0
worm,dscript__exact_endpoint_unexposed,rapppid,55000,5000,50000,0.09090909090909091,0.16488605926861416,0.7454787679999999,0.22915077776215667,0.04885456711053848,0.979748547077179,54854,0
worm,unique_pairs_without_conflicts,sprint,54960,4992,49968,0.09082969432314411,0.37755562077633203,0.721530928432017,,0.0,277.59,51972,58
worm,common_known_endpoint_unexposed,sprint,53419,3937,49482,0.07370036878264288,0.30330936286084054,0.6980063572915635,,0.0,277.59,50501,57
worm,common_human_sources_endpoint_unexposed,sprint,55000,5000,50000,0.09090909090909091,0.3783121565134194,0.7217059360000001,,0.0,277.59,51973,58
worm,v5-ipin__exact_endpoint_unexposed,sprint,55000,5000,50000,0.09090909090909091,0.3783121565134194,0.7217059360000001,,0.0,277.59,51973,58
worm,native-human__exact_endpoint_unexposed,sprint,55000,5000,50000,0.09090909090909091,0.3783121565134194,0.7217059360000001,,0.0,277.59,51973,58
worm,xpair-default__ankh-normalized_endpoint_unexposed,sprint,53419,3937,49482,0.07370036878264288,0.30330936286084054,0.6980063572915635,,0.0,277.59,50501,57
worm,dscript__exact_endpoint_unexposed,sprint,55000,5000,50000,0.09090909090909091,0.3783121565134194,0.7217059360000001,,0.0,277.59,51973,58
worm,unique_pairs_without_conflicts,dscript,54960,4992,49968,0.09082969432314411,0.5486144597519209,0.8132789259966122,0.06278749038960793,0.0041716028936207294,0.9929861426353455,22418,0
worm,common_known_endpoint_unexposed,dscript,53419,3937,49482,0.07370036878264288,0.44079516428163557,0.778636473201971,0.0574400046305391,0.0041716028936207294,0.9929861426353455,21214,0
worm,common_human_sources_endpoint_unexposed,dscript,55000,5000,50000,0.09090909090909091,0.5482272922280689,0.8130340300000001,0.06288497331626391,0.0041716028936207294,0.9929861426353455,22419,0
worm,v5-ipin__exact_endpoint_unexposed,dscript,55000,5000,50000,0.09090909090909091,0.5482272922280689,0.8130340300000001,0.06288497331626391,0.0041716028936207294,0.9929861426353455,22419,0
worm,native-human__exact_endpoint_unexposed,dscript,55000,5000,50000,0.09090909090909091,0.5482272922280689,0.8130340300000001,0.06288497331626391,0.0041716028936207294,0.9929861426353455,22419,0
worm,xpair-default__ankh-normalized_endpoint_unexposed,dscript,53419,3937,49482,0.07370036878264288,0.44079516428163557,0.778636473201971,0.0574400046305391,0.0041716028936207294,0.9929861426353455,21214,0
worm,dscript__exact_endpoint_unexposed,dscript,55000,5000,50000,0.09090909090909091,0.5482272922280689,0.8130340300000001,0.06288497331626391,0.0041716028936207294,0.9929861426353455,22419,0
yeast,unique_pairs_without_conflicts,ipin-esm2,54940,4980,49960,0.09064433927921368,0.13629351979457974,0.5681528174346706,0.30844825990787905,-3.34375,3.828125,9385,18
yeast,common_known_endpoint_unexposed,ipin-esm2,8104,21,8083,0.0025913129318854886,0.0035859081457370124,0.526454699162852,0.41720030254930685,-2.796875,3.8046875,3455,3
yeast,common_human_sources_endpoint_unexposed,ipin-esm2,55000,5000,50000,0.09090909090909091,0.13664177118869217,0.568010722,0.30842399133327186,-3.34375,3.828125,9385,18
yeast,v5-ipin__exact_endpoint_unexposed,ipin-esm2,55000,5000,50000,0.09090909090909091,0.13664177118869217,0.568010722,0.30842399133327186,-3.34375,3.828125,9385,18
yeast,native-human__exact_endpoint_unexposed,ipin-esm2,55000,5000,50000,0.09090909090909091,0.13664177118869217,0.568010722,0.30842399133327186,-3.34375,3.828125,9385,18
yeast,xpair-default__ankh-normalized_endpoint_unexposed,ipin-esm2,8104,21,8083,0.0025913129318854886,0.0035859081457370124,0.526454699162852,0.41720030254930685,-2.796875,3.8046875,3455,3
yeast,dscript__exact_endpoint_unexposed,ipin-esm2,55000,5000,50000,0.09090909090909091,0.13664177118869217,0.568010722,0.30842399133327186,-3.34375,3.828125,9385,18
yeast,unique_pairs_without_conflicts,ipin-esmc,54940,4980,49960,0.09064433927921368,0.11639329037056721,0.5184918919071,0.33443852282090775,-1.9609375,2.3359375,6909,13
yeast,common_known_endpoint_unexposed,ipin-esmc,8104,21,8083,0.0025913129318854886,0.008098221080975682,0.48505682119439386,0.4170842404686194,-1.65625,2.328125,2532,1
yeast,common_human_sources_endpoint_unexposed,ipin-esmc,55000,5000,50000,0.09090909090909091,0.11652308455342869,0.517971628,0.33441654826904904,-1.9609375,2.3359375,6911,13
yeast,v5-ipin__exact_endpoint_unexposed,ipin-esmc,55000,5000,50000,0.09090909090909091,0.11652308455342869,0.517971628,0.33441654826904904,-1.9609375,2.3359375,6911,13
yeast,native-human__exact_endpoint_unexposed,ipin-esmc,55000,5000,50000,0.09090909090909091,0.11652308455342869,0.517971628,0.33441654826904904,-1.9609375,2.3359375,6911,13
yeast,xpair-default__ankh-normalized_endpoint_unexposed,ipin-esmc,8104,21,8083,0.0025913129318854886,0.008098221080975682,0.48505682119439386,0.4170842404686194,-1.65625,2.328125,2532,1
yeast,dscript__exact_endpoint_unexposed,ipin-esmc,55000,5000,50000,0.09090909090909091,0.11652308455342869,0.517971628,0.33441654826904904,-1.9609375,2.3359375,6911,13
yeast,unique_pairs_without_conflicts,native-human,54940,4980,49960,0.09064433927921368,0.714154720891144,0.9142995561107522,0.05842367583931199,-11.247010231018066,9.522801399230957,54618,0
yeast,common_known_endpoint_unexposed,native-human,8104,21,8083,0.0025913129318854886,0.10868018956411851,0.7036637740584295,0.005062479552782688,-11.227108478546143,9.205686569213867,8087,0
yeast,common_human_sources_endpoint_unexposed,native-human,55000,5000,50000,0.09090909090909091,0.7147095360032375,0.9143984339999999,0.058528365452916675,-11.247010231018066,9.522801399230957,54623,0
yeast,v5-ipin__exact_endpoint_unexposed,native-human,55000,5000,50000,0.09090909090909091,0.7147095360032375,0.9143984339999999,0.058528365452916675,-11.247010231018066,9.522801399230957,54623,0
yeast,native-human__exact_endpoint_unexposed,native-human,55000,5000,50000,0.09090909090909091,0.7147095360032375,0.9143984339999999,0.058528365452916675,-11.247010231018066,9.522801399230957,54623,0
yeast,xpair-default__ankh-normalized_endpoint_unexposed,native-human,8104,21,8083,0.0025913129318854886,0.10868018956411851,0.7036637740584295,0.005062479552782688,-11.227108478546143,9.205686569213867,8087,0
yeast,dscript__exact_endpoint_unexposed,native-human,55000,5000,50000,0.09090909090909091,0.7147095360032375,0.9143984339999999,0.058528365452916675,-11.247010231018066,9.522801399230957,54623,0
yeast,unique_pairs_without_conflicts,native-plm,54940,4980,49960,0.09064433927921368,0.19696028007781516,0.6198197252581181,0.2669246063007355,-2.7890625,3.484375,9318,14
yeast,common_known_endpoint_unexposed,native-plm,8104,21,8083,0.0025913129318854886,0.0034645449030351787,0.5680352061646136,0.33276290868608577,-2.546875,3.171875,3936,3
yeast,common_human_sources_endpoint_unexposed,native-plm,55000,5000,50000,0.09090909090909091,0.19738019910966093,0.619594402,0.26696355761759966,-2.7890625,3.484375,9319,14
yeast,v5-ipin__exact_endpoint_unexposed,native-plm,55000,5000,50000,0.09090909090909091,0.19738019910966093,0.619594402,0.26696355761759966,-2.7890625,3.484375,9319,14
yeast,native-human__exact_endpoint_unexposed,native-plm,55000,5000,50000,0.09090909090909091,0.19738019910966093,0.619594402,0.26696355761759966,-2.7890625,3.484375,9319,14
yeast,xpair-default__ankh-normalized_endpoint_unexposed,native-plm,8104,21,8083,0.0025913129318854886,0.0034645449030351787,0.5680352061646136,0.33276290868608577,-2.546875,3.171875,3936,3
yeast,dscript__exact_endpoint_unexposed,native-plm,55000,5000,50000,0.09090909090909091,0.19738019910966093,0.619594402,0.26696355761759966,-2.7890625,3.484375,9319,14
yeast,unique_pairs_without_conflicts,tuna-human,54940,4980,49960,0.09064433927921368,0.6434595847256825,0.8991785516766828,0.06325887236309226,-12.671257972717285,8.67768669128418,54895,0
yeast,common_known_endpoint_unexposed,tuna-human,8104,21,8083,0.0025913129318854886,0.04353487983841073,0.7082000435953175,0.012169858220322169,-12.517450332641602,3.559591054916382,8098,0
yeast,common_human_sources_endpoint_unexposed,tuna-human,55000,5000,50000,0.09090909090909091,0.6441457509269812,0.8992044579999999,0.06332908930771716,-12.671257972717285,8.67768669128418,54900,0
yeast,v5-ipin__exact_endpoint_unexposed,tuna-human,55000,5000,50000,0.09090909090909091,0.6441457509269812,0.8992044579999999,0.06332908930771716,-12.671257972717285,8.67768669128418,54900,0
yeast,native-human__exact_endpoint_unexposed,tuna-human,55000,5000,50000,0.09090909090909091,0.6441457509269812,0.8992044579999999,0.06332908930771716,-12.671257972717285,8.67768669128418,54900,0
yeast,xpair-default__ankh-normalized_endpoint_unexposed,tuna-human,8104,21,8083,0.0025913129318854886,0.04353487983841073,0.7082000435953175,0.012169858220322169,-12.517450332641602,3.559591054916382,8098,0
yeast,dscript__exact_endpoint_unexposed,tuna-human,55000,5000,50000,0.09090909090909091,0.6441457509269812,0.8992044579999999,0.06332908930771716,-12.671257972717285,8.67768669128418,54900,0
yeast,unique_pairs_without_conflicts,tuna,54940,4980,49960,0.09064433927921368,0.3519195731369502,0.7655550363985968,0.21711118380922617,-2.8397042751312256,2.7882134914398193,54925,0
yeast,common_known_endpoint_unexposed,tuna,8104,21,8083,0.0025913129318854886,0.010891392568255548,0.6497587529382656,0.2422294373290459,-2.190476179122925,2.3795576095581055,8099,0
yeast,common_human_sources_endpoint_unexposed,tuna,55000,5000,50000,0.09090909090909091,0.35267425120290896,0.765634696,0.21709864170787752,-2.8397042751312256,2.7882134914398193,54930,0
yeast,v5-ipin__exact_endpoint_unexposed,tuna,55000,5000,50000,0.09090909090909091,0.35267425120290896,0.765634696,0.21709864170787752,-2.8397042751312256,2.7882134914398193,54930,0
yeast,native-human__exact_endpoint_unexposed,tuna,55000,5000,50000,0.09090909090909091,0.35267425120290896,0.765634696,0.21709864170787752,-2.8397042751312256,2.7882134914398193,54930,0
yeast,xpair-default__ankh-normalized_endpoint_unexposed,tuna,8104,21,8083,0.0025913129318854886,0.010891392568255548,0.6497587529382656,0.2422294373290459,-2.190476179122925,2.3795576095581055,8099,0
yeast,dscript__exact_endpoint_unexposed,tuna,55000,5000,50000,0.09090909090909091,0.35267425120290896,0.765634696,0.21709864170787752,-2.8397042751312256,2.7882134914398193,54930,0
yeast,unique_pairs_without_conflicts,xpair-bernett,54940,4980,49960,0.09064433927921368,0.26379167451058005,0.6973810212828898,0.23237005790683682,-2.7304458618164062,4.407217502593994,54915,0
yeast,common_known_endpoint_unexposed,xpair-bernett,8104,21,8083,0.0025913129318854886,0.004138788918181721,0.5109076662955173,0.2757863783049096,-2.411071300506592,4.033133506774902,8099,0
yeast,common_human_sources_endpoint_unexposed,xpair-bernett,55000,5000,50000,0.09090909090909091,0.26441138907126593,0.6975801500000001,0.2323772246106168,-2.7304458618164062,4.407217502593994,54920,0
yeast,v5-ipin__exact_endpoint_unexposed,xpair-bernett,55000,5000,50000,0.09090909090909091,0.26441138907126593,0.6975801500000001,0.2323772246106168,-2.7304458618164062,4.407217502593994,54920,0
yeast,native-human__exact_endpoint_unexposed,xpair-bernett,55000,5000,50000,0.09090909090909091,0.26441138907126593,0.6975801500000001,0.2323772246106168,-2.7304458618164062,4.407217502593994,54920,0
yeast,xpair-default__ankh-normalized_endpoint_unexposed,xpair-bernett,8104,21,8083,0.0025913129318854886,0.004138788918181721,0.5109076662955173,0.2757863783049096,-2.411071300506592,4.033133506774902,8099,0
yeast,dscript__exact_endpoint_unexposed,xpair-bernett,55000,5000,50000,0.09090909090909091,0.26441138907126593,0.6975801500000001,0.2323772246106168,-2.7304458618164062,4.407217502593994,54920,0
yeast,unique_pairs_without_conflicts,xpair-default,54940,4980,49960,0.09064433927921368,0.7345866488238394,0.8897584754550628,0.03978860190937673,-12.099468231201172,10.352972030639648,54834,0
yeast,common_known_endpoint_unexposed,xpair-default,8104,21,8083,0.0025913129318854886,0.00347367817524736,0.5768838773911148,0.018238013838221896,-10.480956077575684,5.399039268493652,8096,0
yeast,common_human_sources_endpoint_unexposed,xpair-default,55000,5000,50000,0.09090909090909091,0.7339322135798869,0.889885996,0.0399112667572792,-12.099468231201172,10.352972030639648,54839,0
yeast,v5-ipin__exact_endpoint_unexposed,xpair-default,55000,5000,50000,0.09090909090909091,0.7339322135798869,0.889885996,0.0399112667572792,-12.099468231201172,10.352972030639648,54839,0
yeast,native-human__exact_endpoint_unexposed,xpair-default,55000,5000,50000,0.09090909090909091,0.7339322135798869,0.889885996,0.0399112667572792,-12.099468231201172,10.352972030639648,54839,0
yeast,xpair-default__ankh-normalized_endpoint_unexposed,xpair-default,8104,21,8083,0.0025913129318854886,0.00347367817524736,0.5768838773911148,0.018238013838221896,-10.480956077575684,5.399039268493652,8096,0
yeast,dscript__exact_endpoint_unexposed,xpair-default,55000,5000,50000,0.09090909090909091,0.7339322135798869,0.889885996,0.0399112667572792,-12.099468231201172,10.352972030639648,54839,0
yeast,unique_pairs_without_conflicts,rapppid,54940,4980,49960,0.09064433927921368,0.13018616121886195,0.6679667087083321,0.2804001425140826,0.04117434471845627,0.9735557436943054,54802,0
yeast,common_known_endpoint_unexposed,rapppid,8104,21,8083,0.0025913129318854886,0.00489823928239112,0.6583541000217977,0.21162344438917,0.04826360568404198,0.9709710478782654,8096,0
yeast,common_human_sources_endpoint_unexposed,rapppid,55000,5000,50000,0.09090909090909091,0.1304835121614627,0.667779772,0.2803884247044827,0.04117434471845627,0.9735557436943054,54807,0
yeast,v5-ipin__exact_endpoint_unexposed,rapppid,55000,5000,50000,0.09090909090909091,0.1304835121614627,0.667779772,0.2803884247044827,0.04117434471845627,0.9735557436943054,54807,0
yeast,native-human__exact_endpoint_unexposed,rapppid,55000,5000,50000,0.09090909090909091,0.1304835121614627,0.667779772,0.2803884247044827,0.04117434471845627,0.9735557436943054,54807,0
yeast,xpair-default__ankh-normalized_endpoint_unexposed,rapppid,8104,21,8083,0.0025913129318854886,0.00489823928239112,0.6583541000217977,0.21162344438917,0.04826360568404198,0.9709710478782654,8096,0
yeast,dscript__exact_endpoint_unexposed,rapppid,55000,5000,50000,0.09090909090909091,0.1304835121614627,0.667779772,0.2803884247044827,0.04117434471845627,0.9735557436943054,54807,0
yeast,unique_pairs_without_conflicts,sprint,54940,4980,49960,0.09064433927921368,0.2578423167815723,0.672365707827306,,0.0,175.035,51763,40
yeast,common_known_endpoint_unexposed,sprint,8104,21,8083,0.0025913129318854886,0.005872887455880204,0.6899636509311134,,0.0,9.21108,8024,3
yeast,common_human_sources_endpoint_unexposed,sprint,55000,5000,50000,0.09090909090909091,0.25957565782841774,0.672649894,,0.0,175.035,51768,40
yeast,v5-ipin__exact_endpoint_unexposed,sprint,55000,5000,50000,0.09090909090909091,0.25957565782841774,0.672649894,,0.0,175.035,51768,40
yeast,native-human__exact_endpoint_unexposed,sprint,55000,5000,50000,0.09090909090909091,0.25957565782841774,0.672649894,,0.0,175.035,51768,40
yeast,xpair-default__ankh-normalized_endpoint_unexposed,sprint,8104,21,8083,0.0025913129318854886,0.005872887455880204,0.6899636509311134,,0.0,9.21108,8024,3
yeast,dscript__exact_endpoint_unexposed,sprint,55000,5000,50000,0.09090909090909091,0.25957565782841774,0.672649894,,0.0,175.035,51768,40
yeast,unique_pairs_without_conflicts,dscript,54940,4980,49960,0.09064433927921368,0.403326028177631,0.7884536846344545,0.07296936981626975,0.004171581473201513,0.9915598034858704,22496,0
yeast,common_known_endpoint_unexposed,dscript,8104,21,8083,0.0025913129318854886,0.050842617669377616,0.8702096699127505,0.0038533582208289483,0.004171581473201513,0.9619678854942322,4587,0
yeast,common_human_sources_endpoint_unexposed,dscript,55000,5000,50000,0.09090909090909091,0.4048090455221949,0.7889609120000001,0.07309924166060373,0.004171581473201513,0.9915598034858704,22500,0
yeast,v5-ipin__exact_endpoint_unexposed,dscript,55000,5000,50000,0.09090909090909091,0.4048090455221949,0.7889609120000001,0.07309924166060373,0.004171581473201513,0.9915598034858704,22500,0
yeast,native-human__exact_endpoint_unexposed,dscript,55000,5000,50000,0.09090909090909091,0.4048090455221949,0.7889609120000001,0.07309924166060373,0.004171581473201513,0.9915598034858704,22500,0
yeast,xpair-default__ankh-normalized_endpoint_unexposed,dscript,8104,21,8083,0.0025913129318854886,0.050842617669377616,0.8702096699127505,0.0038533582208289483,0.004171581473201513,0.9619678854942322,4587,0
yeast,dscript__exact_endpoint_unexposed,dscript,55000,5000,50000,0.09090909090909091,0.4048090455221949,0.7889609120000001,0.07309924166060373,0.004171581473201513,0.9915598034858704,22500,0
ecoli,unique_pairs_without_conflicts,ipin-esm2,18228,1999,16229,0.10966644722405092,0.0967806882318889,0.37527760121357123,0.32392507336871357,-3.1171875,3.8125,6142,11
ecoli,common_known_endpoint_unexposed,ipin-esm2,19704,889,18815,0.04511774259033699,0.05583843403921018,0.4861771430843268,0.32638020582900895,-2.953125,3.8125,5637,13
ecoli,common_human_sources_endpoint_unexposed,ipin-esm2,22000,2000,20000,0.09090909090909091,0.08069036805938111,0.3757119375,0.32425550848136275,-3.1171875,3.8125,6142,14
ecoli,v5-ipin__exact_endpoint_unexposed,ipin-esm2,22000,2000,20000,0.09090909090909091,0.08069036805938111,0.3757119375,0.32425550848136275,-3.1171875,3.8125,6142,14
ecoli,native-human__exact_endpoint_unexposed,ipin-esm2,22000,2000,20000,0.09090909090909091,0.08069036805938111,0.3757119375,0.32425550848136275,-3.1171875,3.8125,6142,14
ecoli,xpair-default__ankh-normalized_endpoint_unexposed,ipin-esm2,19704,889,18815,0.04511774259033699,0.05583843403921018,0.4861771430843268,0.32638020582900895,-2.953125,3.8125,5637,13
ecoli,dscript__exact_endpoint_unexposed,ipin-esm2,22000,2000,20000,0.09090909090909091,0.08069036805938111,0.3757119375,0.32425550848136275,-3.1171875,3.8125,6142,14
ecoli,unique_pairs_without_conflicts,ipin-esmc,18228,1999,16229,0.10966644722405092,0.07960258627156969,0.27567994053099015,0.3039897259999543,-1.79296875,2.3359375,5366,5
ecoli,common_known_endpoint_unexposed,ipin-esmc,19704,889,18815,0.04511774259033699,0.053355163964653424,0.472275608785681,0.30194592932783365,-1.79296875,2.3359375,5090,7
ecoli,common_human_sources_endpoint_unexposed,ipin-esmc,22000,2000,20000,0.09090909090909091,0.06630287022278158,0.2748716,0.3037956016623588,-1.79296875,2.3359375,5366,7
ecoli,v5-ipin__exact_endpoint_unexposed,ipin-esmc,22000,2000,20000,0.09090909090909091,0.06630287022278158,0.2748716,0.3037956016623588,-1.79296875,2.3359375,5366,7
ecoli,native-human__exact_endpoint_unexposed,ipin-esmc,22000,2000,20000,0.09090909090909091,0.06630287022278158,0.2748716,0.3037956016623588,-1.79296875,2.3359375,5366,7
ecoli,xpair-default__ankh-normalized_endpoint_unexposed,ipin-esmc,19704,889,18815,0.04511774259033699,0.053355163964653424,0.472275608785681,0.30194592932783365,-1.79296875,2.3359375,5090,7
ecoli,dscript__exact_endpoint_unexposed,ipin-esmc,22000,2000,20000,0.09090909090909091,0.06630287022278158,0.2748716,0.3037956016623588,-1.79296875,2.3359375,5366,7
ecoli,unique_pairs_without_conflicts,native-human,18228,1999,16229,0.10966644722405092,0.7545479813969208,0.907202877426143,0.2528387174791103,-11.246706485748291,9.505672931671143,18221,0
ecoli,common_known_endpoint_unexposed,native-human,19704,889,18815,0.04511774259033699,0.298934236183315,0.8171047380703773,0.267554411915667,-11.246706485748291,9.481043815612793,16138,0
ecoli,common_human_sources_endpoint_unexposed,native-human,22000,2000,20000,0.09090909090909091,0.7328962829098185,0.9066258125,0.2580908324604111,-11.246706485748291,9.505672931671143,18222,0
ecoli,v5-ipin__exact_endpoint_unexposed,native-human,22000,2000,20000,0.09090909090909091,0.7328962829098185,0.9066258125,0.2580908324604111,-11.246706485748291,9.505672931671143,18222,0
ecoli,native-human__exact_endpoint_unexposed,native-human,22000,2000,20000,0.09090909090909091,0.7328962829098185,0.9066258125,0.2580908324604111,-11.246706485748291,9.505672931671143,18222,0
ecoli,xpair-default__ankh-normalized_endpoint_unexposed,native-human,19704,889,18815,0.04511774259033699,0.298934236183315,0.8171047380703773,0.267554411915667,-11.246706485748291,9.481043815612793,16138,0
ecoli,dscript__exact_endpoint_unexposed,native-human,22000,2000,20000,0.09090909090909091,0.7328962829098185,0.9066258125,0.2580908324604111,-11.246706485748291,9.505672931671143,18222,0
ecoli,unique_pairs_without_conflicts,native-plm,18228,1999,16229,0.10966644722405092,0.17934507363252766,0.4821854053528705,0.2518295603614291,-2.421875,2.5234375,6442,16
ecoli,common_known_endpoint_unexposed,native-plm,19704,889,18815,0.04511774259033699,0.07264408156667809,0.5481278997712318,0.2469755270998408,-2.421875,2.40625,6023,16
ecoli,common_human_sources_endpoint_unexposed,native-plm,22000,2000,20000,0.09090909090909091,0.1572177151327937,0.4838996,0.24972621469053172,-2.421875,2.5234375,6443,19
ecoli,v5-ipin__exact_endpoint_unexposed,native-plm,22000,2000,20000,0.09090909090909091,0.1572177151327937,0.4838996,0.24972621469053172,-2.421875,2.5234375,6443,19
ecoli,native-human__exact_endpoint_unexposed,native-plm,22000,2000,20000,0.09090909090909091,0.1572177151327937,0.4838996,0.24972621469053172,-2.421875,2.5234375,6443,19
ecoli,xpair-default__ankh-normalized_endpoint_unexposed,native-plm,19704,889,18815,0.04511774259033699,0.07264408156667809,0.5481278997712318,0.2469755270998408,-2.421875,2.40625,6023,16
ecoli,dscript__exact_endpoint_unexposed,native-plm,22000,2000,20000,0.09090909090909091,0.1572177151327937,0.4838996,0.24972621469053172,-2.421875,2.5234375,6443,19
ecoli,unique_pairs_without_conflicts,tuna-human,18228,1999,16229,0.10966644722405092,0.6963120161232766,0.8770016593730348,0.06731296444300176,-10.674373626708984,7.240675926208496,18218,0
ecoli,common_known_endpoint_unexposed,tuna-human,19704,889,18815,0.04511774259033699,0.294176125499873,0.7761924989246128,0.059665694010334946,-10.674373626708984,5.60330057144165,16134,0
ecoli,common_human_sources_endpoint_unexposed,tuna-human,22000,2000,20000,0.09090909090909091,0.6730014709038996,0.8774775625,0.06285222938285347,-10.674373626708984,7.240675926208496,18219,0
ecoli,v5-ipin__exact_endpoint_unexposed,tuna-human,22000,2000,20000,0.09090909090909091,0.6730014709038996,0.8774775625,0.06285222938285347,-10.674373626708984,7.240675926208496,18219,0
ecoli,native-human__exact_endpoint_unexposed,tuna-human,22000,2000,20000,0.09090909090909091,0.6730014709038996,0.8774775625,0.06285222938285347,-10.674373626708984,7.240675926208496,18219,0
ecoli,xpair-default__ankh-normalized_endpoint_unexposed,tuna-human,19704,889,18815,0.04511774259033699,0.294176125499873,0.7761924989246128,0.059665694010334946,-10.674373626708984,5.60330057144165,16134,0
ecoli,dscript__exact_endpoint_unexposed,tuna-human,22000,2000,20000,0.09090909090909091,0.6730014709038996,0.8774775625,0.06285222938285347,-10.674373626708984,7.240675926208496,18219,0
ecoli,unique_pairs_without_conflicts,tuna,18228,1999,16229,0.10966644722405092,0.2485014986659722,0.7408725312807368,0.2634111768660281,-2.230754852294922,2.4863874912261963,18227,0
ecoli,common_known_endpoint_unexposed,tuna,19704,889,18815,0.04511774259033699,0.11634813662156446,0.7190696698389714,0.2720669626698765,-2.230754852294922,2.4863874912261963,16141,0
ecoli,common_human_sources_endpoint_unexposed,tuna,22000,2000,20000,0.09090909090909091,0.21388118586396118,0.7412282124999999,0.2655002645181552,-2.230754852294922,2.4863874912261963,18228,0
ecoli,v5-ipin__exact_endpoint_unexposed,tuna,22000,2000,20000,0.09090909090909091,0.21388118586396118,0.7412282124999999,0.2655002645181552,-2.230754852294922,2.4863874912261963,18228,0
ecoli,native-human__exact_endpoint_unexposed,tuna,22000,2000,20000,0.09090909090909091,0.21388118586396118,0.7412282124999999,0.2655002645181552,-2.230754852294922,2.4863874912261963,18228,0
ecoli,xpair-default__ankh-normalized_endpoint_unexposed,tuna,19704,889,18815,0.04511774259033699,0.11634813662156446,0.7190696698389714,0.2720669626698765,-2.230754852294922,2.4863874912261963,16141,0
ecoli,dscript__exact_endpoint_unexposed,tuna,22000,2000,20000,0.09090909090909091,0.21388118586396118,0.7412282124999999,0.2655002645181552,-2.230754852294922,2.4863874912261963,18228,0
ecoli,unique_pairs_without_conflicts,xpair-bernett,18228,1999,16229,0.10966644722405092,0.2836023626375737,0.6445068458192372,0.3105544774799268,-2.5855793952941895,4.00686502456665,18224,0
ecoli,common_known_endpoint_unexposed,xpair-bernett,19704,889,18815,0.04511774259033699,0.11300420178283029,0.6478498385947837,0.32227158707578235,-2.53643798828125,3.743697166442871,16139,0
ecoli,common_human_sources_endpoint_unexposed,xpair-bernett,22000,2000,20000,0.09090909090909091,0.25419125226032485,0.644734425,0.313355268669105,-2.5855793952941895,4.00686502456665,18225,0
ecoli,v5-ipin__exact_endpoint_unexposed,xpair-bernett,22000,2000,20000,0.09090909090909091,0.25419125226032485,0.644734425,0.313355268669105,-2.5855793952941895,4.00686502456665,18225,0
ecoli,native-human__exact_endpoint_unexposed,xpair-bernett,22000,2000,20000,0.09090909090909091,0.25419125226032485,0.644734425,0.313355268669105,-2.5855793952941895,4.00686502456665,18225,0
ecoli,xpair-default__ankh-normalized_endpoint_unexposed,xpair-bernett,19704,889,18815,0.04511774259033699,0.11300420178283029,0.6478498385947837,0.32227158707578235,-2.53643798828125,3.743697166442871,16139,0
ecoli,dscript__exact_endpoint_unexposed,xpair-bernett,22000,2000,20000,0.09090909090909091,0.25419125226032485,0.644734425,0.313355268669105,-2.5855793952941895,4.00686502456665,18225,0
ecoli,unique_pairs_without_conflicts,xpair-default,18228,1999,16229,0.10966644722405092,0.7272911656560826,0.8781045738840829,0.05111040715757239,-11.693541526794434,8.511100769042969,18213,0
ecoli,common_known_endpoint_unexposed,xpair-default,19704,889,18815,0.04511774259033699,0.29875960065686025,0.7623412440173652,0.04111585249209625,-11.693541526794434,6.682676315307617,16127,0
ecoli,common_human_sources_endpoint_unexposed,xpair-default,22000,2000,20000,0.09090909090909091,0.7073287754019622,0.877945725,0.04456681695270712,-11.693541526794434,8.511100769042969,18214,0
ecoli,v5-ipin__exact_endpoint_unexposed,xpair-default,22000,2000,20000,0.09090909090909091,0.7073287754019622,0.877945725,0.04456681695270712,-11.693541526794434,8.511100769042969,18214,0
ecoli,native-human__exact_endpoint_unexposed,xpair-default,22000,2000,20000,0.09090909090909091,0.7073287754019622,0.877945725,0.04456681695270712,-11.693541526794434,8.511100769042969,18214,0
ecoli,xpair-default__ankh-normalized_endpoint_unexposed,xpair-default,19704,889,18815,0.04511774259033699,0.29875960065686025,0.7623412440173652,0.04111585249209625,-11.693541526794434,6.682676315307617,16127,0
ecoli,dscript__exact_endpoint_unexposed,xpair-default,22000,2000,20000,0.09090909090909091,0.7073287754019622,0.877945725,0.04456681695270712,-11.693541526794434,8.511100769042969,18214,0
ecoli,unique_pairs_without_conflicts,rapppid,18228,1999,16229,0.10966644722405092,0.12419128902161666,0.5935064087592505,0.25444910758774364,0.042383965104818344,0.9826458692550659,18213,0
ecoli,common_known_endpoint_unexposed,rapppid,19704,889,18815,0.04511774259033699,0.05475443903274213,0.5654371930588135,0.2573009464894568,0.042383965104818344,0.9826458692550659,16127,0
ecoli,common_human_sources_endpoint_unexposed,rapppid,22000,2000,20000,0.09090909090909091,0.10328000450790785,0.5935264625,0.25450643884866103,0.042383965104818344,0.9826458692550659,18214,0
ecoli,v5-ipin__exact_endpoint_unexposed,rapppid,22000,2000,20000,0.09090909090909091,0.10328000450790785,0.5935264625,0.25450643884866103,0.042383965104818344,0.9826458692550659,18214,0
ecoli,native-human__exact_endpoint_unexposed,rapppid,22000,2000,20000,0.09090909090909091,0.10328000450790785,0.5935264625,0.25450643884866103,0.042383965104818344,0.9826458692550659,18214,0
ecoli,xpair-default__ankh-normalized_endpoint_unexposed,rapppid,19704,889,18815,0.04511774259033699,0.05475443903274213,0.5654371930588135,0.2573009464894568,0.042383965104818344,0.9826458692550659,16127,0
ecoli,dscript__exact_endpoint_unexposed,rapppid,22000,2000,20000,0.09090909090909091,0.10328000450790785,0.5935264625,0.25450643884866103,0.042383965104818344,0.9826458692550659,18214,0
ecoli,unique_pairs_without_conflicts,sprint,18228,1999,16229,0.10966644722405092,0.15768737541182373,0.5313770478189985,,0.0,80.8982,17805,6
ecoli,common_known_endpoint_unexposed,sprint,19704,889,18815,0.04511774259033699,0.07940544251957855,0.5727982514011419,,0.0,65.9459,15804,6
ecoli,common_human_sources_endpoint_unexposed,sprint,22000,2000,20000,0.09090909090909091,0.13453642040764102,0.5306301375,,0.0,80.8982,17806,6
ecoli,v5-ipin__exact_endpoint_unexposed,sprint,22000,2000,20000,0.09090909090909091,0.13453642040764102,0.5306301375,,0.0,80.8982,17806,6
ecoli,native-human__exact_endpoint_unexposed,sprint,22000,2000,20000,0.09090909090909091,0.13453642040764102,0.5306301375,,0.0,80.8982,17806,6
ecoli,xpair-default__ankh-normalized_endpoint_unexposed,sprint,19704,889,18815,0.04511774259033699,0.07940544251957855,0.5727982514011419,,0.0,65.9459,15804,6
ecoli,dscript__exact_endpoint_unexposed,sprint,22000,2000,20000,0.09090909090909091,0.13453642040764102,0.5306301375,,0.0,80.8982,17806,6
ecoli,unique_pairs_without_conflicts,dscript,18228,1999,16229,0.10966644722405092,0.5740291598815351,0.8600540642494517,0.06977754020287713,0.004171587526798248,0.991572380065918,14448,0
ecoli,common_known_endpoint_unexposed,dscript,19704,889,18815,0.04511774259033699,0.21758901758402782,0.7619745213219593,0.04325732936750551,0.004171587526798248,0.991572380065918,12672,0
ecoli,common_human_sources_endpoint_unexposed,dscript,22000,2000,20000,0.09090909090909091,0.5349686551606798,0.8603347000000001,0.05938200534967479,0.004171587526798248,0.991572380065918,14449,0
ecoli,v5-ipin__exact_endpoint_unexposed,dscript,22000,2000,20000,0.09090909090909091,0.5349686551606798,0.8603347000000001,0.05938200534967479,0.004171587526798248,0.991572380065918,14449,0
ecoli,native-human__exact_endpoint_unexposed,dscript,22000,2000,20000,0.09090909090909091,0.5349686551606798,0.8603347000000001,0.05938200534967479,0.004171587526798248,0.991572380065918,14449,0
ecoli,xpair-default__ankh-normalized_endpoint_unexposed,dscript,19704,889,18815,0.04511774259033699,0.21758901758402782,0.7619745213219593,0.04325732936750551,0.004171587526798248,0.991572380065918,12672,0
ecoli,dscript__exact_endpoint_unexposed,dscript,22000,2000,20000,0.09090909090909091,0.5349686551606798,0.8603347000000001,0.05938200534967479,0.004171587526798248,0.991572380065918,14449,0
